parameter	environmental	human
AMPHORA2	0.481685106521252	0.700892560801689
rRNA_LSU	0.13211572831416	0.530267135901026
rRNA_SSU	0.076231996313743	0.247254267758797
