chr	start	end	H3K36me3	H3K4me3
1	10000	20000	0	0
1	20000	30000	0	0
1	30000	40000	0	0
1	40000	50000	0	0
1	50000	60000	0	0
1	60000	70000	0	0
1	70000	80000	0	0
1	80000	90000	0	0
1	90000	100000	0	0
1	100000	110000	0	0
1	110000	120000	0	0
1	120000	130000	0	0
1	130000	140000	0	0
1	140000	150000	0	0
1	150000	160000	0	0
1	160000	170000	0	0
1	170000	180000	0	0
1	180000	190000	0	0
1	190000	200000	0	0
1	200000	210000	0	0
1	210000	220000	0	0
1	220000	230000	0	0
1	230000	240000	0	0
1	240000	250000	0	0
1	250000	260000	0	0
1	260000	270000	0	0
1	270000	280000	0	0
1	280000	290000	0	0
1	290000	300000	0	0
1	300000	310000	0	0
1	310000	320000	0	0
1	320000	330000	0	0
1	330000	340000	0	0
1	340000	350000	0	0
1	350000	360000	0	0
1	360000	370000	0	0
1	370000	380000	0	0
1	380000	390000	0	0
1	390000	400000	0	0
1	400000	410000	0	0
1	410000	420000	0	0
1	420000	430000	0	0
1	430000	440000	0	0
1	440000	450000	0	0
1	450000	460000	0	0
1	460000	470000	0	0
1	470000	480000	0	0
1	480000	490000	0	0
1	490000	500000	0	0
1	500000	510000	0	0
1	510000	520000	0	0
1	520000	530000	0	0
1	530000	540000	0	0
1	540000	550000	0	0
1	550000	560000	0	0
1	560000	570000	0	0
1	570000	580000	0	0
1	580000	590000	0	0
1	590000	600000	0	0
1	600000	610000	0	0
1	610000	620000	0	0
1	620000	630000	0	0
1	630000	640000	0	0
1	640000	650000	0	0
1	650000	660000	0	0
1	660000	670000	0	0
1	670000	680000	0	0
1	680000	690000	0	0
1	690000	700000	0	0
1	700000	710000	0	0
1	710000	720000	0	0
1	720000	730000	0	0
1	730000	740000	0	0
1	740000	750000	0	0
1	750000	760000	0	0
1	760000	770000	0	0
1	770000	780000	0	0
1	780000	790000	0	0
1	790000	800000	0	0
1	800000	810000	0	0
1	810000	820000	0	0
1	820000	830000	0	0
1	830000	840000	0	0
1	840000	850000	0	0
1	850000	860000	0	0
1	860000	870000	0	0
1	870000	880000	0	0
1	880000	890000	0	0
1	890000	900000	0	0
1	900000	910000	0	0
1	910000	920000	0	0
1	920000	930000	0	0
1	930000	940000	0	0
1	940000	950000	0	0
1	950000	960000	0	0
1	960000	970000	0	0
1	970000	980000	0	0
1	980000	990000	0	0
1	990000	1000000	0	0
1	1000000	1010000	0	0
1	1010000	1020000	0	0
1	1020000	1030000	0	0
1	1030000	1040000	0	0
1	1040000	1050000	0	0
1	1050000	1060000	0	0
1	1060000	1070000	0	0
1	1070000	1080000	0	0
1	1080000	1090000	0	0
1	1090000	1100000	0	0
1	1100000	1110000	0	0
1	1110000	1120000	0	0
1	1120000	1130000	0	0
1	1130000	1140000	0	0
1	1140000	1150000	0	0
1	1150000	1160000	0	0
1	1160000	1170000	0	0
1	1170000	1180000	0	0
1	1180000	1190000	0	0
1	1190000	1200000	0	0
1	1200000	1210000	0	0
1	1210000	1220000	0	0
1	1220000	1230000	0	0
1	1230000	1240000	0	0
1	1240000	1250000	0	0
1	1250000	1260000	0	0
1	1260000	1270000	0	0
1	1270000	1280000	0	0
1	1280000	1290000	0	0
1	1290000	1300000	0	0
1	1300000	1310000	0	0
1	1310000	1320000	0	0
1	1320000	1330000	0	0
1	1330000	1340000	0	0
1	1340000	1350000	0	0
1	1350000	1360000	0	0
1	1360000	1370000	0	0
1	1370000	1380000	0	0
1	1380000	1390000	0	0
1	1390000	1400000	0	0
1	1400000	1410000	0	0
1	1410000	1420000	0	0
1	1420000	1430000	0	0
1	1430000	1440000	0	0
1	1440000	1450000	0	0
1	1450000	1460000	0	0
1	1460000	1470000	0	0
1	1470000	1480000	0	0
1	1480000	1490000	0	0
1	1490000	1500000	0	0
1	1500000	1510000	0	0
1	1510000	1520000	0	0
1	1520000	1530000	0	0
1	1530000	1540000	0	0
1	1540000	1550000	0	0
1	1550000	1560000	0	0
1	1560000	1570000	0	0
1	1570000	1580000	0	0
1	1580000	1590000	0	0
1	1590000	1600000	0	0
1	1600000	1610000	0	0
1	1610000	1620000	0	0
1	1620000	1630000	0	0
1	1630000	1640000	0	0
1	1640000	1650000	0	0
1	1650000	1660000	0	0
1	1660000	1670000	0	0
1	1670000	1680000	0	0
1	1680000	1690000	0	0
1	1690000	1700000	0	0
1	1700000	1710000	0	0
1	1710000	1720000	0	0
1	1720000	1730000	0	0
1	1730000	1740000	0	0
1	1740000	1750000	0	0
1	1750000	1760000	0	0
1	1760000	1770000	0	0
1	1770000	1780000	0	0
1	1780000	1790000	0	0
1	1790000	1800000	0	0
1	1800000	1810000	0	0
1	1810000	1820000	0	0
1	1820000	1830000	0	0
1	1830000	1840000	0	0
1	1840000	1850000	0	0
1	1850000	1860000	0	0
1	1860000	1870000	0	0
1	1870000	1880000	0	0
1	1880000	1890000	0	0
1	1890000	1900000	0	0
1	1900000	1910000	0	0
1	1910000	1920000	0	0
1	1920000	1930000	0	0
1	1930000	1940000	0	0
1	1940000	1950000	0	0
1	1950000	1960000	0	0
1	1960000	1970000	0	0
1	1970000	1980000	0	0
1	1980000	1990000	0	0
1	1990000	2000000	0	0
1	2000000	2010000	0	0
1	2010000	2020000	0	0
1	2020000	2030000	0	0
1	2030000	2040000	0	0
1	2040000	2050000	0	0
1	2050000	2060000	0	0
1	2060000	2070000	0	0
1	2070000	2080000	0	0
1	2080000	2090000	0	0
1	2090000	2100000	0	0
1	2100000	2110000	0	0
1	2110000	2120000	0	0
1	2120000	2130000	0	0
1	2130000	2140000	0	0
1	2140000	2150000	0	0
1	2150000	2160000	0	0
1	2160000	2170000	0	0
1	2170000	2180000	0	0
1	2180000	2190000	0	0
1	2190000	2200000	0	0
1	2200000	2210000	0	0
1	2210000	2220000	0	0
1	2220000	2230000	0	0
1	2230000	2240000	0	0
1	2240000	2250000	0	0
1	2250000	2260000	0	0
1	2260000	2270000	0	0
1	2270000	2280000	0	0
1	2280000	2290000	0	0
1	2290000	2300000	0	0
1	2300000	2310000	0	0
1	2310000	2320000	0	0
1	2320000	2330000	0	0
1	2330000	2340000	0	0
1	2340000	2350000	0	0
1	2350000	2360000	0	0
1	2360000	2370000	0	0
1	2370000	2380000	0	0
1	2380000	2390000	0	0
1	2390000	2400000	0	0
1	2400000	2410000	0	0
1	2410000	2420000	0	0
1	2420000	2430000	0	0
1	2430000	2440000	0	0
1	2440000	2450000	0	0
1	2450000	2460000	0	0
1	2460000	2470000	0	0
1	2470000	2480000	0	0
1	2480000	2490000	0	0
1	2490000	2500000	0	0
1	2500000	2510000	0	0
1	2510000	2520000	0	0
1	2520000	2530000	0	0
1	2530000	2540000	0	0
1	2540000	2550000	0	0
1	2550000	2560000	0	0
1	2560000	2570000	0	0
1	2570000	2580000	0	0
1	2580000	2590000	0	0
1	2590000	2600000	0	0
1	2600000	2610000	0	0
1	2610000	2620000	0	0
1	2620000	2630000	0	0
1	2630000	2640000	0	0
1	2640000	2650000	0	0
1	2650000	2660000	0	0
1	2660000	2670000	0	0
1	2670000	2680000	0	0
1	2680000	2690000	0	0
1	2690000	2700000	0	0
1	2700000	2710000	0	0
1	2710000	2720000	0	0
1	2720000	2730000	0	0
1	2730000	2740000	0	0
1	2740000	2750000	0	0
1	2750000	2760000	0	0
1	2760000	2770000	0	0
1	2770000	2780000	0	0
1	2780000	2790000	0	0
1	2790000	2800000	0	0
1	2800000	2810000	0	0
1	2810000	2820000	0	0
1	2820000	2830000	0	0
1	2830000	2840000	0	0
1	2840000	2850000	0	0
1	2850000	2860000	0	0
1	2860000	2870000	0	0
1	2870000	2880000	0	0
1	2880000	2890000	0	0
1	2890000	2900000	0	0
1	2900000	2910000	0	0
1	2910000	2920000	0	0
1	2920000	2930000	0	0
1	2930000	2940000	0	0
1	2940000	2950000	0	0
1	2950000	2960000	0	0
1	2960000	2970000	0	0
1	2970000	2980000	0	0
1	2980000	2990000	0	0
1	2990000	3000000	0	0
1	3000000	3010000	0	0
1	3010000	3020000	0	0
1	3020000	3030000	0	0
1	3030000	3040000	0	0
1	3040000	3050000	0	0
1	3050000	3060000	0	0
1	3060000	3070000	0	0
1	3070000	3080000	0	0
1	3080000	3090000	0	0
1	3090000	3100000	0	0
1	3100000	3110000	0	0
1	3110000	3120000	0	0
1	3120000	3130000	0	0
1	3130000	3140000	0	0
1	3140000	3150000	0	0
1	3150000	3160000	0	0
1	3160000	3170000	0	0
1	3170000	3180000	0	0
1	3180000	3190000	0	0
1	3190000	3200000	0	0
1	3200000	3210000	0	0
1	3210000	3220000	0	0
1	3220000	3230000	0	0
1	3230000	3240000	0	0
1	3240000	3250000	0	0
1	3250000	3260000	0	0
1	3260000	3270000	0	0
1	3270000	3280000	0	0
1	3280000	3290000	0	0
1	3290000	3300000	0	0
1	3300000	3310000	0	0
1	3310000	3320000	0	0
1	3320000	3330000	0	0
1	3330000	3340000	0	0
1	3340000	3350000	0	0
1	3350000	3360000	0	0
1	3360000	3370000	0	0
1	3370000	3380000	0	0
1	3380000	3390000	0	0
1	3390000	3400000	0	0
1	3400000	3410000	0	0
1	3410000	3420000	0	0
1	3420000	3430000	0	0
1	3430000	3440000	0	0
1	3440000	3450000	0	0
1	3450000	3460000	0	0
1	3460000	3470000	0	0
1	3470000	3480000	0	0
1	3480000	3490000	0	0
1	3490000	3500000	0	0
1	3500000	3510000	0	0
1	3510000	3520000	0	0
1	3520000	3530000	0	0
1	3530000	3540000	0	0
1	3540000	3550000	0	0
1	3550000	3560000	0	0
1	3560000	3570000	0	0
1	3570000	3580000	0	0
1	3580000	3590000	0	0
1	3590000	3600000	0	0
1	3600000	3610000	0	0
1	3610000	3620000	0	0
1	3620000	3630000	0	0
1	3630000	3640000	0	0
1	3640000	3650000	0	0
1	3650000	3660000	0	0
1	3660000	3670000	0	0
1	3670000	3680000	0	0
1	3680000	3690000	0	0
1	3690000	3700000	0	0
1	3700000	3710000	0	0
1	3710000	3720000	0	0
1	3720000	3730000	0	0
1	3730000	3740000	0	0
1	3740000	3750000	0	0
1	3750000	3760000	0	0
1	3760000	3770000	0	0
1	3770000	3780000	0	0
1	3780000	3790000	0	0
1	3790000	3800000	0	0
1	3800000	3810000	0	0
1	3810000	3820000	0	0
1	3820000	3830000	0	0
1	3830000	3840000	0	0
1	3840000	3850000	0	0
1	3850000	3860000	0	0
1	3860000	3870000	0	0
1	3870000	3880000	0	0
1	3880000	3890000	0	0
1	3890000	3900000	0	0
1	3900000	3910000	0	0
1	3910000	3920000	0	0
1	3920000	3930000	0	0
1	3930000	3940000	0	0
1	3940000	3950000	0	0
1	3950000	3960000	0	0
1	3960000	3970000	0	0
1	3970000	3980000	0	0
1	3980000	3990000	0	0
1	3990000	4000000	0	0
1	4000000	4010000	0	0
1	4010000	4020000	0	0
1	4020000	4030000	0	0
1	4030000	4040000	0	0
1	4040000	4050000	0	0
1	4050000	4060000	0	0
1	4060000	4070000	0	0
1	4070000	4080000	0	0
1	4080000	4090000	0	0
1	4090000	4100000	0	0
1	4100000	4110000	0	0
1	4110000	4120000	0	0
1	4120000	4130000	0	0
1	4130000	4140000	0	0
1	4140000	4150000	0	0
1	4150000	4160000	0	0
1	4160000	4170000	0	0
1	4170000	4180000	0	0
1	4180000	4190000	0	0
1	4190000	4200000	0	0
1	4200000	4210000	0	0
1	4210000	4220000	0	0
1	4220000	4230000	0	0
1	4230000	4240000	0	0
1	4240000	4250000	0	0
1	4250000	4260000	0	0
1	4260000	4270000	0	0
1	4270000	4280000	0	0
1	4280000	4290000	0	0
1	4290000	4300000	0	0
1	4300000	4310000	0	0
1	4310000	4320000	0	0
1	4320000	4330000	0	0
1	4330000	4340000	0	0
1	4340000	4350000	0	0
1	4350000	4360000	0	0
1	4360000	4370000	0	0
1	4370000	4380000	0	0
1	4380000	4390000	0	0
1	4390000	4400000	0	0
1	4400000	4410000	0	0
1	4410000	4420000	0	0
1	4420000	4430000	0	0
1	4430000	4440000	0	0
1	4440000	4450000	0	0
1	4450000	4460000	0	0
1	4460000	4470000	0	0
1	4470000	4480000	0	0
1	4480000	4490000	0	0
1	4490000	4500000	0	0
1	4500000	4510000	0	0
1	4510000	4520000	0	0
1	4520000	4530000	0	0
1	4530000	4540000	0	0
1	4540000	4550000	0	0
1	4550000	4560000	0	0
1	4560000	4570000	0	0
1	4570000	4580000	0	0
1	4580000	4590000	0	0
1	4590000	4600000	0	0
1	4600000	4610000	0	0
1	4610000	4620000	0	0
1	4620000	4630000	0	0
1	4630000	4640000	0	0
1	4640000	4650000	0	0
1	4650000	4660000	0	0
1	4660000	4670000	0	0
1	4670000	4680000	0	0
1	4680000	4690000	0	0
1	4690000	4700000	0	0
1	4700000	4710000	0	0
1	4710000	4720000	0	0
1	4720000	4730000	0	0
1	4730000	4740000	0	0
1	4740000	4750000	0	0
1	4750000	4760000	0	0
1	4760000	4770000	0	0
1	4770000	4780000	0	0
1	4780000	4790000	0	0
1	4790000	4800000	0	0
1	4800000	4810000	0	0
1	4810000	4820000	0	0
1	4820000	4830000	0	0
1	4830000	4840000	0	0
1	4840000	4850000	0	0
1	4850000	4860000	0	0
1	4860000	4870000	0	0
1	4870000	4880000	0	0
1	4880000	4890000	0	0
1	4890000	4900000	0	0
1	4900000	4910000	0	0
1	4910000	4920000	0	0
1	4920000	4930000	0	0
1	4930000	4940000	0	0
1	4940000	4950000	0	0
1	4950000	4960000	0	0
1	4960000	4970000	0	0
1	4970000	4980000	0	0
1	4980000	4990000	0	0
1	4990000	5000000	0	0
1	5000000	5010000	0	0
1	5010000	5020000	0	0
1	5020000	5030000	0	0
1	5030000	5040000	0	0
1	5040000	5050000	0	0
1	5050000	5060000	0	0
1	5060000	5070000	0	0
1	5070000	5080000	0	0
1	5080000	5090000	0	0
1	5090000	5100000	0	0
1	5100000	5110000	0	0
1	5110000	5120000	0	0
1	5120000	5130000	0	0
1	5130000	5140000	0	0
1	5140000	5150000	0	0
1	5150000	5160000	0	0
1	5160000	5170000	0	0
1	5170000	5180000	0	0
1	5180000	5190000	0	0
1	5190000	5200000	0	0
1	5200000	5210000	0	0
1	5210000	5220000	0	0
1	5220000	5230000	0	0
1	5230000	5240000	0	0
1	5240000	5250000	0	0
1	5250000	5260000	0	0
1	5260000	5270000	0	0
1	5270000	5280000	0	0
1	5280000	5290000	0	0
1	5290000	5300000	0	0
1	5300000	5310000	0	0
1	5310000	5320000	0	0
1	5320000	5330000	0	0
1	5330000	5340000	0	0
1	5340000	5350000	0	0
1	5350000	5360000	0	0
1	5360000	5370000	0	0
1	5370000	5380000	0	0
1	5380000	5390000	0	0
1	5390000	5400000	0	0
1	5400000	5410000	0	0
1	5410000	5420000	0	0
1	5420000	5430000	0	0
1	5430000	5440000	0	0
1	5440000	5450000	0	0
1	5450000	5460000	0	0
1	5460000	5470000	0	0
1	5470000	5480000	0	0
1	5480000	5490000	0	0
1	5490000	5500000	0	0
1	5500000	5510000	0	0
1	5510000	5520000	0	0
1	5520000	5530000	0	0
1	5530000	5540000	0	0
1	5540000	5550000	0	0
1	5550000	5560000	0	0
1	5560000	5570000	0	0
1	5570000	5580000	0	0
1	5580000	5590000	0	0
1	5590000	5600000	0	0
1	5600000	5610000	0	0
1	5610000	5620000	0	0
1	5620000	5630000	0	0
1	5630000	5640000	0	0
1	5640000	5650000	0	0
1	5650000	5660000	0	0
1	5660000	5670000	0	0
1	5670000	5680000	0	0
1	5680000	5690000	0	0
1	5690000	5700000	0	0
1	5700000	5710000	0	0
1	5710000	5720000	0	0
1	5720000	5730000	0	0
1	5730000	5740000	0	0
1	5740000	5750000	0	0
1	5750000	5760000	0	0
1	5760000	5770000	0	0
1	5770000	5780000	0	0
1	5780000	5790000	0	0
1	5790000	5800000	0	0
1	5800000	5810000	0	0
1	5810000	5820000	0	0
1	5820000	5830000	0	0
1	5830000	5840000	0	0
1	5840000	5850000	0	0
1	5850000	5860000	0	0
1	5860000	5870000	0	0
1	5870000	5880000	0	0
1	5880000	5890000	0	0
1	5890000	5900000	0	0
1	5900000	5910000	0	0
1	5910000	5920000	0	0
1	5920000	5930000	0	0
1	5930000	5940000	0	0
1	5940000	5950000	0	0
1	5950000	5960000	0	0
1	5960000	5970000	0	0
1	5970000	5980000	0	0
1	5980000	5990000	0	0
1	5990000	6000000	0	0
1	6000000	6010000	0	0
1	6010000	6020000	0	0
1	6020000	6030000	0	0
1	6030000	6040000	0	0
1	6040000	6050000	0	0
1	6050000	6060000	0	0
1	6060000	6070000	0	0
1	6070000	6080000	0	0
1	6080000	6090000	0	0
1	6090000	6100000	0	0
1	6100000	6110000	0	0
1	6110000	6120000	0	0
1	6120000	6130000	0	0
1	6130000	6140000	0	0
1	6140000	6150000	0	0
1	6150000	6160000	0	0
1	6160000	6170000	0	0
1	6170000	6180000	0	0
1	6180000	6190000	0	0
1	6190000	6200000	0	0
1	6200000	6210000	0	0
1	6210000	6220000	0	0
1	6220000	6230000	0	0
1	6230000	6240000	0	0
1	6240000	6250000	0	0
1	6250000	6260000	0	0
1	6260000	6270000	0	0
1	6270000	6280000	0	0
1	6280000	6290000	0	0
1	6290000	6300000	0	0
1	6300000	6310000	0	0
1	6310000	6320000	0	0
1	6320000	6330000	0	0
1	6330000	6340000	0	0
1	6340000	6350000	0	0
1	6350000	6360000	0	0
1	6360000	6370000	0	0
1	6370000	6380000	0	0
1	6380000	6390000	0	0
1	6390000	6400000	0	0
1	6400000	6410000	0	0
1	6410000	6420000	0	0
1	6420000	6430000	0	0
1	6430000	6440000	0	0
1	6440000	6450000	0	0
1	6450000	6460000	0	0
1	6460000	6470000	0	0
1	6470000	6480000	0	0
1	6480000	6490000	0	0
1	6490000	6500000	0	0
1	6500000	6510000	0	0
1	6510000	6520000	0	0
1	6520000	6530000	0	0
1	6530000	6540000	0	0
1	6540000	6550000	0	0
1	6550000	6560000	0	0
1	6560000	6570000	0	0
1	6570000	6580000	0	0
1	6580000	6590000	0	0
1	6590000	6600000	0	0
1	6600000	6610000	0	0
1	6610000	6620000	0	0
1	6620000	6630000	0	0
1	6630000	6640000	0	0
1	6640000	6650000	0	0
1	6650000	6660000	0	0
1	6660000	6670000	0	0
1	6670000	6680000	0	0
1	6680000	6690000	0	0
1	6690000	6700000	0	0
1	6700000	6710000	0	0
1	6710000	6720000	0	0
1	6720000	6730000	0	0
1	6730000	6740000	0	0
1	6740000	6750000	0	0
1	6750000	6760000	0	0
1	6760000	6770000	0	0
1	6770000	6780000	0	0
1	6780000	6790000	0	0
1	6790000	6800000	0	0
1	6800000	6810000	0	0
1	6810000	6820000	0	0
1	6820000	6830000	0	0
1	6830000	6840000	0	0
1	6840000	6850000	0	0
1	6850000	6860000	0	0
1	6860000	6870000	0	0
1	6870000	6880000	0	0
1	6880000	6890000	0	0
1	6890000	6900000	0	0
1	6900000	6910000	0	0
1	6910000	6920000	0	0
1	6920000	6930000	0	0
1	6930000	6940000	0	0
1	6940000	6950000	0	0
1	6950000	6960000	0	0
1	6960000	6970000	0	0
1	6970000	6980000	0	0
1	6980000	6990000	0	0
1	6990000	7000000	0	0
1	7000000	7010000	0	0
1	7010000	7020000	0	0
1	7020000	7030000	0	0
1	7030000	7040000	0	0
1	7040000	7050000	0	0
1	7050000	7060000	0	0
1	7060000	7070000	0	0
1	7070000	7080000	0	0
1	7080000	7090000	0	0
1	7090000	7100000	0	0
1	7100000	7110000	0	0
1	7110000	7120000	0	0
1	7120000	7130000	0	0
1	7130000	7140000	0	0
1	7140000	7150000	0	0
1	7150000	7160000	0	0
1	7160000	7170000	0	0
1	7170000	7180000	0	0
1	7180000	7190000	0	0
1	7190000	7200000	0	0
1	7200000	7210000	0	0
1	7210000	7220000	0	0
1	7220000	7230000	0	0
1	7230000	7240000	0	0
1	7240000	7250000	0	0
1	7250000	7260000	0	0
1	7260000	7270000	0	0
1	7270000	7280000	0	0
1	7280000	7290000	0	0
1	7290000	7300000	0	0
1	7300000	7310000	0	0
1	7310000	7320000	0	0
1	7320000	7330000	0	0
1	7330000	7340000	0	0
1	7340000	7350000	0	0
1	7350000	7360000	0	0
1	7360000	7370000	0	0
1	7370000	7380000	0	0
1	7380000	7390000	0	0
1	7390000	7400000	0	0
1	7400000	7410000	0	0
1	7410000	7420000	0	0
1	7420000	7430000	0	0
1	7430000	7440000	0	0
1	7440000	7450000	0	0
1	7450000	7460000	0	0
1	7460000	7470000	0	0
1	7470000	7480000	0	0
1	7480000	7490000	0	0
1	7490000	7500000	0	0
1	7500000	7510000	0	0
1	7510000	7520000	0	0
1	7520000	7530000	0	0
1	7530000	7540000	0	0
1	7540000	7550000	0	0
1	7550000	7560000	0	0
1	7560000	7570000	0	0
1	7570000	7580000	0	0
1	7580000	7590000	0	0
1	7590000	7600000	0	0
1	7600000	7610000	0	0
1	7610000	7620000	0	0
1	7620000	7630000	0	0
1	7630000	7640000	0	0
1	7640000	7650000	0	0
1	7650000	7660000	0	0
1	7660000	7670000	0	0
1	7670000	7680000	0	0
1	7680000	7690000	0	0
1	7690000	7700000	0	0
1	7700000	7710000	0	0
1	7710000	7720000	0	0
1	7720000	7730000	0	0
1	7730000	7740000	0	0
1	7740000	7750000	0	0
1	7750000	7760000	0	0
1	7760000	7770000	0	0
1	7770000	7780000	0	0
1	7780000	7790000	0	0
1	7790000	7800000	0	0
1	7800000	7810000	0	0
1	7810000	7820000	0	0
1	7820000	7830000	0	0
1	7830000	7840000	0	0
1	7840000	7850000	0	0
1	7850000	7860000	0	0
1	7860000	7870000	0	0
1	7870000	7880000	0	0
1	7880000	7890000	0	0
1	7890000	7900000	0	0
1	7900000	7910000	0	0
1	7910000	7920000	0	0
1	7920000	7930000	0	0
1	7930000	7940000	0	0
1	7940000	7950000	0	0
1	7950000	7960000	0	0
1	7960000	7970000	0	0
1	7970000	7980000	0	0
1	7980000	7990000	0	0
1	7990000	8000000	0	0
1	8000000	8010000	0	0
1	8010000	8020000	0	0
1	8020000	8030000	0	0
1	8030000	8040000	0	0
1	8040000	8050000	0	0
1	8050000	8060000	0	0
1	8060000	8070000	0	0
1	8070000	8080000	0	0
1	8080000	8090000	0	0
1	8090000	8100000	0	0
1	8100000	8110000	0	0
1	8110000	8120000	0	0
1	8120000	8130000	0	0
1	8130000	8140000	0	0
1	8140000	8150000	0	0
1	8150000	8160000	0	0
1	8160000	8170000	0	0
1	8170000	8180000	0	0
1	8180000	8190000	0	0
1	8190000	8200000	0	0
1	8200000	8210000	0	0
1	8210000	8220000	0	0
1	8220000	8230000	0	0
1	8230000	8240000	0	0
1	8240000	8250000	0	0
1	8250000	8260000	0	0
1	8260000	8270000	0	0
1	8270000	8280000	0	0
1	8280000	8290000	0	0
1	8290000	8300000	0	0
1	8300000	8310000	0	0
1	8310000	8320000	0	0
1	8320000	8330000	0	0
1	8330000	8340000	0	0
1	8340000	8350000	0	0
1	8350000	8360000	0	0
1	8360000	8370000	0	0
1	8370000	8380000	0	0
1	8380000	8390000	0	0
1	8390000	8400000	0	0
1	8400000	8410000	0	0
1	8410000	8420000	0	0
1	8420000	8430000	0	0
1	8430000	8440000	0	0
1	8440000	8450000	0	0
1	8450000	8460000	0	0
1	8460000	8470000	0	0
1	8470000	8480000	0	0
1	8480000	8490000	0	0
1	8490000	8500000	0	0
1	8500000	8510000	0	0
1	8510000	8520000	0	0
1	8520000	8530000	0	0
1	8530000	8540000	0	0
1	8540000	8550000	0	0
1	8550000	8560000	0	0
1	8560000	8570000	0	0
1	8570000	8580000	0	0
1	8580000	8590000	0	0
1	8590000	8600000	0	0
1	8600000	8610000	0	0
1	8610000	8620000	0	0
1	8620000	8630000	0	0
1	8630000	8640000	0	0
1	8640000	8650000	0	0
1	8650000	8660000	0	0
1	8660000	8670000	0	0
1	8670000	8680000	0	0
1	8680000	8690000	0	0
1	8690000	8700000	0	0
1	8700000	8710000	0	0
1	8710000	8720000	0	0
1	8720000	8730000	0	0
1	8730000	8740000	0	0
1	8740000	8750000	0	0
1	8750000	8760000	0	0
1	8760000	8770000	0	0
1	8770000	8780000	0	0
1	8780000	8790000	0	0
1	8790000	8800000	0	0
1	8800000	8810000	0	0
1	8810000	8820000	0	0
1	8820000	8830000	0	0
1	8830000	8840000	0	0
1	8840000	8850000	0	0
1	8850000	8860000	0	0
1	8860000	8870000	0	0
1	8870000	8880000	0	0
1	8880000	8890000	0	0
1	8890000	8900000	0	0
1	8900000	8910000	0	0
1	8910000	8920000	0	0
1	8920000	8930000	0	0
1	8930000	8940000	0	0
1	8940000	8950000	0	0
1	8950000	8960000	0	0
1	8960000	8970000	0	0
1	8970000	8980000	0	0
1	8980000	8990000	0	0
1	8990000	9000000	0	0
1	9000000	9010000	0	0
1	9010000	9020000	0	0
1	9020000	9030000	0	0
1	9030000	9040000	0	0
1	9040000	9050000	0	0
1	9050000	9060000	0	0
1	9060000	9070000	0	0
1	9070000	9080000	0	0
1	9080000	9090000	0	0
1	9090000	9100000	0	0
1	9100000	9110000	0	0
1	9110000	9120000	0	0
1	9120000	9130000	0	0
1	9130000	9140000	0	0
1	9140000	9150000	0	0
1	9150000	9160000	0	0
1	9160000	9170000	0	0
1	9170000	9180000	0	0
1	9180000	9190000	0	0
1	9190000	9200000	0	0
1	9200000	9210000	0	0
1	9210000	9220000	0	0
1	9220000	9230000	0	0
1	9230000	9240000	0	0
1	9240000	9250000	0	0
1	9250000	9260000	0	0
1	9260000	9270000	0	0
1	9270000	9280000	0	0
1	9280000	9290000	0	0
1	9290000	9300000	0	0
1	9300000	9310000	0	0
1	9310000	9320000	0	0
1	9320000	9330000	0	0
1	9330000	9340000	0	0
1	9340000	9350000	0	0
1	9350000	9360000	0	0
1	9360000	9370000	0	0
1	9370000	9380000	0	0
1	9380000	9390000	0	0
1	9390000	9400000	0	0
1	9400000	9410000	0	0
1	9410000	9420000	0	0
1	9420000	9430000	0	0
1	9430000	9440000	0	0
1	9440000	9450000	0	0
1	9450000	9460000	0	0
1	9460000	9470000	0	0
1	9470000	9480000	0	0
1	9480000	9490000	0	0
1	9490000	9500000	0	0
1	9500000	9510000	0	0
1	9510000	9520000	0	0
1	9520000	9530000	0	0
1	9530000	9540000	0	0
1	9540000	9550000	0	0
1	9550000	9560000	0	0
1	9560000	9570000	0	0
1	9570000	9580000	0	0
1	9580000	9590000	0	0
1	9590000	9600000	0	0
1	9600000	9610000	0	0
1	9610000	9620000	0	0
1	9620000	9630000	0	0
1	9630000	9640000	0	0
1	9640000	9650000	0	0
1	9650000	9660000	0	0
1	9660000	9670000	0	0
1	9670000	9680000	0	0
1	9680000	9690000	0	0
1	9690000	9700000	0	0
1	9700000	9710000	0	0
1	9710000	9720000	0	0
1	9720000	9730000	0	0
1	9730000	9740000	0	0
1	9740000	9750000	0	0
1	9750000	9760000	0	0
1	9760000	9770000	0	0
1	9770000	9780000	0	0
1	9780000	9790000	0	0
1	9790000	9800000	0	0
1	9800000	9810000	0	0
1	9810000	9820000	0	0
1	9820000	9830000	0	0
1	9830000	9840000	0	0
1	9840000	9850000	0	0
1	9850000	9860000	0	0
1	9860000	9870000	0	0
1	9870000	9880000	0	0
1	9880000	9890000	0	0
1	9890000	9900000	0	0
1	9900000	9910000	0	0
1	9910000	9920000	0	0
1	9920000	9930000	0	0
1	9930000	9940000	0	0
1	9940000	9950000	0	0
1	9950000	9960000	0	0
1	9960000	9970000	0	0
1	9970000	9980000	0	0
1	9980000	9990000	0	0
1	9990000	10000000	0	0
1	10000000	10010000	0	0
1	10010000	10020000	0	0
1	10020000	10030000	0	0
1	10030000	10040000	0	0
1	10040000	10050000	0	0
1	10050000	10060000	0	0
1	10060000	10070000	0	0
1	10070000	10080000	0	0
1	10080000	10090000	0	0
1	10090000	10100000	0	0
1	10100000	10110000	0	0
1	10110000	10120000	0	0
1	10120000	10130000	0	0
1	10130000	10140000	0	0
1	10140000	10150000	0	0
1	10150000	10160000	0	0
1	10160000	10170000	0	0
1	10170000	10180000	0	0
1	10180000	10190000	0	0
1	10190000	10200000	0	0
1	10200000	10210000	0	0
1	10210000	10220000	0	0
1	10220000	10230000	0	0
1	10230000	10240000	0	0
1	10240000	10250000	0	0
1	10250000	10260000	0	0
1	10260000	10270000	0	0
1	10270000	10280000	0	0
1	10280000	10290000	0	0
1	10290000	10300000	0	0
1	10300000	10310000	0	0
1	10310000	10320000	0	0
1	10320000	10330000	0	0
1	10330000	10340000	0	0
1	10340000	10350000	0	0
1	10350000	10360000	0	0
1	10360000	10370000	0	0
1	10370000	10380000	0	0
1	10380000	10390000	0	0
1	10390000	10400000	0	0
1	10400000	10410000	0	0
1	10410000	10420000	0	0
1	10420000	10430000	0	0
1	10430000	10440000	0	0
1	10440000	10450000	0	0
1	10450000	10460000	0	0
1	10460000	10470000	0	0
1	10470000	10480000	0	0
1	10480000	10490000	0	0
1	10490000	10500000	0	0
1	10500000	10510000	0	0
1	10510000	10520000	0	0
1	10520000	10530000	0	0
1	10530000	10540000	0	0
1	10540000	10550000	0	0
1	10550000	10560000	0	0
1	10560000	10570000	0	0
1	10570000	10580000	0	0
1	10580000	10590000	0	0
1	10590000	10600000	0	0
1	10600000	10610000	0	0
1	10610000	10620000	0	0
1	10620000	10630000	0	0
1	10630000	10640000	0	0
1	10640000	10650000	0	0
1	10650000	10660000	0	0
1	10660000	10670000	0	0
1	10670000	10680000	0	0
1	10680000	10690000	0	0
1	10690000	10700000	0	0
1	10700000	10710000	0	0
1	10710000	10720000	0	0
1	10720000	10730000	0	0
1	10730000	10740000	0	0
1	10740000	10750000	0	0
1	10750000	10760000	0	0
1	10760000	10770000	0	0
1	10770000	10780000	0	0
1	10780000	10790000	0	0
1	10790000	10800000	0	0
1	10800000	10810000	0	0
1	10810000	10820000	0	0
1	10820000	10830000	0	0
1	10830000	10840000	0	0
1	10840000	10850000	0	0
1	10850000	10860000	0	0
1	10860000	10870000	0	0
1	10870000	10880000	0	0
1	10880000	10890000	0	0
1	10890000	10900000	0	0
1	10900000	10910000	0	0
1	10910000	10920000	0	0
1	10920000	10930000	0	0
1	10930000	10940000	0	0
1	10940000	10950000	0	0
1	10950000	10960000	0	0
1	10960000	10970000	0	0
1	10970000	10980000	0	0
1	10980000	10990000	0	0
1	10990000	11000000	0	0
1	11000000	11010000	0	0
1	11010000	11020000	0	0
1	11020000	11030000	0	0
1	11030000	11040000	0	0
1	11040000	11050000	0	0
1	11050000	11060000	0	0
1	11060000	11070000	0	0
1	11070000	11080000	0	0
1	11080000	11090000	0	0
1	11090000	11100000	0	0
1	11100000	11110000	0	0
1	11110000	11120000	0	0
1	11120000	11130000	0	0
1	11130000	11140000	0	0
1	11140000	11150000	0	0
1	11150000	11160000	0	0
1	11160000	11170000	0	0
1	11170000	11180000	0	0
1	11180000	11190000	0	0
1	11190000	11200000	0	0
1	11200000	11210000	0	0
1	11210000	11220000	0	0
1	11220000	11230000	0	0
1	11230000	11240000	0	0
1	11240000	11250000	0	0
1	11250000	11260000	0	0
1	11260000	11270000	0	0
1	11270000	11280000	0	0
1	11280000	11290000	0	0
1	11290000	11300000	0	0
1	11300000	11310000	0	0
1	11310000	11320000	0	0
1	11320000	11330000	0	0
1	11330000	11340000	0	0
1	11340000	11350000	0	0
1	11350000	11360000	0	0
1	11360000	11370000	0	0
1	11370000	11380000	0	0
1	11380000	11390000	0	0
1	11390000	11400000	0	0
1	11400000	11410000	0	0
1	11410000	11420000	0	0
1	11420000	11430000	0	0
1	11430000	11440000	0	0
1	11440000	11450000	0	0
1	11450000	11460000	0	0
1	11460000	11470000	0	0
1	11470000	11480000	0	0
1	11480000	11490000	0	0
1	11490000	11500000	0	0
1	11500000	11510000	0	0
1	11510000	11520000	0	0
1	11520000	11530000	0	0
1	11530000	11540000	0	0
1	11540000	11550000	0	0
1	11550000	11560000	0	0
1	11560000	11570000	0	0
1	11570000	11580000	0	0
1	11580000	11590000	0	0
1	11590000	11600000	0	0
1	11600000	11610000	0	0
1	11610000	11620000	0	0
1	11620000	11630000	0	0
1	11630000	11640000	0	0
1	11640000	11650000	0	0
1	11650000	11660000	0	0
1	11660000	11670000	0	0
1	11670000	11680000	0	0
1	11680000	11690000	0	0
1	11690000	11700000	0	0
1	11700000	11710000	0	0
1	11710000	11720000	0	0
1	11720000	11730000	0	0
1	11730000	11740000	0	0
1	11740000	11750000	0	0
1	11750000	11760000	0	0
1	11760000	11770000	0	0
1	11770000	11780000	0	0
1	11780000	11790000	0	0
1	11790000	11800000	0	0
1	11800000	11810000	0	0
1	11810000	11820000	0	0
1	11820000	11830000	0	0
1	11830000	11840000	0	0
1	11840000	11850000	0	0
1	11850000	11860000	0	0
1	11860000	11870000	0	0
1	11870000	11880000	0	0
1	11880000	11890000	0	0
1	11890000	11900000	0	0
1	11900000	11910000	0	0
1	11910000	11920000	0	0
1	11920000	11930000	0	0
1	11930000	11940000	0	0
1	11940000	11950000	0	0
1	11950000	11960000	0	0
1	11960000	11970000	0	0
1	11970000	11980000	0	0
1	11980000	11990000	0	0
1	11990000	12000000	0	0
1	12000000	12010000	0	0
1	12010000	12020000	0	0
1	12020000	12030000	0	0
1	12030000	12040000	0	0
1	12040000	12050000	0	0
1	12050000	12060000	0	0
1	12060000	12070000	0	0
1	12070000	12080000	0	0
1	12080000	12090000	0	0
1	12090000	12100000	0	0
1	12100000	12110000	0	0
1	12110000	12120000	0	0
1	12120000	12130000	0	0
1	12130000	12140000	0	0
1	12140000	12150000	0	0
1	12150000	12160000	0	0
1	12160000	12170000	0	0
1	12170000	12180000	0	0
1	12180000	12190000	0	0
1	12190000	12200000	0	0
1	12200000	12210000	0	0
1	12210000	12220000	0	0
1	12220000	12230000	0	0
1	12230000	12240000	0	0
1	12240000	12250000	0	0
1	12250000	12260000	0	0
1	12260000	12270000	0	0
1	12270000	12280000	0	0
1	12280000	12290000	0	0
1	12290000	12300000	0	0
1	12300000	12310000	0	0
1	12310000	12320000	0	0
1	12320000	12330000	0	0
1	12330000	12340000	0	0
1	12340000	12350000	0	0
1	12350000	12360000	0	0
1	12360000	12370000	0	0
1	12370000	12380000	0	0
1	12380000	12390000	0	0
1	12390000	12400000	0	0
1	12400000	12410000	0	0
1	12410000	12420000	0	0
1	12420000	12430000	0	0
1	12430000	12440000	0	0
1	12440000	12450000	0	0
1	12450000	12460000	0	0
1	12460000	12470000	0	0
1	12470000	12480000	0	0
1	12480000	12490000	0	0
1	12490000	12500000	0	0
1	12500000	12510000	0	0
1	12510000	12520000	0	0
1	12520000	12530000	0	0
1	12530000	12540000	0	0
1	12540000	12550000	0	0
1	12550000	12560000	0	0
1	12560000	12570000	0	0
1	12570000	12580000	0	0
1	12580000	12590000	0	0
1	12590000	12600000	0	0
1	12600000	12610000	0	0
1	12610000	12620000	0	0
1	12620000	12630000	0	0
1	12630000	12640000	0	0
1	12640000	12650000	0	0
1	12650000	12660000	0	0
1	12660000	12670000	0	0
1	12670000	12680000	0	0
1	12680000	12690000	0	0
1	12690000	12700000	0	0
1	12700000	12710000	0	0
1	12710000	12720000	0	0
1	12720000	12730000	0	0
1	12730000	12740000	0	0
1	12740000	12750000	0	0
1	12750000	12760000	0	0
1	12760000	12770000	0	0
1	12770000	12780000	0	0
1	12780000	12790000	0	0
1	12790000	12800000	0	0
1	12800000	12810000	0	0
1	12810000	12820000	0	0
1	12820000	12830000	0	0
1	12830000	12840000	0	0
1	12840000	12850000	0	0
1	12850000	12860000	0	0
1	12860000	12870000	0	0
1	12870000	12880000	0	0
1	12880000	12890000	0	0
1	12890000	12900000	0	0
1	12900000	12910000	0	0
1	12910000	12920000	0	0
1	12920000	12930000	0	0
1	12930000	12940000	0	0
1	12940000	12950000	0	0
1	12950000	12960000	0	0
1	12960000	12970000	0	0
1	12970000	12980000	0	0
1	12980000	12990000	0	0
1	12990000	13000000	0	0
1	13000000	13010000	0	0
1	13010000	13020000	0	0
1	13020000	13030000	0	0
1	13030000	13040000	0	0
1	13040000	13050000	0	0
1	13050000	13060000	0	0
1	13060000	13070000	0	0
1	13070000	13080000	0	0
1	13080000	13090000	0	0
1	13090000	13100000	0	0
1	13100000	13110000	0	0
1	13110000	13120000	0	0
1	13120000	13130000	0	0
1	13130000	13140000	0	0
1	13140000	13150000	0	0
1	13150000	13160000	0	0
1	13160000	13170000	0	0
1	13170000	13180000	0	0
1	13180000	13190000	0	0
1	13190000	13200000	0	0
1	13200000	13210000	0	0
1	13210000	13220000	0	0
1	13220000	13230000	0	0
1	13230000	13240000	0	0
1	13240000	13250000	0	0
1	13250000	13260000	0	0
1	13260000	13270000	0	0
1	13270000	13280000	0	0
1	13280000	13290000	0	0
1	13290000	13300000	0	0
1	13300000	13310000	0	0
1	13310000	13320000	0	0
1	13320000	13330000	0	0
1	13330000	13340000	0	0
1	13340000	13350000	0	0
1	13350000	13360000	0	0
1	13360000	13370000	0	0
1	13370000	13380000	0	0
1	13380000	13390000	0	0
1	13390000	13400000	0	0
1	13400000	13410000	0	0
1	13410000	13420000	0	0
1	13420000	13430000	0	0
1	13430000	13440000	0	0
1	13440000	13450000	0	0
1	13450000	13460000	0	0
1	13460000	13470000	0	0
1	13470000	13480000	0	0
1	13480000	13490000	0	0
1	13490000	13500000	0	0
1	13500000	13510000	0	0
1	13510000	13520000	0	0
1	13520000	13530000	0	0
1	13530000	13540000	0	0
1	13540000	13550000	0	0
1	13550000	13560000	0	0
1	13560000	13570000	0	0
1	13570000	13580000	0	0
1	13580000	13590000	0	0
1	13590000	13600000	0	0
1	13600000	13610000	0	0
1	13610000	13620000	0	0
1	13620000	13630000	0	0
1	13630000	13640000	0	0
1	13640000	13650000	0	0
1	13650000	13660000	0	0
1	13660000	13670000	0	0
1	13670000	13680000	0	0
1	13680000	13690000	0	0
1	13690000	13700000	0	0
1	13700000	13710000	0	0
1	13710000	13720000	0	0
1	13720000	13730000	0	0
1	13730000	13740000	0	0
1	13740000	13750000	0	0
1	13750000	13760000	0	0
1	13760000	13770000	0	0
1	13770000	13780000	0	0
1	13780000	13790000	0	0
1	13790000	13800000	0	0
1	13800000	13810000	0	0
1	13810000	13820000	0	0
1	13820000	13830000	0	0
1	13830000	13840000	0	0
1	13840000	13850000	0	0
1	13850000	13860000	0	0
1	13860000	13870000	0	0
1	13870000	13880000	0	0
1	13880000	13890000	0	0
1	13890000	13900000	0	0
1	13900000	13910000	0	0
1	13910000	13920000	0	0
1	13920000	13930000	0	0
1	13930000	13940000	0	0
1	13940000	13950000	0	0
1	13950000	13960000	0	0
1	13960000	13970000	0	0
1	13970000	13980000	0	0
1	13980000	13990000	0	0
1	13990000	14000000	0	0
1	14000000	14010000	0	0
1	14010000	14020000	0	0
1	14020000	14030000	0	0
1	14030000	14040000	0	0
1	14040000	14050000	0	0
1	14050000	14060000	0	0
1	14060000	14070000	0	0
1	14070000	14080000	0	0
1	14080000	14090000	0	0
1	14090000	14100000	0	0
1	14100000	14110000	0	0
1	14110000	14120000	0	0
1	14120000	14130000	0	0
1	14130000	14140000	0	0
1	14140000	14150000	0	0
1	14150000	14160000	0	0
1	14160000	14170000	0	0
1	14170000	14180000	0	0
1	14180000	14190000	0	0
1	14190000	14200000	0	0
1	14200000	14210000	0	0
1	14210000	14220000	0	0
1	14220000	14230000	0	0
1	14230000	14240000	0	0
1	14240000	14250000	0	0
1	14250000	14260000	0	0
1	14260000	14270000	0	0
1	14270000	14280000	0	0
1	14280000	14290000	0	0
1	14290000	14300000	0	0
1	14300000	14310000	0	0
1	14310000	14320000	0	0
1	14320000	14330000	0	0
1	14330000	14340000	0	0
1	14340000	14350000	0	0
1	14350000	14360000	0	0
1	14360000	14370000	0	0
1	14370000	14380000	0	0
1	14380000	14390000	0	0
1	14390000	14400000	0	0
1	14400000	14410000	0	0
1	14410000	14420000	0	0
1	14420000	14430000	0	0
1	14430000	14440000	0	0
1	14440000	14450000	0	0
1	14450000	14460000	0	0
1	14460000	14470000	0	0
1	14470000	14480000	0	0
1	14480000	14490000	0	0
1	14490000	14500000	0	0
1	14500000	14510000	0	0
1	14510000	14520000	0	0
1	14520000	14530000	0	0
1	14530000	14540000	0	0
1	14540000	14550000	0	0
1	14550000	14560000	0	0
1	14560000	14570000	0	0
1	14570000	14580000	0	0
1	14580000	14590000	0	0
1	14590000	14600000	0	0
1	14600000	14610000	0	0
1	14610000	14620000	0	0
1	14620000	14630000	0	0
1	14630000	14640000	0	0
1	14640000	14650000	0	0
1	14650000	14660000	0	0
1	14660000	14670000	0	0
1	14670000	14680000	0	0
1	14680000	14690000	0	0
1	14690000	14700000	0	0
1	14700000	14710000	0	0
1	14710000	14720000	0	0
1	14720000	14730000	0	0
1	14730000	14740000	0	0
1	14740000	14750000	0	0
1	14750000	14760000	0	0
1	14760000	14770000	0	0
1	14770000	14780000	0	0
1	14780000	14790000	0	0
1	14790000	14800000	0	0
1	14800000	14810000	0	0
1	14810000	14820000	0	0
1	14820000	14830000	0	0
1	14830000	14840000	0	0
1	14840000	14850000	0	0
1	14850000	14860000	0	0
1	14860000	14870000	0	0
1	14870000	14880000	0	0
1	14880000	14890000	0	0
1	14890000	14900000	0	0
1	14900000	14910000	0	0
1	14910000	14920000	0	0
1	14920000	14930000	0	0
1	14930000	14940000	0	0
1	14940000	14950000	0	0
1	14950000	14960000	0	0
1	14960000	14970000	0	0
1	14970000	14980000	0	0
1	14980000	14990000	0	0
1	14990000	15000000	0	0
1	15000000	15010000	0	0
1	15010000	15020000	0	0
1	15020000	15030000	0	0
1	15030000	15040000	0	0
1	15040000	15050000	0	0
1	15050000	15060000	0	0
1	15060000	15070000	0	0
1	15070000	15080000	0	0
1	15080000	15090000	0	0
1	15090000	15100000	0	0
1	15100000	15110000	0	0
1	15110000	15120000	0	0
1	15120000	15130000	0	0
1	15130000	15140000	0	0
1	15140000	15150000	0	0
1	15150000	15160000	0	0
1	15160000	15170000	0	0
1	15170000	15180000	0	0
1	15180000	15190000	0	0
1	15190000	15200000	0	0
1	15200000	15210000	0	0
1	15210000	15220000	0	0
1	15220000	15230000	0	0
1	15230000	15240000	0	0
1	15240000	15250000	0	0
1	15250000	15260000	0	0
1	15260000	15270000	0	0
1	15270000	15280000	0	0
1	15280000	15290000	0	0
1	15290000	15300000	0	0
1	15300000	15310000	0	0
1	15310000	15320000	0	0
1	15320000	15330000	0	0
1	15330000	15340000	0	0
1	15340000	15350000	0	0
1	15350000	15360000	0	0
1	15360000	15370000	0	0
1	15370000	15380000	0	0
1	15380000	15390000	0	0
1	15390000	15400000	0	0
1	15400000	15410000	0	0
1	15410000	15420000	0	0
1	15420000	15430000	0	0
1	15430000	15440000	0	0
1	15440000	15450000	0	0
1	15450000	15460000	0	0
1	15460000	15470000	0	0
1	15470000	15480000	0	0
1	15480000	15490000	0	0
1	15490000	15500000	0	0
1	15500000	15510000	0	0
1	15510000	15520000	0	0
1	15520000	15530000	0	0
1	15530000	15540000	0	0
1	15540000	15550000	0	0
1	15550000	15560000	0	0
1	15560000	15570000	0	0
1	15570000	15580000	0	0
1	15580000	15590000	0	0
1	15590000	15600000	0	0
1	15600000	15610000	0	0
1	15610000	15620000	0	0
1	15620000	15630000	0	0
1	15630000	15640000	0	0
1	15640000	15650000	0	0
1	15650000	15660000	0	0
1	15660000	15670000	0	0
1	15670000	15680000	0	0
1	15680000	15690000	0	0
1	15690000	15700000	0	0
1	15700000	15710000	0	0
1	15710000	15720000	0	0
1	15720000	15730000	0	0
1	15730000	15740000	0	0
1	15740000	15750000	0	0
1	15750000	15760000	0	0
1	15760000	15770000	0	0
1	15770000	15780000	0	0
1	15780000	15790000	0	0
1	15790000	15800000	0	0
1	15800000	15810000	0	0
1	15810000	15820000	0	0
1	15820000	15830000	0	0
1	15830000	15840000	0	0
1	15840000	15850000	0	0
1	15850000	15860000	0	0
1	15860000	15870000	0	0
1	15870000	15880000	0	0
1	15880000	15890000	0	0
1	15890000	15900000	0	0
1	15900000	15910000	0	0
1	15910000	15920000	0	0
1	15920000	15930000	0	0
1	15930000	15940000	0	0
1	15940000	15950000	0	0
1	15950000	15960000	0	0
1	15960000	15970000	0	0
1	15970000	15980000	0	0
1	15980000	15990000	0	0
1	15990000	16000000	0	0
1	16000000	16010000	0	0
1	16010000	16020000	0	0
1	16020000	16030000	0	0
1	16030000	16040000	0	0
1	16040000	16050000	0	0
1	16050000	16060000	0	0
1	16060000	16070000	0	0
1	16070000	16080000	0	0
1	16080000	16090000	0	0
1	16090000	16100000	0	0
1	16100000	16110000	0	0
1	16110000	16120000	0	0
1	16120000	16130000	0	0
1	16130000	16140000	0	0
1	16140000	16150000	0	0
1	16150000	16160000	0	0
1	16160000	16170000	0	0
1	16170000	16180000	0	0
1	16180000	16190000	0	0
1	16190000	16200000	0	0
1	16200000	16210000	0	0
1	16210000	16220000	0	0
1	16220000	16230000	0	0
1	16230000	16240000	0	0
1	16240000	16250000	0	0
1	16250000	16260000	0	0
1	16260000	16270000	0	0
1	16270000	16280000	0	0
1	16280000	16290000	0	0
1	16290000	16300000	0	0
1	16300000	16310000	0	0
1	16310000	16320000	0	0
1	16320000	16330000	0	0
1	16330000	16340000	0	0
1	16340000	16350000	0	0
1	16350000	16360000	0	0
1	16360000	16370000	0	0
1	16370000	16380000	0	0
1	16380000	16390000	0	0
1	16390000	16400000	0	0
1	16400000	16410000	0	0
1	16410000	16420000	0	0
1	16420000	16430000	0	0
1	16430000	16440000	0	0
1	16440000	16450000	0	0
1	16450000	16460000	0	0
1	16460000	16470000	0	0
1	16470000	16480000	0	0
1	16480000	16490000	0	0
1	16490000	16500000	0	0
1	16500000	16510000	0	0
1	16510000	16520000	0	0
1	16520000	16530000	0	0
1	16530000	16540000	0	0
1	16540000	16550000	0	0
1	16550000	16560000	0	0
1	16560000	16570000	0	0
1	16570000	16580000	0	0
1	16580000	16590000	0	0
1	16590000	16600000	0	0
1	16600000	16610000	0	0
1	16610000	16620000	0	0
1	16620000	16630000	0	0
1	16630000	16640000	0	0
1	16640000	16650000	0	0
1	16650000	16660000	0	0
1	16660000	16670000	0	0
1	16670000	16680000	0	0
1	16680000	16690000	0	0
1	16690000	16700000	0	0
1	16700000	16710000	0	0
1	16710000	16720000	0	0
1	16720000	16730000	0	0
1	16730000	16740000	0	0
1	16740000	16750000	0	0
1	16750000	16760000	0	0
1	16760000	16770000	0	0
1	16770000	16780000	0	0
1	16780000	16790000	0	0
1	16790000	16800000	0	0
1	16800000	16810000	0	0
1	16810000	16820000	0	0
1	16820000	16830000	0	0
1	16830000	16840000	0	0
1	16840000	16850000	0	0
1	16850000	16860000	0	0
1	16860000	16870000	0	0
1	16870000	16880000	0	0
1	16880000	16890000	0	0
1	16890000	16900000	0	0
1	16900000	16910000	0	0
1	16910000	16920000	0	0
1	16920000	16930000	0	0
1	16930000	16940000	0	0
1	16940000	16950000	0	0
1	16950000	16960000	0	0
1	16960000	16970000	0	0
1	16970000	16980000	0	0
1	16980000	16990000	0	0
1	16990000	17000000	0	0
1	17000000	17010000	0	0
1	17010000	17020000	0	0
1	17020000	17030000	0	0
1	17030000	17040000	0	0
1	17040000	17050000	0	0
1	17050000	17060000	0	0
1	17060000	17070000	0	0
1	17070000	17080000	0	0
1	17080000	17090000	0	0
1	17090000	17100000	0	0
1	17100000	17110000	0	0
1	17110000	17120000	0	0
1	17120000	17130000	0	0
1	17130000	17140000	0	0
1	17140000	17150000	0	0
1	17150000	17160000	0	0
1	17160000	17170000	0	0
1	17170000	17180000	0	0
1	17180000	17190000	0	0
1	17190000	17200000	0	0
1	17200000	17210000	0	0
1	17210000	17220000	0	0
1	17220000	17230000	0	0
1	17230000	17240000	0	0
1	17240000	17250000	0	0
1	17250000	17260000	0	0
1	17260000	17270000	0	0
1	17270000	17280000	0	0
1	17280000	17290000	0	0
1	17290000	17300000	0	0
1	17300000	17310000	0	0
1	17310000	17320000	0	0
1	17320000	17330000	0	0
1	17330000	17340000	0	0
1	17340000	17350000	0	0
1	17350000	17360000	0	0
1	17360000	17370000	0	0
1	17370000	17380000	0	0
1	17380000	17390000	0	0
1	17390000	17400000	0	0
1	17400000	17410000	0	0
1	17410000	17420000	0	0
1	17420000	17430000	0	0
1	17430000	17440000	0	0
1	17440000	17450000	0	0
1	17450000	17460000	0	0
1	17460000	17470000	0	0
1	17470000	17480000	0	0
1	17480000	17490000	0	0
1	17490000	17500000	0	0
1	17500000	17510000	0	0
1	17510000	17520000	0	0
1	17520000	17530000	0	0
1	17530000	17540000	0	0
1	17540000	17550000	0	0
1	17550000	17560000	0	0
1	17560000	17570000	0	0
1	17570000	17580000	0	0
1	17580000	17590000	0	0
1	17590000	17600000	0	0
1	17600000	17610000	0	0
1	17610000	17620000	0	0
1	17620000	17630000	0	0
1	17630000	17640000	0	0
1	17640000	17650000	0	0
1	17650000	17660000	0	0
1	17660000	17670000	0	0
1	17670000	17680000	0	0
1	17680000	17690000	0	0
1	17690000	17700000	0	0
1	17700000	17710000	0	0
1	17710000	17720000	0	0
1	17720000	17730000	0	0
1	17730000	17740000	0	0
1	17740000	17750000	0	0
1	17750000	17760000	0	0
1	17760000	17770000	0	0
1	17770000	17780000	0	0
1	17780000	17790000	0	0
1	17790000	17800000	0	0
1	17800000	17810000	0	0
1	17810000	17820000	0	0
1	17820000	17830000	0	0
1	17830000	17840000	0	0
1	17840000	17850000	0	0
1	17850000	17860000	0	0
1	17860000	17870000	0	0
1	17870000	17880000	0	0
1	17880000	17890000	0	0
1	17890000	17900000	0	0
1	17900000	17910000	0	0
1	17910000	17920000	0	0
1	17920000	17930000	0	0
1	17930000	17940000	0	0
1	17940000	17950000	0	0
1	17950000	17960000	0	0
1	17960000	17970000	0	0
1	17970000	17980000	0	0
1	17980000	17990000	0	0
1	17990000	18000000	0	0
1	18000000	18010000	0	0
1	18010000	18020000	0	0
1	18020000	18030000	0	0
1	18030000	18040000	0	0
1	18040000	18050000	0	0
1	18050000	18060000	0	0
1	18060000	18070000	0	0
1	18070000	18080000	0	0
1	18080000	18090000	0	0
1	18090000	18100000	0	0
1	18100000	18110000	0	0
1	18110000	18120000	0	0
1	18120000	18130000	0	0
1	18130000	18140000	0	0
1	18140000	18150000	0	0
1	18150000	18160000	0	0
1	18160000	18170000	0	0
1	18170000	18180000	0	0
1	18180000	18190000	0	0
1	18190000	18200000	0	0
1	18200000	18210000	0	0
1	18210000	18220000	0	0
1	18220000	18230000	0	0
1	18230000	18240000	0	0
1	18240000	18250000	0	0
1	18250000	18260000	0	0
1	18260000	18270000	0	0
1	18270000	18280000	0	0
1	18280000	18290000	0	0
1	18290000	18300000	0	0
1	18300000	18310000	0	0
1	18310000	18320000	0	0
1	18320000	18330000	0	0
1	18330000	18340000	0	0
1	18340000	18350000	0	0
1	18350000	18360000	0	0
1	18360000	18370000	0	0
1	18370000	18380000	0	0
1	18380000	18390000	0	0
1	18390000	18400000	0	0
1	18400000	18410000	0	0
1	18410000	18420000	0	0
1	18420000	18430000	0	0
1	18430000	18440000	0	0
1	18440000	18450000	0	0
1	18450000	18460000	0	0
1	18460000	18470000	0	0
1	18470000	18480000	0	0
1	18480000	18490000	0	0
1	18490000	18500000	0	0
1	18500000	18510000	0	0
1	18510000	18520000	0	0
1	18520000	18530000	0	0
1	18530000	18540000	0	0
1	18540000	18550000	0	0
1	18550000	18560000	0	0
1	18560000	18570000	0	0
1	18570000	18580000	0	0
1	18580000	18590000	0	0
1	18590000	18600000	0	0
1	18600000	18610000	0	0
1	18610000	18620000	0	0
1	18620000	18630000	0	0
1	18630000	18640000	0	0
1	18640000	18650000	0	0
1	18650000	18660000	0	0
1	18660000	18670000	0	0
1	18670000	18680000	0	0
1	18680000	18690000	0	0
1	18690000	18700000	0	0
1	18700000	18710000	0	0
1	18710000	18720000	0	0
1	18720000	18730000	0	0
1	18730000	18740000	0	0
1	18740000	18750000	0	0
1	18750000	18760000	0	0
1	18760000	18770000	0	0
1	18770000	18780000	0	0
1	18780000	18790000	0	0
1	18790000	18800000	0	0
1	18800000	18810000	0	0
1	18810000	18820000	0	0
1	18820000	18830000	0	0
1	18830000	18840000	0	0
1	18840000	18850000	0	0
1	18850000	18860000	0	0
1	18860000	18870000	0	0
1	18870000	18880000	0	0
1	18880000	18890000	0	0
1	18890000	18900000	0	0
1	18900000	18910000	0	0
1	18910000	18920000	0	0
1	18920000	18930000	0	0
1	18930000	18940000	0	0
1	18940000	18950000	0	0
1	18950000	18960000	0	0
1	18960000	18970000	0	0
1	18970000	18980000	0	0
1	18980000	18990000	0	0
1	18990000	19000000	0	0
1	19000000	19010000	0	0
1	19010000	19020000	0	0
1	19020000	19030000	0	0
1	19030000	19040000	0	0
1	19040000	19050000	0	0
1	19050000	19060000	0	0
1	19060000	19070000	0	0
1	19070000	19080000	0	0
1	19080000	19090000	0	0
1	19090000	19100000	0	0
1	19100000	19110000	0	0
1	19110000	19120000	0	0
1	19120000	19130000	0	0
1	19130000	19140000	0	0
1	19140000	19150000	0	0
1	19150000	19160000	0	0
1	19160000	19170000	0	0
1	19170000	19180000	0	0
1	19180000	19190000	0	0
1	19190000	19200000	0	0
1	19200000	19210000	0	0
1	19210000	19220000	0	0
1	19220000	19230000	0	0
1	19230000	19240000	0	0
1	19240000	19250000	0	0
1	19250000	19260000	0	0
1	19260000	19270000	0	0
1	19270000	19280000	0	0
1	19280000	19290000	0	0
1	19290000	19300000	0	0
1	19300000	19310000	0	0
1	19310000	19320000	0	0
1	19320000	19330000	0	0
1	19330000	19340000	0	0
1	19340000	19350000	0	0
1	19350000	19360000	0	0
1	19360000	19370000	0	0
1	19370000	19380000	0	0
1	19380000	19390000	0	0
1	19390000	19400000	0	0
1	19400000	19410000	0	0
1	19410000	19420000	0	0
1	19420000	19430000	0	0
1	19430000	19440000	0	0
1	19440000	19450000	0	0
1	19450000	19460000	0	0
1	19460000	19470000	0	0
1	19470000	19480000	0	0
1	19480000	19490000	0	0
1	19490000	19500000	0	0
1	19500000	19510000	0	0
1	19510000	19520000	0	0
1	19520000	19530000	0	0
1	19530000	19540000	0	0
1	19540000	19550000	0	0
1	19550000	19560000	0	0
1	19560000	19570000	0	0
1	19570000	19580000	0	0
1	19580000	19590000	0	0
1	19590000	19600000	0	0
1	19600000	19610000	0	0
1	19610000	19620000	0	0
1	19620000	19630000	0	0
1	19630000	19640000	0	0
1	19640000	19650000	0	0
1	19650000	19660000	0	0
1	19660000	19670000	0	0
1	19670000	19680000	0	0
1	19680000	19690000	0	0
1	19690000	19700000	0	0
1	19700000	19710000	0	0
1	19710000	19720000	0	0
1	19720000	19730000	0	0
1	19730000	19740000	0	0
1	19740000	19750000	0	0
1	19750000	19760000	0	0
1	19760000	19770000	0	0
1	19770000	19780000	0	0
1	19780000	19790000	0	0
1	19790000	19800000	0	0
1	19800000	19810000	0	0
1	19810000	19820000	0	0
1	19820000	19830000	0	0
1	19830000	19840000	0	0
1	19840000	19850000	0	0
1	19850000	19860000	0	0
1	19860000	19870000	0	0
1	19870000	19880000	0	0
1	19880000	19890000	0	0
1	19890000	19900000	0	0
1	19900000	19910000	0	0
1	19910000	19920000	0	0
1	19920000	19930000	0	0
1	19930000	19940000	0	0
1	19940000	19950000	0	0
1	19950000	19960000	0	0
1	19960000	19970000	0	0
1	19970000	19980000	0	0
1	19980000	19990000	0	0
1	19990000	20000000	0	0
1	20000000	20010000	0	0
1	20010000	20020000	0	0
1	20020000	20030000	0	0
1	20030000	20040000	0	0
1	20040000	20050000	0	0
1	20050000	20060000	0	0
1	20060000	20070000	0	0
1	20070000	20080000	0	0
1	20080000	20090000	0	0
1	20090000	20100000	0	0
1	20100000	20110000	0	0
1	20110000	20120000	0	0
1	20120000	20130000	0	0
1	20130000	20140000	0	0
1	20140000	20150000	0	0
1	20150000	20160000	0	0
1	20160000	20170000	0	0
1	20170000	20180000	0	0
1	20180000	20190000	0	0
1	20190000	20200000	0	0
1	20200000	20210000	0	0
1	20210000	20220000	0	0
1	20220000	20230000	0	0
1	20230000	20240000	0	0
1	20240000	20250000	0	0
1	20250000	20260000	0	0
1	20260000	20270000	0	0
1	20270000	20280000	0	0
1	20280000	20290000	0	0
1	20290000	20300000	0	0
1	20300000	20310000	0	0
1	20310000	20320000	0	0
1	20320000	20330000	0	0
1	20330000	20340000	0	0
1	20340000	20350000	0	0
1	20350000	20360000	0	0
1	20360000	20370000	0	0
1	20370000	20380000	0	0
1	20380000	20390000	0	0
1	20390000	20400000	0	0
1	20400000	20410000	0	0
1	20410000	20420000	0	0
1	20420000	20430000	0	0
1	20430000	20440000	0	0
1	20440000	20450000	0	0
1	20450000	20460000	0	0
1	20460000	20470000	0	0
1	20470000	20480000	0	0
1	20480000	20490000	0	0
1	20490000	20500000	0	0
1	20500000	20510000	0	0
1	20510000	20520000	0	0
1	20520000	20530000	0	0
1	20530000	20540000	0	0
1	20540000	20550000	0	0
1	20550000	20560000	0	0
1	20560000	20570000	0	0
1	20570000	20580000	0	0
1	20580000	20590000	0	0
1	20590000	20600000	0	0
1	20600000	20610000	0	0
1	20610000	20620000	0	0
1	20620000	20630000	0	0
1	20630000	20640000	0	0
1	20640000	20650000	0	0
1	20650000	20660000	0	0
1	20660000	20670000	0	0
1	20670000	20680000	0	0
1	20680000	20690000	0	0
1	20690000	20700000	0	0
1	20700000	20710000	0	0
1	20710000	20720000	0	0
1	20720000	20730000	0	0
1	20730000	20740000	0	0
1	20740000	20750000	0	0
1	20750000	20760000	0	0
1	20760000	20770000	0	0
1	20770000	20780000	0	0
1	20780000	20790000	0	0
1	20790000	20800000	0	0
1	20800000	20810000	0	0
1	20810000	20820000	0	0
1	20820000	20830000	0	0
1	20830000	20840000	0	0
1	20840000	20850000	0	0
1	20850000	20860000	0	0
1	20860000	20870000	0	0
1	20870000	20880000	0	0
1	20880000	20890000	0	0
1	20890000	20900000	0	0
1	20900000	20910000	0	0
1	20910000	20920000	0	0
1	20920000	20930000	0	0
1	20930000	20940000	0	0
1	20940000	20950000	0	0
1	20950000	20960000	0	0
1	20960000	20970000	0	0
1	20970000	20980000	0	0
1	20980000	20990000	0	0
1	20990000	21000000	0	0
1	21000000	21010000	0	0
1	21010000	21020000	0	0
1	21020000	21030000	0	0
1	21030000	21040000	0	0
1	21040000	21050000	0	0
1	21050000	21060000	0	0
1	21060000	21070000	0	0
1	21070000	21080000	0	0
1	21080000	21090000	0	0
1	21090000	21100000	0	0
1	21100000	21110000	0	0
1	21110000	21120000	0	0
1	21120000	21130000	0	0
1	21130000	21140000	0	0
1	21140000	21150000	0	0
1	21150000	21160000	0	0
1	21160000	21170000	0	0
1	21170000	21180000	0	0
1	21180000	21190000	0	0
1	21190000	21200000	0	0
1	21200000	21210000	0	0
1	21210000	21220000	0	0
1	21220000	21230000	0	0
1	21230000	21240000	0	0
1	21240000	21250000	0	0
1	21250000	21260000	0	0
1	21260000	21270000	0	0
1	21270000	21280000	0	0
1	21280000	21290000	0	0
1	21290000	21300000	0	0
1	21300000	21310000	0	0
1	21310000	21320000	0	0
1	21320000	21330000	0	0
1	21330000	21340000	0	0
1	21340000	21350000	0	0
1	21350000	21360000	0	0
1	21360000	21370000	0	0
1	21370000	21380000	0	0
1	21380000	21390000	0	0
1	21390000	21400000	0	0
1	21400000	21410000	0	0
1	21410000	21420000	0	0
1	21420000	21430000	0	0
1	21430000	21440000	0	0
1	21440000	21450000	0	0
1	21450000	21460000	0	0
1	21460000	21470000	0	0
1	21470000	21480000	0	0
1	21480000	21490000	0	0
1	21490000	21500000	0	0
1	21500000	21510000	0	0
1	21510000	21520000	0	0
1	21520000	21530000	0	0
1	21530000	21540000	0	0
1	21540000	21550000	0	0
1	21550000	21560000	0	0
1	21560000	21570000	0	0
1	21570000	21580000	0	0
1	21580000	21590000	0	0
1	21590000	21600000	0	0
1	21600000	21610000	0	0
1	21610000	21620000	0	0
1	21620000	21630000	0	0
1	21630000	21640000	0	0
1	21640000	21650000	0	0
1	21650000	21660000	0	0
1	21660000	21670000	0	0
1	21670000	21680000	0	0
1	21680000	21690000	0	0
1	21690000	21700000	0	0
1	21700000	21710000	0	0
1	21710000	21720000	0	0
1	21720000	21730000	0	0
1	21730000	21740000	0	0
1	21740000	21750000	0	0
1	21750000	21760000	0	0
1	21760000	21770000	0	0
1	21770000	21780000	0	0
1	21780000	21790000	0	0
1	21790000	21800000	0	0
1	21800000	21810000	0	0
1	21810000	21820000	0	0
1	21820000	21830000	0	0
1	21830000	21840000	0	0
1	21840000	21850000	0	0
1	21850000	21860000	0	0
1	21860000	21870000	0	0
1	21870000	21880000	0	0
1	21880000	21890000	0	0
1	21890000	21900000	0	0
1	21900000	21910000	0	0
1	21910000	21920000	0	0
1	21920000	21930000	0	0
1	21930000	21940000	0	0
1	21940000	21950000	0	0
1	21950000	21960000	0	0
1	21960000	21970000	0	0
1	21970000	21980000	0	0
1	21980000	21990000	0	0
1	21990000	22000000	0	0
1	22000000	22010000	0	0
1	22010000	22020000	0	0
1	22020000	22030000	0	0
1	22030000	22040000	0	0
1	22040000	22050000	0	0
1	22050000	22060000	0	0
1	22060000	22070000	0	0
1	22070000	22080000	0	0
1	22080000	22090000	0	0
1	22090000	22100000	0	0
1	22100000	22110000	0	0
1	22110000	22120000	0	0
1	22120000	22130000	0	0
1	22130000	22140000	0	0
1	22140000	22150000	0	0
1	22150000	22160000	0	0
1	22160000	22170000	0	0
1	22170000	22180000	0	0
1	22180000	22190000	0	0
1	22190000	22200000	0	0
1	22200000	22210000	0	0
1	22210000	22220000	0	0
1	22220000	22230000	0	0
1	22230000	22240000	0	0
1	22240000	22250000	0	0
1	22250000	22260000	0	0
1	22260000	22270000	0	0
1	22270000	22280000	0	0
1	22280000	22290000	0	0
1	22290000	22300000	0	0
1	22300000	22310000	0	0
1	22310000	22320000	0	0
1	22320000	22330000	0	0
1	22330000	22340000	0	0
1	22340000	22350000	0	0
1	22350000	22360000	0	0
1	22360000	22370000	0	0
1	22370000	22380000	0	0
1	22380000	22390000	0	0
1	22390000	22400000	0	0
1	22400000	22410000	0	0
1	22410000	22420000	0	0
1	22420000	22430000	0	0
1	22430000	22440000	0	0
1	22440000	22450000	0	0
1	22450000	22460000	0	0
1	22460000	22470000	0	0
1	22470000	22480000	0	0
1	22480000	22490000	0	0
1	22490000	22500000	0	0
1	22500000	22510000	0	0
1	22510000	22520000	0	0
1	22520000	22530000	0	0
1	22530000	22540000	0	0
1	22540000	22550000	0	0
1	22550000	22560000	0	0
1	22560000	22570000	0	0
1	22570000	22580000	0	0
1	22580000	22590000	0	0
1	22590000	22600000	0	0
1	22600000	22610000	0	0
1	22610000	22620000	0	0
1	22620000	22630000	0	0
1	22630000	22640000	0	0
1	22640000	22650000	0	0
1	22650000	22660000	0	0
1	22660000	22670000	0	0
1	22670000	22680000	0	0
1	22680000	22690000	0	0
1	22690000	22700000	0	0
1	22700000	22710000	0	0
1	22710000	22720000	0	0
1	22720000	22730000	0	0
1	22730000	22740000	0	0
1	22740000	22750000	0	0
1	22750000	22760000	0	0
1	22760000	22770000	0	0
1	22770000	22780000	0	0
1	22780000	22790000	0	0
1	22790000	22800000	0	0
1	22800000	22810000	0	0
1	22810000	22820000	0	0
1	22820000	22830000	0	0
1	22830000	22840000	0	0
1	22840000	22850000	0	0
1	22850000	22860000	0	0
1	22860000	22870000	0	0
1	22870000	22880000	0	0
1	22880000	22890000	0	0
1	22890000	22900000	0	0
1	22900000	22910000	0	0
1	22910000	22920000	0	0
1	22920000	22930000	0	0
1	22930000	22940000	0	0
1	22940000	22950000	0	0
1	22950000	22960000	0	0
1	22960000	22970000	0	0
1	22970000	22980000	0	0
1	22980000	22990000	0	0
1	22990000	23000000	0	0
1	23000000	23010000	0	0
1	23010000	23020000	0	0
1	23020000	23030000	0	0
1	23030000	23040000	0	0
1	23040000	23050000	0	0
1	23050000	23060000	0	0
1	23060000	23070000	0	0
1	23070000	23080000	0	0
1	23080000	23090000	0	0
1	23090000	23100000	0	0
1	23100000	23110000	0	0
1	23110000	23120000	0	0
1	23120000	23130000	0	0
1	23130000	23140000	0	0
1	23140000	23150000	0	0
1	23150000	23160000	0	0
1	23160000	23170000	0	0
1	23170000	23180000	0	0
1	23180000	23190000	0	0
1	23190000	23200000	0	0
1	23200000	23210000	0	0
1	23210000	23220000	0	0
1	23220000	23230000	0	0
1	23230000	23240000	0	0
1	23240000	23250000	0	0
1	23250000	23260000	0	0
1	23260000	23270000	0	0
1	23270000	23280000	0	0
1	23280000	23290000	0	0
1	23290000	23300000	0	0
1	23300000	23310000	0	0
1	23310000	23320000	0	0
1	23320000	23330000	0	0
1	23330000	23340000	0	0
1	23340000	23350000	0	0
1	23350000	23360000	0	0
1	23360000	23370000	0	0
1	23370000	23380000	0	0
1	23380000	23390000	0	0
1	23390000	23400000	0	0
1	23400000	23410000	0	0
1	23410000	23420000	0	0
1	23420000	23430000	0	0
1	23430000	23440000	0	0
1	23440000	23450000	0	0
1	23450000	23460000	0	0
1	23460000	23470000	0	0
1	23470000	23480000	0	0
1	23480000	23490000	0	0
1	23490000	23500000	0	0
1	23500000	23510000	0	0
1	23510000	23520000	0	0
1	23520000	23530000	0	0
1	23530000	23540000	0	0
1	23540000	23550000	0	0
1	23550000	23560000	0	0
1	23560000	23570000	0	0
1	23570000	23580000	0	0
1	23580000	23590000	0	0
1	23590000	23600000	0	0
1	23600000	23610000	0	0
1	23610000	23620000	0	0
1	23620000	23630000	0	0
1	23630000	23640000	0	0
1	23640000	23650000	0	0
1	23650000	23660000	0	0
1	23660000	23670000	0	0
1	23670000	23680000	0	0
1	23680000	23690000	0	0
1	23690000	23700000	0	0
1	23700000	23710000	0	0
1	23710000	23720000	0	0
1	23720000	23730000	0	0
1	23730000	23740000	0	0
1	23740000	23750000	0	0
1	23750000	23760000	0	0
1	23760000	23770000	0	0
1	23770000	23780000	0	0
1	23780000	23790000	0	0
1	23790000	23800000	0	0
1	23800000	23810000	0	0
1	23810000	23820000	0	0
1	23820000	23830000	0	0
1	23830000	23840000	0	0
1	23840000	23850000	0	0
1	23850000	23860000	0	0
1	23860000	23870000	0	0
1	23870000	23880000	0	0
1	23880000	23890000	0	0
1	23890000	23900000	0	0
1	23900000	23910000	0	0
1	23910000	23920000	0	0
1	23920000	23930000	0	0
1	23930000	23940000	0	0
1	23940000	23950000	0	0
1	23950000	23960000	0	0
1	23960000	23970000	0	0
1	23970000	23980000	0	0
1	23980000	23990000	0	0
1	23990000	24000000	0	0
1	24000000	24010000	0	0
1	24010000	24020000	0	0
1	24020000	24030000	0	0
1	24030000	24040000	0	0
1	24040000	24050000	0	0
1	24050000	24060000	0	0
1	24060000	24070000	0	0
1	24070000	24080000	0	0
1	24080000	24090000	0	0
1	24090000	24100000	0	0
1	24100000	24110000	0	0
1	24110000	24120000	0	0
1	24120000	24130000	0	0
1	24130000	24140000	0	0
1	24140000	24150000	0	0
1	24150000	24160000	0	0
1	24160000	24170000	0	0
1	24170000	24180000	0	0
1	24180000	24190000	0	0
1	24190000	24200000	0	0
1	24200000	24210000	0	0
1	24210000	24220000	0	0
1	24220000	24230000	0	0
1	24230000	24240000	0	0
1	24240000	24250000	0	0
1	24250000	24260000	0	0
1	24260000	24270000	0	0
1	24270000	24280000	0	0
1	24280000	24290000	0	0
1	24290000	24300000	0	0
1	24300000	24310000	0	0
1	24310000	24320000	0	0
1	24320000	24330000	0	0
1	24330000	24340000	0	0
1	24340000	24350000	0	0
1	24350000	24360000	0	0
1	24360000	24370000	0	0
1	24370000	24380000	0	0
1	24380000	24390000	0	0
1	24390000	24400000	0	0
1	24400000	24410000	0	0
1	24410000	24420000	0	0
1	24420000	24430000	0	0
1	24430000	24440000	0	0
1	24440000	24450000	0	0
1	24450000	24460000	0	0
1	24460000	24470000	0	0
1	24470000	24480000	0	0
1	24480000	24490000	0	0
1	24490000	24500000	0	0
1	24500000	24510000	0	0
1	24510000	24520000	0	0
1	24520000	24530000	0	0
1	24530000	24540000	0	0
1	24540000	24550000	0	0
1	24550000	24560000	0	0
1	24560000	24570000	0	0
1	24570000	24580000	0	0
1	24580000	24590000	0	0
1	24590000	24600000	0	0
1	24600000	24610000	0	0
1	24610000	24620000	0	0
1	24620000	24630000	0	0
1	24630000	24640000	0	0
1	24640000	24650000	0	0
1	24650000	24660000	0	0
1	24660000	24670000	0	0
1	24670000	24680000	0	0
1	24680000	24690000	0	0
1	24690000	24700000	0	0
1	24700000	24710000	0	0
1	24710000	24720000	0	0
1	24720000	24730000	0	0
1	24730000	24740000	0	0
1	24740000	24750000	0	0
1	24750000	24760000	0	0
1	24760000	24770000	0	0
1	24770000	24780000	0	0
1	24780000	24790000	0	0
1	24790000	24800000	0	0
1	24800000	24810000	0	0
1	24810000	24820000	0	0
1	24820000	24830000	0	0
1	24830000	24840000	0	0
1	24840000	24850000	0	0
1	24850000	24860000	0	0
1	24860000	24870000	0	0
1	24870000	24880000	0	0
1	24880000	24890000	0	0
1	24890000	24900000	0	0
1	24900000	24910000	0	0
1	24910000	24920000	0	0
1	24920000	24930000	0	0
1	24930000	24940000	0	0
1	24940000	24950000	0	0
1	24950000	24960000	0	0
1	24960000	24970000	0	0
1	24970000	24980000	0	0
1	24980000	24990000	0	0
1	24990000	25000000	0	0
1	25000000	25010000	0	0
1	25010000	25020000	0	0
1	25020000	25030000	0	0
1	25030000	25040000	0	0
1	25040000	25050000	0	0
1	25050000	25060000	0	0
1	25060000	25070000	0	0
1	25070000	25080000	0	0
1	25080000	25090000	0	0
1	25090000	25100000	0	0
1	25100000	25110000	0	0
1	25110000	25120000	0	0
1	25120000	25130000	0	0
1	25130000	25140000	0	0
1	25140000	25150000	0	0
1	25150000	25160000	0	0
1	25160000	25170000	0	0
1	25170000	25180000	0	0
1	25180000	25190000	0	0
1	25190000	25200000	0	0
1	25200000	25210000	0	0
1	25210000	25220000	0	0
1	25220000	25230000	0	0
1	25230000	25240000	0	0
1	25240000	25250000	0	0
1	25250000	25260000	0	0
1	25260000	25270000	0	0
1	25270000	25280000	0	0
1	25280000	25290000	0	0
1	25290000	25300000	0	0
1	25300000	25310000	0	0
1	25310000	25320000	0	0
1	25320000	25330000	0	0
1	25330000	25340000	0	0
1	25340000	25350000	0	0
1	25350000	25360000	0	0
1	25360000	25370000	0	0
1	25370000	25380000	0	0
1	25380000	25390000	0	0
1	25390000	25400000	0	0
1	25400000	25410000	0	0
1	25410000	25420000	0	0
1	25420000	25430000	0	0
1	25430000	25440000	0	0
1	25440000	25450000	0	0
1	25450000	25460000	0	0
1	25460000	25470000	0	0
1	25470000	25480000	0	0
1	25480000	25490000	0	0
1	25490000	25500000	0	0
1	25500000	25510000	0	0
1	25510000	25520000	0	0
1	25520000	25530000	0	0
1	25530000	25540000	0	0
1	25540000	25550000	0	0
1	25550000	25560000	0	0
1	25560000	25570000	0	0
1	25570000	25580000	0	0
1	25580000	25590000	0	0
1	25590000	25600000	0	0
1	25600000	25610000	0	0
1	25610000	25620000	0	0
1	25620000	25630000	0	0
1	25630000	25640000	0	0
1	25640000	25650000	0	0
1	25650000	25660000	0	0
1	25660000	25670000	0	0
1	25670000	25680000	0	0
1	25680000	25690000	0	0
1	25690000	25700000	0	0
1	25700000	25710000	0	0
1	25710000	25720000	0	0
1	25720000	25730000	0	0
1	25730000	25740000	0	0
1	25740000	25750000	0	0
1	25750000	25760000	0	0
1	25760000	25770000	0	0
1	25770000	25780000	0	0
1	25780000	25790000	0	0
1	25790000	25800000	0	0
1	25800000	25810000	0	0
1	25810000	25820000	0	0
1	25820000	25830000	0	0
1	25830000	25840000	0	0
1	25840000	25850000	0	0
1	25850000	25860000	0	0
1	25860000	25870000	0	0
1	25870000	25880000	0	0
1	25880000	25890000	0	0
1	25890000	25900000	0	0
1	25900000	25910000	0	0
1	25910000	25920000	0	0
1	25920000	25930000	0	0
1	25930000	25940000	0	0
1	25940000	25950000	0	0
1	25950000	25960000	0	0
1	25960000	25970000	0	0
1	25970000	25980000	0	0
1	25980000	25990000	0	0
1	25990000	26000000	0	0
1	26000000	26010000	0	0
1	26010000	26020000	0	0
1	26020000	26030000	0	0
1	26030000	26040000	0	0
1	26040000	26050000	0	0
1	26050000	26060000	0	0
1	26060000	26070000	0	0
1	26070000	26080000	0	0
1	26080000	26090000	0	0
1	26090000	26100000	0	0
1	26100000	26110000	0	0
1	26110000	26120000	0	0
1	26120000	26130000	0	0
1	26130000	26140000	0	0
1	26140000	26150000	0	0
1	26150000	26160000	0	0
1	26160000	26170000	0	0
1	26170000	26180000	0	0
1	26180000	26190000	0	0
1	26190000	26200000	0	0
1	26200000	26210000	0	0
1	26210000	26220000	0	0
1	26220000	26230000	0	0
1	26230000	26240000	0	0
1	26240000	26250000	0	0
1	26250000	26260000	0	0
1	26260000	26270000	0	0
1	26270000	26280000	0	0
1	26280000	26290000	0	0
1	26290000	26300000	0	0
1	26300000	26310000	0	0
1	26310000	26320000	0	0
1	26320000	26330000	0	0
1	26330000	26340000	0	0
1	26340000	26350000	0	0
1	26350000	26360000	0	0
1	26360000	26370000	0	0
1	26370000	26380000	0	0
1	26380000	26390000	0	0
1	26390000	26400000	0	0
1	26400000	26410000	0	0
1	26410000	26420000	0	0
1	26420000	26430000	0	0
1	26430000	26440000	0	0
1	26440000	26450000	0	0
1	26450000	26460000	0	0
1	26460000	26470000	0	0
1	26470000	26480000	0	0
1	26480000	26490000	0	0
1	26490000	26500000	0	0
1	26500000	26510000	0	0
1	26510000	26520000	0	0
1	26520000	26530000	0	0
1	26530000	26540000	0	0
1	26540000	26550000	0	0
1	26550000	26560000	0	0
1	26560000	26570000	0	0
1	26570000	26580000	0	0
1	26580000	26590000	0	0
1	26590000	26600000	0	0
1	26600000	26610000	0	0
1	26610000	26620000	0	0
1	26620000	26630000	0	0
1	26630000	26640000	0	0
1	26640000	26650000	0	0
1	26650000	26660000	0	0
1	26660000	26670000	0	0
1	26670000	26680000	0	0
1	26680000	26690000	0	0
1	26690000	26700000	0	0
1	26700000	26710000	0	0
1	26710000	26720000	0	0
1	26720000	26730000	0	0
1	26730000	26740000	0	0
1	26740000	26750000	0	0
1	26750000	26760000	0	0
1	26760000	26770000	0	0
1	26770000	26780000	0	0
1	26780000	26790000	0	0
1	26790000	26800000	0	0
1	26800000	26810000	0	0
1	26810000	26820000	0	0
1	26820000	26830000	0	0
1	26830000	26840000	0	0
1	26840000	26850000	0	0
1	26850000	26860000	0	0
1	26860000	26870000	0	0
1	26870000	26880000	0	0
1	26880000	26890000	0	0
1	26890000	26900000	0	0
1	26900000	26910000	0	0
1	26910000	26920000	0	0
1	26920000	26930000	0	0
1	26930000	26940000	0	0
1	26940000	26950000	0	0
1	26950000	26960000	0	0
1	26960000	26970000	0	0
1	26970000	26980000	0	0
1	26980000	26990000	0	0
1	26990000	27000000	0	0
1	27000000	27010000	0	0
1	27010000	27020000	0	0
1	27020000	27030000	0	0
1	27030000	27040000	0	0
1	27040000	27050000	0	0
1	27050000	27060000	0	0
1	27060000	27070000	0	0
1	27070000	27080000	0	0
1	27080000	27090000	0	0
1	27090000	27100000	0	0
1	27100000	27110000	0	0
1	27110000	27120000	0	0
1	27120000	27130000	0	0
1	27130000	27140000	0	0
1	27140000	27150000	0	0
1	27150000	27160000	0	0
1	27160000	27170000	0	0
1	27170000	27180000	0	0
1	27180000	27190000	0	0
1	27190000	27200000	0	0
1	27200000	27210000	0	0
1	27210000	27220000	0	0
1	27220000	27230000	0	0
1	27230000	27240000	0	0
1	27240000	27250000	0	0
1	27250000	27260000	0	0
1	27260000	27270000	0	0
1	27270000	27280000	0	0
1	27280000	27290000	0	0
1	27290000	27300000	0	0
1	27300000	27310000	0	0
1	27310000	27320000	0	0
1	27320000	27330000	0	0
1	27330000	27340000	0	0
1	27340000	27350000	0	0
1	27350000	27360000	0	0
1	27360000	27370000	0	0
1	27370000	27380000	0	0
1	27380000	27390000	0	0
1	27390000	27400000	0	0
1	27400000	27410000	0	0
1	27410000	27420000	0	0
1	27420000	27430000	0	0
1	27430000	27440000	0	0
1	27440000	27450000	0	0
1	27450000	27460000	0	0
1	27460000	27470000	0	0
1	27470000	27480000	0	0
1	27480000	27490000	0	0
1	27490000	27500000	0	0
1	27500000	27510000	0	0
1	27510000	27520000	0	0
1	27520000	27530000	0	0
1	27530000	27540000	0	0
1	27540000	27550000	0	0
1	27550000	27560000	0	0
1	27560000	27570000	0	0
1	27570000	27580000	0	0
1	27580000	27590000	0	0
1	27590000	27600000	0	0
1	27600000	27610000	0	0
1	27610000	27620000	0	0
1	27620000	27630000	0	0
1	27630000	27640000	0	0
1	27640000	27650000	0	0
1	27650000	27660000	0	0
1	27660000	27670000	0	0
1	27670000	27680000	0	0
1	27680000	27690000	0	0
1	27690000	27700000	0	0
1	27700000	27710000	0	0
1	27710000	27720000	0	0
1	27720000	27730000	0	0
1	27730000	27740000	0	0
1	27740000	27750000	0	0
1	27750000	27760000	0	0
1	27760000	27770000	0	0
1	27770000	27780000	0	0
1	27780000	27790000	0	0
1	27790000	27800000	0	0
1	27800000	27810000	0	0
1	27810000	27820000	0	0
1	27820000	27830000	0	0
1	27830000	27840000	0	0
1	27840000	27850000	0	0
1	27850000	27860000	0	0
1	27860000	27870000	0	0
1	27870000	27880000	0	0
1	27880000	27890000	0	0
1	27890000	27900000	0	0
1	27900000	27910000	0	0
1	27910000	27920000	0	0
1	27920000	27930000	0	0
1	27930000	27940000	0	0
1	27940000	27950000	0	0
1	27950000	27960000	0	0
1	27960000	27970000	0	0
1	27970000	27980000	0	0
1	27980000	27990000	0	0
1	27990000	28000000	0	0
1	28000000	28010000	0	0
1	28010000	28020000	0	0
1	28020000	28030000	0	0
1	28030000	28040000	0	0
1	28040000	28050000	0	0
1	28050000	28060000	0	0
1	28060000	28070000	0	0
1	28070000	28080000	0	0
1	28080000	28090000	0	0
1	28090000	28100000	0	0
1	28100000	28110000	0	0
1	28110000	28120000	0	0
1	28120000	28130000	0	0
1	28130000	28140000	0	0
1	28140000	28150000	0	0
1	28150000	28160000	0	0
1	28160000	28170000	0	0
1	28170000	28180000	0	0
1	28180000	28190000	0	0
1	28190000	28200000	0	0
1	28200000	28210000	0	0
1	28210000	28220000	0	0
1	28220000	28230000	0	0
1	28230000	28240000	0	0
1	28240000	28250000	0	0
1	28250000	28260000	0	0
1	28260000	28270000	0	0
1	28270000	28280000	0	0
1	28280000	28290000	0	0
1	28290000	28300000	0	0
1	28300000	28310000	0	0
1	28310000	28320000	0	0
1	28320000	28330000	0	0
1	28330000	28340000	0	0
1	28340000	28350000	0	0
1	28350000	28360000	0	0
1	28360000	28370000	0	0
1	28370000	28380000	0	0
1	28380000	28390000	0	0
1	28390000	28400000	0	0
1	28400000	28410000	0	0
1	28410000	28420000	0	0
1	28420000	28430000	0	0
1	28430000	28440000	0	0
1	28440000	28450000	0	0
1	28450000	28460000	0	0
1	28460000	28470000	0	0
1	28470000	28480000	0	0
1	28480000	28490000	0	0
1	28490000	28500000	0	0
1	28500000	28510000	0	0
1	28510000	28520000	0	0
1	28520000	28530000	0	0
1	28530000	28540000	0	0
1	28540000	28550000	0	0
1	28550000	28560000	0	0
1	28560000	28570000	0	0
1	28570000	28580000	0	0
1	28580000	28590000	0	0
1	28590000	28600000	0	0
1	28600000	28610000	0	0
1	28610000	28620000	0	0
1	28620000	28630000	0	0
1	28630000	28640000	0	0
1	28640000	28650000	0	0
1	28650000	28660000	0	0
1	28660000	28670000	0	0
1	28670000	28680000	0	0
1	28680000	28690000	0	0
1	28690000	28700000	0	0
1	28700000	28710000	0	0
1	28710000	28720000	0	0
1	28720000	28730000	0	0
1	28730000	28740000	0	0
1	28740000	28750000	0	0
1	28750000	28760000	0	0
1	28760000	28770000	0	0
1	28770000	28780000	0	0
1	28780000	28790000	0	0
1	28790000	28800000	0	0
1	28800000	28810000	0	0
1	28810000	28820000	0	0
1	28820000	28830000	0	0
1	28830000	28840000	0	0
1	28840000	28850000	0	0
1	28850000	28860000	0	0
1	28860000	28870000	0	0
1	28870000	28880000	0	0
1	28880000	28890000	0	0
1	28890000	28900000	0	0
1	28900000	28910000	0	0
1	28910000	28920000	0	0
1	28920000	28930000	0	0
1	28930000	28940000	0	0
1	28940000	28950000	0	0
1	28950000	28960000	0	0
1	28960000	28970000	0	0
1	28970000	28980000	0	0
1	28980000	28990000	0	0
1	28990000	29000000	0	0
1	29000000	29010000	0	0
1	29010000	29020000	0	0
1	29020000	29030000	0	0
1	29030000	29040000	0	0
1	29040000	29050000	0	0
1	29050000	29060000	0	0
1	29060000	29070000	0	0
1	29070000	29080000	0	0
1	29080000	29090000	0	0
1	29090000	29100000	0	0
1	29100000	29110000	0	0
1	29110000	29120000	0	0
1	29120000	29130000	0	0
1	29130000	29140000	0	0
1	29140000	29150000	0	0
1	29150000	29160000	0	0
1	29160000	29170000	0	0
1	29170000	29180000	0	0
1	29180000	29190000	0	0
1	29190000	29200000	0	0
1	29200000	29210000	0	0
1	29210000	29220000	0	0
1	29220000	29230000	0	0
1	29230000	29240000	0	0
1	29240000	29250000	0	0
1	29250000	29260000	0	0
1	29260000	29270000	0	0
1	29270000	29280000	0	0
1	29280000	29290000	0	0
1	29290000	29300000	0	0
1	29300000	29310000	0	0
1	29310000	29320000	0	0
1	29320000	29330000	0	0
1	29330000	29340000	0	0
1	29340000	29350000	0	0
1	29350000	29360000	0	0
1	29360000	29370000	0	0
1	29370000	29380000	0	0
1	29380000	29390000	0	0
1	29390000	29400000	0	0
1	29400000	29410000	0	0
1	29410000	29420000	0	0
1	29420000	29430000	0	0
1	29430000	29440000	0	0
1	29440000	29450000	0	0
1	29450000	29460000	0	0
1	29460000	29470000	0	0
1	29470000	29480000	0	0
1	29480000	29490000	0	0
1	29490000	29500000	0	0
1	29500000	29510000	0	0
1	29510000	29520000	0	0
1	29520000	29530000	0	0
1	29530000	29540000	0	0
1	29540000	29550000	0	0
1	29550000	29560000	0	0
1	29560000	29570000	0	0
1	29570000	29580000	0	0
1	29580000	29590000	0	0
1	29590000	29600000	0	0
1	29600000	29610000	0	0
1	29610000	29620000	0	0
1	29620000	29630000	0	0
1	29630000	29640000	0	0
1	29640000	29650000	0	0
1	29650000	29660000	0	0
1	29660000	29670000	0	0
1	29670000	29680000	0	0
1	29680000	29690000	0	0
1	29690000	29700000	0	0
1	29700000	29710000	0	0
1	29710000	29720000	0	0
1	29720000	29730000	0	0
1	29730000	29740000	0	0
1	29740000	29750000	0	0
1	29750000	29760000	0	0
1	29760000	29770000	0	0
1	29770000	29780000	0	0
1	29780000	29790000	0	0
1	29790000	29800000	0	0
1	29800000	29810000	0	0
1	29810000	29820000	0	0
1	29820000	29830000	0	0
1	29830000	29840000	0	0
1	29840000	29850000	0	0
1	29850000	29860000	0	0
1	29860000	29870000	0	0
1	29870000	29880000	0	0
1	29880000	29890000	0	0
1	29890000	29900000	0	0
1	29900000	29910000	0	0
1	29910000	29920000	0	0
1	29920000	29930000	0	0
1	29930000	29940000	0	0
1	29940000	29950000	0	0
1	29950000	29960000	0	0
1	29960000	29970000	0	0
1	29970000	29980000	0	0
1	29980000	29990000	0	0
1	29990000	30000000	0	0
1	30000000	30010000	0	0
1	30010000	30020000	0	0
1	30020000	30030000	0	0
1	30030000	30040000	0	0
1	30040000	30050000	0	0
1	30050000	30060000	0	0
1	30060000	30070000	0	0
1	30070000	30080000	0	0
1	30080000	30090000	0	0
1	30090000	30100000	0	0
1	30100000	30110000	0	0
1	30110000	30120000	0	0
1	30120000	30130000	0	0
1	30130000	30140000	0	0
1	30140000	30150000	0	0
1	30150000	30160000	0	0
1	30160000	30170000	0	0
1	30170000	30180000	0	0
1	30180000	30190000	0	0
1	30190000	30200000	0	0
1	30200000	30210000	0	0
1	30210000	30220000	0	0
1	30220000	30230000	0	0
1	30230000	30240000	0	0
1	30240000	30250000	0	0
1	30250000	30260000	0	0
1	30260000	30270000	0	0
1	30270000	30280000	0	0
1	30280000	30290000	0	0
1	30290000	30300000	0	0
1	30300000	30310000	0	0
1	30310000	30320000	0	0
1	30320000	30330000	0	0
1	30330000	30340000	0	0
1	30340000	30350000	0	0
1	30350000	30360000	0	0
1	30360000	30370000	0	0
1	30370000	30380000	0	0
1	30380000	30390000	0	0
1	30390000	30400000	0	0
1	30400000	30410000	0	0
1	30410000	30420000	0	0
1	30420000	30430000	0	0
1	30430000	30440000	0	0
1	30440000	30450000	0	0
1	30450000	30460000	0	0
1	30460000	30470000	0	0
1	30470000	30480000	0	0
1	30480000	30490000	0	0
1	30490000	30500000	0	0
1	30500000	30510000	0	0
1	30510000	30520000	0	0
1	30520000	30530000	0	0
1	30530000	30540000	0	0
1	30540000	30550000	0	0
1	30550000	30560000	0	0
1	30560000	30570000	0	0
1	30570000	30580000	0	0
1	30580000	30590000	0	0
1	30590000	30600000	0	0
1	30600000	30610000	0	0
1	30610000	30620000	0	0
1	30620000	30630000	0	0
1	30630000	30640000	0	0
1	30640000	30650000	0	0
1	30650000	30660000	0	0
1	30660000	30670000	0	0
1	30670000	30680000	0	0
1	30680000	30690000	0	0
1	30690000	30700000	0	0
1	30700000	30710000	0	0
1	30710000	30720000	0	0
1	30720000	30730000	0	0
1	30730000	30740000	0	0
1	30740000	30750000	0	0
1	30750000	30760000	0	0
1	30760000	30770000	0	0
1	30770000	30780000	0	0
1	30780000	30790000	0	0
1	30790000	30800000	0	0
1	30800000	30810000	0	0
1	30810000	30820000	0	0
1	30820000	30830000	0	0
1	30830000	30840000	0	0
1	30840000	30850000	0	0
1	30850000	30860000	0	0
1	30860000	30870000	0	0
1	30870000	30880000	0	0
1	30880000	30890000	0	0
1	30890000	30900000	0	0
1	30900000	30910000	0	0
1	30910000	30920000	0	0
1	30920000	30930000	0	0
1	30930000	30940000	0	0
1	30940000	30950000	0	0
1	30950000	30960000	0	0
1	30960000	30970000	0	0
1	30970000	30980000	0	0
1	30980000	30990000	0	0
1	30990000	31000000	0	0
1	31000000	31010000	0	0
1	31010000	31020000	0	0
1	31020000	31030000	0	0
1	31030000	31040000	0	0
1	31040000	31050000	0	0
1	31050000	31060000	0	0
1	31060000	31070000	0	0
1	31070000	31080000	0	0
1	31080000	31090000	0	0
1	31090000	31100000	0	0
1	31100000	31110000	0	0
1	31110000	31120000	0	0
1	31120000	31130000	0	0
1	31130000	31140000	0	0
1	31140000	31150000	0	0
1	31150000	31160000	0	0
1	31160000	31170000	0	0
1	31170000	31180000	0	0
1	31180000	31190000	0	0
1	31190000	31200000	0	0
1	31200000	31210000	0	0
1	31210000	31220000	0	0
1	31220000	31230000	0	0
1	31230000	31240000	0	0
1	31240000	31250000	0	0
1	31250000	31260000	0	0
1	31260000	31270000	0	0
1	31270000	31280000	0	0
1	31280000	31290000	0	0
1	31290000	31300000	0	0
1	31300000	31310000	0	0
1	31310000	31320000	0	0
1	31320000	31330000	0	0
1	31330000	31340000	0	0
1	31340000	31350000	0	0
1	31350000	31360000	0	0
1	31360000	31370000	0	0
1	31370000	31380000	0	0
1	31380000	31390000	0	0
1	31390000	31400000	0	0
1	31400000	31410000	0	0
1	31410000	31420000	0	0
1	31420000	31430000	0	0
1	31430000	31440000	0	0
1	31440000	31450000	0	0
1	31450000	31460000	0	0
1	31460000	31470000	0	0
1	31470000	31480000	0	0
1	31480000	31490000	0	0
1	31490000	31500000	0	0
1	31500000	31510000	0	0
1	31510000	31520000	0	0
1	31520000	31530000	0	0
1	31530000	31540000	0	0
1	31540000	31550000	0	0
1	31550000	31560000	0	0
1	31560000	31570000	0	0
1	31570000	31580000	0	0
1	31580000	31590000	0	0
1	31590000	31600000	0	0
1	31600000	31610000	0	0
1	31610000	31620000	0	0
1	31620000	31630000	0	0
1	31630000	31640000	0	0
1	31640000	31650000	0	0
1	31650000	31660000	0	0
1	31660000	31670000	0	0
1	31670000	31680000	0	0
1	31680000	31690000	0	0
1	31690000	31700000	0	0
1	31700000	31710000	0	0
1	31710000	31720000	0	0
1	31720000	31730000	0	0
1	31730000	31740000	0	0
1	31740000	31750000	0	0
1	31750000	31760000	0	0
1	31760000	31770000	0	0
1	31770000	31780000	0	0
1	31780000	31790000	0	0
1	31790000	31800000	0	0
1	31800000	31810000	0	0
1	31810000	31820000	0	0
1	31820000	31830000	0	0
1	31830000	31840000	0	0
1	31840000	31850000	0	0
1	31850000	31860000	0	0
1	31860000	31870000	0	0
1	31870000	31880000	0	0
1	31880000	31890000	0	0
1	31890000	31900000	0	0
1	31900000	31910000	0	0
1	31910000	31920000	0	0
1	31920000	31930000	0	0
1	31930000	31940000	0	0
1	31940000	31950000	0	0
1	31950000	31960000	0	0
1	31960000	31970000	0	0
1	31970000	31980000	0	0
1	31980000	31990000	0	0
1	31990000	32000000	0	0
1	32000000	32010000	0	0
1	32010000	32020000	0	0
1	32020000	32030000	0	0
1	32030000	32040000	0	0
1	32040000	32050000	0	0
1	32050000	32060000	0	0
1	32060000	32070000	0	0
1	32070000	32080000	0	0
1	32080000	32090000	0	0
1	32090000	32100000	0	0
1	32100000	32110000	0	0
1	32110000	32120000	0	0
1	32120000	32130000	0	0
1	32130000	32140000	0	0
1	32140000	32150000	0	0
1	32150000	32160000	0	0
1	32160000	32170000	0	0
1	32170000	32180000	0	0
1	32180000	32190000	0	0
1	32190000	32200000	0	0
1	32200000	32210000	0	0
1	32210000	32220000	0	0
1	32220000	32230000	0	0
1	32230000	32240000	0	0
1	32240000	32250000	0	0
1	32250000	32260000	0	0
1	32260000	32270000	0	0
1	32270000	32280000	0	0
1	32280000	32290000	0	0
1	32290000	32300000	0	0
1	32300000	32310000	0	0
1	32310000	32320000	0	0
1	32320000	32330000	0	0
1	32330000	32340000	0	0
1	32340000	32350000	0	0
1	32350000	32360000	0	0
1	32360000	32370000	0	0
1	32370000	32380000	0	0
1	32380000	32390000	0	0
1	32390000	32400000	0	0
1	32400000	32410000	0	0
1	32410000	32420000	0	0
1	32420000	32430000	0	0
1	32430000	32440000	0	0
1	32440000	32450000	0	0
1	32450000	32460000	0	0
1	32460000	32470000	0	0
1	32470000	32480000	0	0
1	32480000	32490000	0	0
1	32490000	32500000	0	0
1	32500000	32510000	0	0
1	32510000	32520000	0	0
1	32520000	32530000	0	0
1	32530000	32540000	0	0
1	32540000	32550000	0	0
1	32550000	32560000	0	0
1	32560000	32570000	0	0
1	32570000	32580000	0	0
1	32580000	32590000	0	0
1	32590000	32600000	0	0
1	32600000	32610000	0	0
1	32610000	32620000	0	0
1	32620000	32630000	0	0
1	32630000	32640000	0	0
1	32640000	32650000	0	0
1	32650000	32660000	0	0
1	32660000	32670000	0	0
1	32670000	32680000	0	0
1	32680000	32690000	0	0
1	32690000	32700000	0	0
1	32700000	32710000	0	0
1	32710000	32720000	0	0
1	32720000	32730000	0	0
1	32730000	32740000	0	0
1	32740000	32750000	0	0
1	32750000	32760000	0	0
1	32760000	32770000	0	0
1	32770000	32780000	0	0
1	32780000	32790000	0	0
1	32790000	32800000	0	0
1	32800000	32810000	0	0
1	32810000	32820000	0	0
1	32820000	32830000	0	0
1	32830000	32840000	0	0
1	32840000	32850000	0	0
1	32850000	32860000	0	0
1	32860000	32870000	0	0
1	32870000	32880000	0	0
1	32880000	32890000	0	0
1	32890000	32900000	0	0
1	32900000	32910000	0	0
1	32910000	32920000	0	0
1	32920000	32930000	0	0
1	32930000	32940000	0	0
1	32940000	32950000	0	0
1	32950000	32960000	0	0
1	32960000	32970000	0	0
1	32970000	32980000	0	0
1	32980000	32990000	0	0
1	32990000	33000000	0	0
1	33000000	33010000	0	0
1	33010000	33020000	0	0
1	33020000	33030000	0	0
1	33030000	33040000	0	0
1	33040000	33050000	0	0
1	33050000	33060000	0	0
1	33060000	33070000	0	0
1	33070000	33080000	0	0
1	33080000	33090000	0	0
1	33090000	33100000	0	0
1	33100000	33110000	0	0
1	33110000	33120000	0	0
1	33120000	33130000	0	0
1	33130000	33140000	0	0
1	33140000	33150000	0	0
1	33150000	33160000	0	0
1	33160000	33170000	0	0
1	33170000	33180000	0	0
1	33180000	33190000	0	0
1	33190000	33200000	0	0
1	33200000	33210000	0	0
1	33210000	33220000	0	0
1	33220000	33230000	0	0
1	33230000	33240000	0	0
1	33240000	33250000	0	0
1	33250000	33260000	0	0
1	33260000	33270000	0	0
1	33270000	33280000	0	0
1	33280000	33290000	0	0
1	33290000	33300000	0	0
1	33300000	33310000	0	0
1	33310000	33320000	0	0
1	33320000	33330000	0	0
1	33330000	33340000	0	0
1	33340000	33350000	0	0
1	33350000	33360000	0	0
1	33360000	33370000	0	0
1	33370000	33380000	0	0
1	33380000	33390000	0	0
1	33390000	33400000	0	0
1	33400000	33410000	0	0
1	33410000	33420000	0	0
1	33420000	33430000	0	0
1	33430000	33440000	0	0
1	33440000	33450000	0	0
1	33450000	33460000	0	0
1	33460000	33470000	0	0
1	33470000	33480000	0	0
1	33480000	33490000	0	0
1	33490000	33500000	0	0
1	33500000	33510000	0	0
1	33510000	33520000	0	0
1	33520000	33530000	0	0
1	33530000	33540000	0	0
1	33540000	33550000	0	0
1	33550000	33560000	0	0
1	33560000	33570000	0	0
1	33570000	33580000	0	0
1	33580000	33590000	0	0
1	33590000	33600000	0	0
1	33600000	33610000	0	0
1	33610000	33620000	0	0
1	33620000	33630000	0	0
1	33630000	33640000	0	0
1	33640000	33650000	0	0
1	33650000	33660000	0	0
1	33660000	33670000	0	0
1	33670000	33680000	0	0
1	33680000	33690000	0	0
1	33690000	33700000	0	0
1	33700000	33710000	0	0
1	33710000	33720000	0	0
1	33720000	33730000	0	0
1	33730000	33740000	0	0
1	33740000	33750000	0	0
1	33750000	33760000	0	0
1	33760000	33770000	0	0
1	33770000	33780000	0	0
1	33780000	33790000	0	0
1	33790000	33800000	0	0
1	33800000	33810000	0	0
1	33810000	33820000	0	0
1	33820000	33830000	0	0
1	33830000	33840000	0	0
1	33840000	33850000	0	0
1	33850000	33860000	0	0
1	33860000	33870000	0	0
1	33870000	33880000	0	0
1	33880000	33890000	0	0
1	33890000	33900000	0	0
1	33900000	33910000	0	0
1	33910000	33920000	0	0
1	33920000	33930000	0	0
1	33930000	33940000	0	0
1	33940000	33950000	0	0
1	33950000	33960000	0	0
1	33960000	33970000	0	0
1	33970000	33980000	0	0
1	33980000	33990000	0	0
1	33990000	34000000	0	0
1	34000000	34010000	0	0
1	34010000	34020000	0	0
1	34020000	34030000	0	0
1	34030000	34040000	0	0
1	34040000	34050000	0	0
1	34050000	34060000	0	0
1	34060000	34070000	0	0
1	34070000	34080000	0	0
1	34080000	34090000	0	0
1	34090000	34100000	0	0
1	34100000	34110000	0	0
1	34110000	34120000	0	0
1	34120000	34130000	0	0
1	34130000	34140000	0	0
1	34140000	34150000	0	0
1	34150000	34160000	0	0
1	34160000	34170000	0	0
1	34170000	34180000	0	0
1	34180000	34190000	0	0
1	34190000	34200000	0	0
1	34200000	34210000	0	0
1	34210000	34220000	0	0
1	34220000	34230000	0	0
1	34230000	34240000	0	0
1	34240000	34250000	0	0
1	34250000	34260000	0	0
1	34260000	34270000	0	0
1	34270000	34280000	0	0
1	34280000	34290000	0	0
1	34290000	34300000	0	0
1	34300000	34310000	0	0
1	34310000	34320000	0	0
1	34320000	34330000	0	0
1	34330000	34340000	0	0
1	34340000	34350000	0	0
1	34350000	34360000	0	0
1	34360000	34370000	0	0
1	34370000	34380000	0	0
1	34380000	34390000	0	0
1	34390000	34400000	0	0
1	34400000	34410000	0	0
1	34410000	34420000	0	0
1	34420000	34430000	0	0
1	34430000	34440000	0	0
1	34440000	34450000	0	0
1	34450000	34460000	0	0
1	34460000	34470000	0	0
1	34470000	34480000	0	0
1	34480000	34490000	0	0
1	34490000	34500000	0	0
1	34500000	34510000	0	0
1	34510000	34520000	0	0
1	34520000	34530000	0	0
1	34530000	34540000	0	0
1	34540000	34550000	0	0
1	34550000	34560000	0	0
1	34560000	34570000	0	0
1	34570000	34580000	0	0
1	34580000	34590000	0	0
1	34590000	34600000	0	0
1	34600000	34610000	0	0
1	34610000	34620000	0	0
1	34620000	34630000	0	0
1	34630000	34640000	0	0
1	34640000	34650000	0	0
1	34650000	34660000	0	0
1	34660000	34670000	0	0
1	34670000	34680000	0	0
1	34680000	34690000	0	0
1	34690000	34700000	0	0
1	34700000	34710000	0	0
1	34710000	34720000	0	0
1	34720000	34730000	0	0
1	34730000	34740000	0	0
1	34740000	34750000	0	0
1	34750000	34760000	0	0
1	34760000	34770000	0	0
1	34770000	34780000	0	0
1	34780000	34790000	0	0
1	34790000	34800000	0	0
1	34800000	34810000	0	0
1	34810000	34820000	0	0
1	34820000	34830000	0	0
1	34830000	34840000	0	0
1	34840000	34850000	0	0
1	34850000	34860000	0	0
1	34860000	34870000	0	0
1	34870000	34880000	0	0
1	34880000	34890000	0	0
1	34890000	34900000	0	0
1	34900000	34910000	0	0
1	34910000	34920000	0	0
1	34920000	34930000	0	0
1	34930000	34940000	0	0
1	34940000	34950000	0	0
1	34950000	34960000	0	0
1	34960000	34970000	0	0
1	34970000	34980000	0	0
1	34980000	34990000	0	0
1	34990000	35000000	0	0
1	35000000	35010000	0	0
1	35010000	35020000	0	0
1	35020000	35030000	0	0
1	35030000	35040000	0	0
1	35040000	35050000	0	0
1	35050000	35060000	0	0
1	35060000	35070000	0	0
1	35070000	35080000	0	0
1	35080000	35090000	0	0
1	35090000	35100000	0	0
1	35100000	35110000	0	0
1	35110000	35120000	0	0
1	35120000	35130000	0	0
1	35130000	35140000	0	0
1	35140000	35150000	0	0
1	35150000	35160000	0	0
1	35160000	35170000	0	0
1	35170000	35180000	0	0
1	35180000	35190000	0	0
1	35190000	35200000	0	0
1	35200000	35210000	0	0
1	35210000	35220000	0	0
1	35220000	35230000	0	0
1	35230000	35240000	0	0
1	35240000	35250000	0	0
1	35250000	35260000	0	0
1	35260000	35270000	0	0
1	35270000	35280000	0	0
1	35280000	35290000	0	0
1	35290000	35300000	0	0
1	35300000	35310000	0	0
1	35310000	35320000	0	0
1	35320000	35330000	0	0
1	35330000	35340000	0	0
1	35340000	35350000	0	0
1	35350000	35360000	0	0
1	35360000	35370000	0	0
1	35370000	35380000	0	0
1	35380000	35390000	0	0
1	35390000	35400000	0	0
1	35400000	35410000	0	0
1	35410000	35420000	0	0
1	35420000	35430000	0	0
1	35430000	35440000	0	0
1	35440000	35450000	0	0
1	35450000	35460000	0	0
1	35460000	35470000	0	0
1	35470000	35480000	0	0
1	35480000	35490000	0	0
1	35490000	35500000	0	0
1	35500000	35510000	0	0
1	35510000	35520000	0	0
1	35520000	35530000	0	0
1	35530000	35540000	0	0
1	35540000	35550000	0	0
1	35550000	35560000	0	0
1	35560000	35570000	0	0
1	35570000	35580000	0	0
1	35580000	35590000	0	0
1	35590000	35600000	0	0
1	35600000	35610000	0	0
1	35610000	35620000	0	0
1	35620000	35630000	0	0
1	35630000	35640000	0	0
1	35640000	35650000	0	0
1	35650000	35660000	0	0
1	35660000	35670000	0	0
1	35670000	35680000	0	0
1	35680000	35690000	0	0
1	35690000	35700000	0	0
1	35700000	35710000	0	0
1	35710000	35720000	0	0
1	35720000	35730000	0	0
1	35730000	35740000	0	0
1	35740000	35750000	0	0
1	35750000	35760000	0	0
1	35760000	35770000	0	0
1	35770000	35780000	0	0
1	35780000	35790000	0	0
1	35790000	35800000	0	0
1	35800000	35810000	0	0
1	35810000	35820000	0	0
1	35820000	35830000	0	0
1	35830000	35840000	0	0
1	35840000	35850000	0	0
1	35850000	35860000	0	0
1	35860000	35870000	0	0
1	35870000	35880000	0	0
1	35880000	35890000	0	0
1	35890000	35900000	0	0
1	35900000	35910000	0	0
1	35910000	35920000	0	0
1	35920000	35930000	0	0
1	35930000	35940000	0	0
1	35940000	35950000	0	0
1	35950000	35960000	0	0
1	35960000	35970000	0	0
1	35970000	35980000	0	0
1	35980000	35990000	0	0
1	35990000	36000000	0	0
1	36000000	36010000	0	0
1	36010000	36020000	0	0
1	36020000	36030000	0	0
1	36030000	36040000	0	0
1	36040000	36050000	0	0
1	36050000	36060000	0	0
1	36060000	36070000	0	0
1	36070000	36080000	0	0
1	36080000	36090000	0	0
1	36090000	36100000	0	0
1	36100000	36110000	0	0
1	36110000	36120000	0	0
1	36120000	36130000	0	0
1	36130000	36140000	0	0
1	36140000	36150000	0	0
1	36150000	36160000	0	0
1	36160000	36170000	0	0
1	36170000	36180000	0	0
1	36180000	36190000	0	0
1	36190000	36200000	0	0
1	36200000	36210000	0	0
1	36210000	36220000	0	0
1	36220000	36230000	0	0
1	36230000	36240000	0	0
1	36240000	36250000	0	0
1	36250000	36260000	0	0
1	36260000	36270000	0	0
1	36270000	36280000	0	0
1	36280000	36290000	0	0
1	36290000	36300000	0	0
1	36300000	36310000	0	0
1	36310000	36320000	0	0
1	36320000	36330000	0	0
1	36330000	36340000	0	0
1	36340000	36350000	0	0
1	36350000	36360000	0	0
1	36360000	36370000	0	0
1	36370000	36380000	0	0
1	36380000	36390000	0	0
1	36390000	36400000	0	0
1	36400000	36410000	0	0
1	36410000	36420000	0	0
1	36420000	36430000	0	0
1	36430000	36440000	0	0
1	36440000	36450000	0	0
1	36450000	36460000	0	0
1	36460000	36470000	0	0
1	36470000	36480000	0	0
1	36480000	36490000	0	0
1	36490000	36500000	0	0
1	36500000	36510000	0	0
1	36510000	36520000	0	0
1	36520000	36530000	0	0
1	36530000	36540000	0	0
1	36540000	36550000	0	0
1	36550000	36560000	0	0
1	36560000	36570000	0	0
1	36570000	36580000	0	0
1	36580000	36590000	0	0
1	36590000	36600000	0	0
1	36600000	36610000	0	0
1	36610000	36620000	0	0
1	36620000	36630000	0	0
1	36630000	36640000	0	0
1	36640000	36650000	0	0
1	36650000	36660000	0	0
1	36660000	36670000	0	0
1	36670000	36680000	0	0
1	36680000	36690000	0	0
1	36690000	36700000	0	0
1	36700000	36710000	0	0
1	36710000	36720000	0	0
1	36720000	36730000	0	0
1	36730000	36740000	0	0
1	36740000	36750000	0	0
1	36750000	36760000	0	0
1	36760000	36770000	0	0
1	36770000	36780000	0	0
1	36780000	36790000	0	0
1	36790000	36800000	0	0
1	36800000	36810000	0	0
1	36810000	36820000	0	0
1	36820000	36830000	0	0
1	36830000	36840000	0	0
1	36840000	36850000	0	0
1	36850000	36860000	0	0
1	36860000	36870000	0	0
1	36870000	36880000	0	0
1	36880000	36890000	0	0
1	36890000	36900000	0	0
1	36900000	36910000	0	0
1	36910000	36920000	0	0
1	36920000	36930000	0	0
1	36930000	36940000	0	0
1	36940000	36950000	0	0
1	36950000	36960000	0	0
1	36960000	36970000	0	0
1	36970000	36980000	0	0
1	36980000	36990000	0	0
1	36990000	37000000	0	0
1	37000000	37010000	0	0
1	37010000	37020000	0	0
1	37020000	37030000	0	0
1	37030000	37040000	0	0
1	37040000	37050000	0	0
1	37050000	37060000	0	0
1	37060000	37070000	0	0
1	37070000	37080000	0	0
1	37080000	37090000	0	0
1	37090000	37100000	0	0
1	37100000	37110000	0	0
1	37110000	37120000	0	0
1	37120000	37130000	0	0
1	37130000	37140000	0	0
1	37140000	37150000	0	0
1	37150000	37160000	0	0
1	37160000	37170000	0	0
1	37170000	37180000	0	0
1	37180000	37190000	0	0
1	37190000	37200000	0	0
1	37200000	37210000	0	0
1	37210000	37220000	0	0
1	37220000	37230000	0	0
1	37230000	37240000	0	0
1	37240000	37250000	0	0
1	37250000	37260000	0	0
1	37260000	37270000	0	0
1	37270000	37280000	0	0
1	37280000	37290000	0	0
1	37290000	37300000	0	0
1	37300000	37310000	0	0
1	37310000	37320000	0	0
1	37320000	37330000	0	0
1	37330000	37340000	0	0
1	37340000	37350000	0	0
1	37350000	37360000	0	0
1	37360000	37370000	0	0
1	37370000	37380000	0	0
1	37380000	37390000	0	0
1	37390000	37400000	0	0
1	37400000	37410000	0	0
1	37410000	37420000	0	0
1	37420000	37430000	0	0
1	37430000	37440000	0	0
1	37440000	37450000	0	0
1	37450000	37460000	0	0
1	37460000	37470000	0	0
1	37470000	37480000	0	0
1	37480000	37490000	0	0
1	37490000	37500000	0	0
1	37500000	37510000	0	0
1	37510000	37520000	0	0
1	37520000	37530000	0	0
1	37530000	37540000	0	0
1	37540000	37550000	0	0
1	37550000	37560000	0	0
1	37560000	37570000	0	0
1	37570000	37580000	0	0
1	37580000	37590000	0	0
1	37590000	37600000	0	0
1	37600000	37610000	0	0
1	37610000	37620000	0	0
1	37620000	37630000	0	0
1	37630000	37640000	0	0
1	37640000	37650000	0	0
1	37650000	37660000	0	0
1	37660000	37670000	0	0
1	37670000	37680000	0	0
1	37680000	37690000	0	0
1	37690000	37700000	0	0
1	37700000	37710000	0	0
1	37710000	37720000	0	0
1	37720000	37730000	0	0
1	37730000	37740000	0	0
1	37740000	37750000	0	0
1	37750000	37760000	0	0
1	37760000	37770000	0	0
1	37770000	37780000	0	0
1	37780000	37790000	0	0
1	37790000	37800000	0	0
1	37800000	37810000	0	0
1	37810000	37820000	0	0
1	37820000	37830000	0	0
1	37830000	37840000	0	0
1	37840000	37850000	0	0
1	37850000	37860000	0	0
1	37860000	37870000	0	0
1	37870000	37880000	0	0
1	37880000	37890000	0	0
1	37890000	37900000	0	0
1	37900000	37910000	0	0
1	37910000	37920000	0	0
1	37920000	37930000	0	0
1	37930000	37940000	0	0
1	37940000	37950000	0	0
1	37950000	37960000	0	0
1	37960000	37970000	0	0
1	37970000	37980000	0	0
1	37980000	37990000	0	0
1	37990000	38000000	0	0
1	38000000	38010000	0	0
1	38010000	38020000	0	0
1	38020000	38030000	0	0
1	38030000	38040000	0	0
1	38040000	38050000	0	0
1	38050000	38060000	0	0
1	38060000	38070000	0	0
1	38070000	38080000	0	0
1	38080000	38090000	0	0
1	38090000	38100000	0	0
1	38100000	38110000	0	0
1	38110000	38120000	0	0
1	38120000	38130000	0	0
1	38130000	38140000	0	0
1	38140000	38150000	0	0
1	38150000	38160000	0	0
1	38160000	38170000	0	0
1	38170000	38180000	0	0
1	38180000	38190000	0	0
1	38190000	38200000	0	0
1	38200000	38210000	0	0
1	38210000	38220000	0	0
1	38220000	38230000	0	0
1	38230000	38240000	0	0
1	38240000	38250000	0	0
1	38250000	38260000	0	0
1	38260000	38270000	0	0
1	38270000	38280000	0	0
1	38280000	38290000	0	0
1	38290000	38300000	0	0
1	38300000	38310000	0	0
1	38310000	38320000	0	0
1	38320000	38330000	0	0
1	38330000	38340000	0	0
1	38340000	38350000	0	0
1	38350000	38360000	0	0
1	38360000	38370000	0	0
1	38370000	38380000	0	0
1	38380000	38390000	0	0
1	38390000	38400000	0	0
1	38400000	38410000	0	0
1	38410000	38420000	0	0
1	38420000	38430000	0	0
1	38430000	38440000	0	0
1	38440000	38450000	0	0
1	38450000	38460000	0	0
1	38460000	38470000	0	0
1	38470000	38480000	0	0
1	38480000	38490000	0	0
1	38490000	38500000	0	0
1	38500000	38510000	0	0
1	38510000	38520000	0	0
1	38520000	38530000	0	0
1	38530000	38540000	0	0
1	38540000	38550000	0	0
1	38550000	38560000	0	0
1	38560000	38570000	0	0
1	38570000	38580000	0	0
1	38580000	38590000	0	0
1	38590000	38600000	0	0
1	38600000	38610000	0	0
1	38610000	38620000	0	0
1	38620000	38630000	0	0
1	38630000	38640000	0	0
1	38640000	38650000	0	0
1	38650000	38660000	0	0
1	38660000	38670000	0	0
1	38670000	38680000	0	0
1	38680000	38690000	0	0
1	38690000	38700000	0	0
1	38700000	38710000	0	0
1	38710000	38720000	0	0
1	38720000	38730000	0	0
1	38730000	38740000	0	0
1	38740000	38750000	0	0
1	38750000	38760000	0	0
1	38760000	38770000	0	0
1	38770000	38780000	0	0
1	38780000	38790000	0	0
1	38790000	38800000	0	0
1	38800000	38810000	0	0
1	38810000	38820000	0	0
1	38820000	38830000	0	0
1	38830000	38840000	0	0
1	38840000	38850000	0	0
1	38850000	38860000	0	0
1	38860000	38870000	0	0
1	38870000	38880000	0	0
1	38880000	38890000	0	0
1	38890000	38900000	0	0
1	38900000	38910000	0	0
1	38910000	38920000	0	0
1	38920000	38930000	0	0
1	38930000	38940000	0	0
1	38940000	38950000	0	0
1	38950000	38960000	0	0
1	38960000	38970000	0	0
1	38970000	38980000	0	0
1	38980000	38990000	0	0
1	38990000	39000000	0	0
1	39000000	39010000	0	0
1	39010000	39020000	0	0
1	39020000	39030000	0	0
1	39030000	39040000	0	0
1	39040000	39050000	0	0
1	39050000	39060000	0	0
1	39060000	39070000	0	0
1	39070000	39080000	0	0
1	39080000	39090000	0	0
1	39090000	39100000	0	0
1	39100000	39110000	0	0
1	39110000	39120000	0	0
1	39120000	39130000	0	0
1	39130000	39140000	0	0
1	39140000	39150000	0	0
1	39150000	39160000	0	0
1	39160000	39170000	0	0
1	39170000	39180000	0	0
1	39180000	39190000	0	0
1	39190000	39200000	0	0
1	39200000	39210000	0	0
1	39210000	39220000	0	0
1	39220000	39230000	0	0
1	39230000	39240000	0	0
1	39240000	39250000	0	0
1	39250000	39260000	0	0
1	39260000	39270000	0	0
1	39270000	39280000	0	0
1	39280000	39290000	0	0
1	39290000	39300000	0	0
1	39300000	39310000	0	0
1	39310000	39320000	0	0
1	39320000	39330000	0	0
1	39330000	39340000	0	0
1	39340000	39350000	0	0
1	39350000	39360000	0	0
1	39360000	39370000	0	0
1	39370000	39380000	0	0
1	39380000	39390000	0	0
1	39390000	39400000	0	0
1	39400000	39410000	0	0
1	39410000	39420000	0	0
1	39420000	39430000	0	0
1	39430000	39440000	0	0
1	39440000	39450000	0	0
1	39450000	39460000	0	0
1	39460000	39470000	0	0
1	39470000	39480000	0	0
1	39480000	39490000	0	0
1	39490000	39500000	0	0
1	39500000	39510000	0	0
1	39510000	39520000	0	0
1	39520000	39530000	0	0
1	39530000	39540000	0	0
1	39540000	39550000	0	0
1	39550000	39560000	0	0
1	39560000	39570000	0	0
1	39570000	39580000	0	0
1	39580000	39590000	0	0
1	39590000	39600000	0	0
1	39600000	39610000	0	0
1	39610000	39620000	0	0
1	39620000	39630000	0	0
1	39630000	39640000	0	0
1	39640000	39650000	0	0
1	39650000	39660000	0	0
1	39660000	39670000	0	0
1	39670000	39680000	0	0
1	39680000	39690000	0	0
1	39690000	39700000	0	0
1	39700000	39710000	0	0
1	39710000	39720000	0	0
1	39720000	39730000	0	0
1	39730000	39740000	0	0
1	39740000	39750000	0	0
1	39750000	39760000	0	0
1	39760000	39770000	0	0
1	39770000	39780000	0	0
1	39780000	39790000	0	0
1	39790000	39800000	0	0
1	39800000	39810000	0	0
1	39810000	39820000	0	0
1	39820000	39830000	0	0
1	39830000	39840000	0	0
1	39840000	39850000	0	0
1	39850000	39860000	0	0
1	39860000	39870000	0	0
1	39870000	39880000	0	0
1	39880000	39890000	0	0
1	39890000	39900000	0	0
1	39900000	39910000	0	0
1	39910000	39920000	0	0
1	39920000	39930000	0	0
1	39930000	39940000	0	0
1	39940000	39950000	0	0
1	39950000	39960000	0	0
1	39960000	39970000	0	0
1	39970000	39980000	0	0
1	39980000	39990000	0	0
1	39990000	40000000	0	0
1	40000000	40010000	0	0
1	40010000	40020000	0	0
1	40020000	40030000	0	0
1	40030000	40040000	0	0
1	40040000	40050000	0	0
1	40050000	40060000	0	0
1	40060000	40070000	0	0
1	40070000	40080000	0	0
1	40080000	40090000	0	0
1	40090000	40100000	0	0
1	40100000	40110000	0	0
1	40110000	40120000	0	0
1	40120000	40130000	0	0
1	40130000	40140000	0	0
1	40140000	40150000	0	0
1	40150000	40160000	0	0
1	40160000	40170000	0	0
1	40170000	40180000	0	0
1	40180000	40190000	0	0
1	40190000	40200000	0	0
1	40200000	40210000	0	0
1	40210000	40220000	0	0
1	40220000	40230000	0	0
1	40230000	40240000	0	0
1	40240000	40250000	0	0
1	40250000	40260000	0	0
1	40260000	40270000	0	0
1	40270000	40280000	0	0
1	40280000	40290000	0	0
1	40290000	40300000	0	0
1	40300000	40310000	0	0
1	40310000	40320000	0	0
1	40320000	40330000	0	0
1	40330000	40340000	0	0
1	40340000	40350000	0	0
1	40350000	40360000	0	0
1	40360000	40370000	0	0
1	40370000	40380000	0	0
1	40380000	40390000	0	0
1	40390000	40400000	0	0
1	40400000	40410000	0	0
1	40410000	40420000	0	0
1	40420000	40430000	0	0
1	40430000	40440000	0	0
1	40440000	40450000	0	0
1	40450000	40460000	0	0
1	40460000	40470000	0	0
1	40470000	40480000	0	0
1	40480000	40490000	0	0
1	40490000	40500000	0	0
1	40500000	40510000	0	0
1	40510000	40520000	0	0
1	40520000	40530000	0	0
1	40530000	40540000	0	0
1	40540000	40550000	0	0
1	40550000	40560000	0	0
1	40560000	40570000	0	0
1	40570000	40580000	0	0
1	40580000	40590000	0	0
1	40590000	40600000	0	0
1	40600000	40610000	0	0
1	40610000	40620000	0	0
1	40620000	40630000	0	0
1	40630000	40640000	0	0
1	40640000	40650000	0	0
1	40650000	40660000	0	0
1	40660000	40670000	0	0
1	40670000	40680000	0	0
1	40680000	40690000	0	0
1	40690000	40700000	0	0
1	40700000	40710000	0	0
1	40710000	40720000	0	0
1	40720000	40730000	0	0
1	40730000	40740000	0	0
1	40740000	40750000	0	0
1	40750000	40760000	0	0
1	40760000	40770000	0	0
1	40770000	40780000	0	0
1	40780000	40790000	0	0
1	40790000	40800000	0	0
1	40800000	40810000	0	0
1	40810000	40820000	0	0
1	40820000	40830000	0	0
1	40830000	40840000	0	0
1	40840000	40850000	0	0
1	40850000	40860000	0	0
1	40860000	40870000	0	0
1	40870000	40880000	0	0
1	40880000	40890000	0	0
1	40890000	40900000	0	0
1	40900000	40910000	0	0
1	40910000	40920000	0	0
1	40920000	40930000	0	0
1	40930000	40940000	0	0
1	40940000	40950000	0	0
1	40950000	40960000	0	0
1	40960000	40970000	0	0
1	40970000	40980000	0	0
1	40980000	40990000	0	0
1	40990000	41000000	0	0
1	41000000	41010000	0	0
1	41010000	41020000	0	0
1	41020000	41030000	0	0
1	41030000	41040000	0	0
1	41040000	41050000	0	0
1	41050000	41060000	0	0
1	41060000	41070000	0	0
1	41070000	41080000	0	0
1	41080000	41090000	0	0
1	41090000	41100000	0	0
1	41100000	41110000	0	0
1	41110000	41120000	0	0
1	41120000	41130000	0	0
1	41130000	41140000	0	0
1	41140000	41150000	0	0
1	41150000	41160000	0	0
1	41160000	41170000	0	0
1	41170000	41180000	0	0
1	41180000	41190000	0	0
1	41190000	41200000	0	0
1	41200000	41210000	0	0
1	41210000	41220000	0	0
1	41220000	41230000	0	0
1	41230000	41240000	0	0
1	41240000	41250000	0	0
1	41250000	41260000	0	0
1	41260000	41270000	0	0
1	41270000	41280000	0	0
1	41280000	41290000	0	0
1	41290000	41300000	0	0
1	41300000	41310000	0	0
1	41310000	41320000	0	0
1	41320000	41330000	0	0
1	41330000	41340000	0	0
1	41340000	41350000	0	0
1	41350000	41360000	0	0
1	41360000	41370000	0	0
1	41370000	41380000	0	0
1	41380000	41390000	0	0
1	41390000	41400000	0	0
1	41400000	41410000	0	0
1	41410000	41420000	0	0
1	41420000	41430000	0	0
1	41430000	41440000	0	0
1	41440000	41450000	0	0
1	41450000	41460000	0	0
1	41460000	41470000	0	0
1	41470000	41480000	0	0
1	41480000	41490000	0	0
1	41490000	41500000	0	0
1	41500000	41510000	0	0
1	41510000	41520000	0	0
1	41520000	41530000	0	0
1	41530000	41540000	0	0
1	41540000	41550000	0	0
1	41550000	41560000	0	0
1	41560000	41570000	0	0
1	41570000	41580000	0	0
1	41580000	41590000	0	0
1	41590000	41600000	0	0
1	41600000	41610000	0	0
1	41610000	41620000	0	0
1	41620000	41630000	0	0
1	41630000	41640000	0	0
1	41640000	41650000	0	0
1	41650000	41660000	0	0
1	41660000	41670000	0	0
1	41670000	41680000	0	0
1	41680000	41690000	0	0
1	41690000	41700000	0	0
1	41700000	41710000	0	0
1	41710000	41720000	0	0
1	41720000	41730000	0	0
1	41730000	41740000	0	0
1	41740000	41750000	0	0
1	41750000	41760000	0	0
1	41760000	41770000	0	0
1	41770000	41780000	0	0
1	41780000	41790000	0	0
1	41790000	41800000	0	0
1	41800000	41810000	0	0
1	41810000	41820000	0	0
1	41820000	41830000	0	0
1	41830000	41840000	0	0
1	41840000	41850000	0	0
1	41850000	41860000	0	0
1	41860000	41870000	0	0
1	41870000	41880000	0	0
1	41880000	41890000	0	0
1	41890000	41900000	0	0
1	41900000	41910000	0	0
1	41910000	41920000	0	0
1	41920000	41930000	0	0
1	41930000	41940000	0	0
1	41940000	41950000	0	0
1	41950000	41960000	0	0
1	41960000	41970000	0	0
1	41970000	41980000	0	0
1	41980000	41990000	0	0
1	41990000	42000000	0	0
1	42000000	42010000	0	0
1	42010000	42020000	0	0
1	42020000	42030000	0	0
1	42030000	42040000	0	0
1	42040000	42050000	0	0
1	42050000	42060000	0	0
1	42060000	42070000	0	0
1	42070000	42080000	0	0
1	42080000	42090000	0	0
1	42090000	42100000	0	0
1	42100000	42110000	0	0
1	42110000	42120000	0	0
1	42120000	42130000	0	0
1	42130000	42140000	0	0
1	42140000	42150000	0	0
1	42150000	42160000	0	0
1	42160000	42170000	0	0
1	42170000	42180000	0	0
1	42180000	42190000	0	0
1	42190000	42200000	0	0
1	42200000	42210000	0	0
1	42210000	42220000	0	0
1	42220000	42230000	0	0
1	42230000	42240000	0	0
1	42240000	42250000	0	0
1	42250000	42260000	0	0
1	42260000	42270000	0	0
1	42270000	42280000	0	0
1	42280000	42290000	0	0
1	42290000	42300000	0	0
1	42300000	42310000	0	0
1	42310000	42320000	0	0
1	42320000	42330000	0	0
1	42330000	42340000	0	0
1	42340000	42350000	0	0
1	42350000	42360000	0	0
1	42360000	42370000	0	0
1	42370000	42380000	0	0
1	42380000	42390000	0	0
1	42390000	42400000	0	0
1	42400000	42410000	0	0
1	42410000	42420000	0	0
1	42420000	42430000	0	0
1	42430000	42440000	0	0
1	42440000	42450000	0	0
1	42450000	42460000	0	0
1	42460000	42470000	0	0
1	42470000	42480000	0	0
1	42480000	42490000	0	0
1	42490000	42500000	0	0
1	42500000	42510000	0	0
1	42510000	42520000	0	0
1	42520000	42530000	0	0
1	42530000	42540000	0	0
1	42540000	42550000	0	0
1	42550000	42560000	0	0
1	42560000	42570000	0	0
1	42570000	42580000	0	0
1	42580000	42590000	0	0
1	42590000	42600000	0	0
1	42600000	42610000	0	0
1	42610000	42620000	0	0
1	42620000	42630000	0	0
1	42630000	42640000	0	0
1	42640000	42650000	0	0
1	42650000	42660000	0	0
1	42660000	42670000	0	0
1	42670000	42680000	0	0
1	42680000	42690000	0	0
1	42690000	42700000	0	0
1	42700000	42710000	0	0
1	42710000	42720000	0	0
1	42720000	42730000	0	0
1	42730000	42740000	0	0
1	42740000	42750000	0	0
1	42750000	42760000	0	0
1	42760000	42770000	0	0
1	42770000	42780000	0	0
1	42780000	42790000	0	0
1	42790000	42800000	0	0
1	42800000	42810000	0	0
1	42810000	42820000	0	0
1	42820000	42830000	0	0
1	42830000	42840000	0	0
1	42840000	42850000	0	0
1	42850000	42860000	0	0
1	42860000	42870000	0	0
1	42870000	42880000	0	0
1	42880000	42890000	0	0
1	42890000	42900000	0	0
1	42900000	42910000	0	0
1	42910000	42920000	0	0
1	42920000	42930000	0	0
1	42930000	42940000	0	0
1	42940000	42950000	0	0
1	42950000	42960000	0	0
1	42960000	42970000	0	0
1	42970000	42980000	0	0
1	42980000	42990000	0	0
1	42990000	43000000	0	0
1	43000000	43010000	0	0
1	43010000	43020000	0	0
1	43020000	43030000	0	0
1	43030000	43040000	0	0
1	43040000	43050000	0	0
1	43050000	43060000	0	0
1	43060000	43070000	0	0
1	43070000	43080000	0	0
1	43080000	43090000	0	0
1	43090000	43100000	0	0
1	43100000	43110000	0	0
1	43110000	43120000	0	0
1	43120000	43130000	0	0
1	43130000	43140000	0	0
1	43140000	43150000	0	0
1	43150000	43160000	0	0
1	43160000	43170000	0	0
1	43170000	43180000	0	0
1	43180000	43190000	0	0
1	43190000	43200000	0	0
1	43200000	43210000	0	0
1	43210000	43220000	0	0
1	43220000	43230000	0	0
1	43230000	43240000	0	0
1	43240000	43250000	0	0
1	43250000	43260000	0	0
1	43260000	43270000	0	0
1	43270000	43280000	0	0
1	43280000	43290000	0	0
1	43290000	43300000	0	0
1	43300000	43310000	0	0
1	43310000	43320000	0	0
1	43320000	43330000	0	0
1	43330000	43340000	0	0
1	43340000	43350000	0	0
1	43350000	43360000	0	0
1	43360000	43370000	0	0
1	43370000	43380000	0	0
1	43380000	43390000	0	0
1	43390000	43400000	0	0
1	43400000	43410000	0	0
1	43410000	43420000	0	0
1	43420000	43430000	0	0
1	43430000	43440000	0	0
1	43440000	43450000	0	0
1	43450000	43460000	0	0
1	43460000	43470000	0	0
1	43470000	43480000	0	0
1	43480000	43490000	0	0
1	43490000	43500000	0	0
1	43500000	43510000	0	0
1	43510000	43520000	0	0
1	43520000	43530000	0	0
1	43530000	43540000	0	0
1	43540000	43550000	0	0
1	43550000	43560000	0	0
1	43560000	43570000	0	0
1	43570000	43580000	0	0
1	43580000	43590000	0	0
1	43590000	43600000	0	0
1	43600000	43610000	0	0
1	43610000	43620000	0	0
1	43620000	43630000	0	0
1	43630000	43640000	0	0
1	43640000	43650000	0	0
1	43650000	43660000	0	0
1	43660000	43670000	0	0
1	43670000	43680000	0	0
1	43680000	43690000	0	0
1	43690000	43700000	0	0
1	43700000	43710000	0	0
1	43710000	43720000	0	0
1	43720000	43730000	0	0
1	43730000	43740000	0	0
1	43740000	43750000	0	0
1	43750000	43760000	0	0
1	43760000	43770000	0	0
1	43770000	43780000	0	0
1	43780000	43790000	0	0
1	43790000	43800000	0	0
1	43800000	43810000	0	0
1	43810000	43820000	0	0
1	43820000	43830000	0	0
1	43830000	43840000	0	0
1	43840000	43850000	0	0
1	43850000	43860000	0	0
1	43860000	43870000	0	0
1	43870000	43880000	0	0
1	43880000	43890000	0	0
1	43890000	43900000	0	0
1	43900000	43910000	0	0
1	43910000	43920000	0	0
1	43920000	43930000	0	0
1	43930000	43940000	0	0
1	43940000	43950000	0	0
1	43950000	43960000	0	0
1	43960000	43970000	0	0
1	43970000	43980000	0	0
1	43980000	43990000	0	0
1	43990000	44000000	0	0
1	44000000	44010000	0	0
1	44010000	44020000	0	0
1	44020000	44030000	0	0
1	44030000	44040000	0	0
1	44040000	44050000	0	0
1	44050000	44060000	0	0
1	44060000	44070000	0	0
1	44070000	44080000	0	0
1	44080000	44090000	0	0
1	44090000	44100000	0	0
1	44100000	44110000	0	0
1	44110000	44120000	0	0
1	44120000	44130000	0	0
1	44130000	44140000	0	0
1	44140000	44150000	0	0
1	44150000	44160000	0	0
1	44160000	44170000	0	0
1	44170000	44180000	0	0
1	44180000	44190000	0	0
1	44190000	44200000	0	0
1	44200000	44210000	0	0
1	44210000	44220000	0	0
1	44220000	44230000	0	0
1	44230000	44240000	0	0
1	44240000	44250000	0	0
1	44250000	44260000	0	0
1	44260000	44270000	0	0
1	44270000	44280000	0	0
1	44280000	44290000	0	0
1	44290000	44300000	0	0
1	44300000	44310000	0	0
1	44310000	44320000	0	0
1	44320000	44330000	0	0
1	44330000	44340000	0	0
1	44340000	44350000	0	0
1	44350000	44360000	0	0
1	44360000	44370000	0	0
1	44370000	44380000	0	0
1	44380000	44390000	0	0
1	44390000	44400000	0	0
1	44400000	44410000	0	0
1	44410000	44420000	0	0
1	44420000	44430000	0	0
1	44430000	44440000	0	0
1	44440000	44450000	0	0
1	44450000	44460000	0	0
1	44460000	44470000	0	0
1	44470000	44480000	0	0
1	44480000	44490000	0	0
1	44490000	44500000	0	0
1	44500000	44510000	0	0
1	44510000	44520000	0	0
1	44520000	44530000	0	0
1	44530000	44540000	0	0
1	44540000	44550000	0	0
1	44550000	44560000	0	0
1	44560000	44570000	0	0
1	44570000	44580000	0	0
1	44580000	44590000	0	0
1	44590000	44600000	0	0
1	44600000	44610000	0	0
1	44610000	44620000	0	0
1	44620000	44630000	0	0
1	44630000	44640000	0	0
1	44640000	44650000	0	0
1	44650000	44660000	0	0
1	44660000	44670000	0	0
1	44670000	44680000	0	0
1	44680000	44690000	0	0
1	44690000	44700000	0	0
1	44700000	44710000	0	0
1	44710000	44720000	0	0
1	44720000	44730000	0	0
1	44730000	44740000	0	0
1	44740000	44750000	0	0
1	44750000	44760000	0	0
1	44760000	44770000	0	0
1	44770000	44780000	0	0
1	44780000	44790000	0	0
1	44790000	44800000	0	0
1	44800000	44810000	0	0
1	44810000	44820000	0	0
1	44820000	44830000	0	0
1	44830000	44840000	0	0
1	44840000	44850000	0	0
1	44850000	44860000	0	0
1	44860000	44870000	0	0
1	44870000	44880000	0	0
1	44880000	44890000	0	0
1	44890000	44900000	0	0
1	44900000	44910000	0	0
1	44910000	44920000	0	0
1	44920000	44930000	0	0
1	44930000	44940000	0	0
1	44940000	44950000	0	0
1	44950000	44960000	0	0
1	44960000	44970000	0	0
1	44970000	44980000	0	0
1	44980000	44990000	0	0
1	44990000	45000000	0	0
1	45000000	45010000	0	0
1	45010000	45020000	0	0
1	45020000	45030000	0	0
1	45030000	45040000	0	0
1	45040000	45050000	0	0
1	45050000	45060000	0	0
1	45060000	45070000	0	0
1	45070000	45080000	0	0
1	45080000	45090000	0	0
1	45090000	45100000	0	0
1	45100000	45110000	0	0
1	45110000	45120000	0	0
1	45120000	45130000	0	0
1	45130000	45140000	0	0
1	45140000	45150000	0	0
1	45150000	45160000	0	0
1	45160000	45170000	0	0
1	45170000	45180000	0	0
1	45180000	45190000	0	0
1	45190000	45200000	0	0
1	45200000	45210000	0	0
1	45210000	45220000	0	0
1	45220000	45230000	0	0
1	45230000	45240000	0	0
1	45240000	45250000	0	0
1	45250000	45260000	0	0
1	45260000	45270000	0	0
1	45270000	45280000	0	0
1	45280000	45290000	0	0
1	45290000	45300000	0	0
1	45300000	45310000	0	0
1	45310000	45320000	0	0
1	45320000	45330000	0	0
1	45330000	45340000	0	0
1	45340000	45350000	0	0
1	45350000	45360000	0	0
1	45360000	45370000	0	0
1	45370000	45380000	0	0
1	45380000	45390000	0	0
1	45390000	45400000	0	0
1	45400000	45410000	0	0
1	45410000	45420000	0	0
1	45420000	45430000	0	0
1	45430000	45440000	0	0
1	45440000	45450000	0	0
1	45450000	45460000	0	0
1	45460000	45470000	0	0
1	45470000	45480000	0	0
1	45480000	45490000	0	0
1	45490000	45500000	0	0
1	45500000	45510000	0	0
1	45510000	45520000	0	0
1	45520000	45530000	0	0
1	45530000	45540000	0	0
1	45540000	45550000	0	0
1	45550000	45560000	0	0
1	45560000	45570000	0	0
1	45570000	45580000	0	0
1	45580000	45590000	0	0
1	45590000	45600000	0	0
1	45600000	45610000	0	0
1	45610000	45620000	0	0
1	45620000	45630000	0	0
1	45630000	45640000	0	0
1	45640000	45650000	0	0
1	45650000	45660000	0	0
1	45660000	45670000	0	0
1	45670000	45680000	0	0
1	45680000	45690000	0	0
1	45690000	45700000	0	0
1	45700000	45710000	0	0
1	45710000	45720000	0	0
1	45720000	45730000	0	0
1	45730000	45740000	0	0
1	45740000	45750000	0	0
1	45750000	45760000	0	0
1	45760000	45770000	0	0
1	45770000	45780000	0	0
1	45780000	45790000	0	0
1	45790000	45800000	0	0
1	45800000	45810000	0	0
1	45810000	45820000	0	0
1	45820000	45830000	0	0
1	45830000	45840000	0	0
1	45840000	45850000	0	0
1	45850000	45860000	0	0
1	45860000	45870000	0	0
1	45870000	45880000	0	0
1	45880000	45890000	0	0
1	45890000	45900000	0	0
1	45900000	45910000	0	0
1	45910000	45920000	0	0
1	45920000	45930000	0	0
1	45930000	45940000	0	0
1	45940000	45950000	0	0
1	45950000	45960000	0	0
1	45960000	45970000	0	0
1	45970000	45980000	0	0
1	45980000	45990000	0	0
1	45990000	46000000	0	0
1	46000000	46010000	0	0
1	46010000	46020000	0	0
1	46020000	46030000	0	0
1	46030000	46040000	0	0
1	46040000	46050000	0	0
1	46050000	46060000	0	0
1	46060000	46070000	0	0
1	46070000	46080000	0	0
1	46080000	46090000	0	0
1	46090000	46100000	0	0
1	46100000	46110000	0	0
1	46110000	46120000	0	0
1	46120000	46130000	0	0
1	46130000	46140000	0	0
1	46140000	46150000	0	0
1	46150000	46160000	0	0
1	46160000	46170000	0	0
1	46170000	46180000	0	0
1	46180000	46190000	0	0
1	46190000	46200000	0	0
1	46200000	46210000	0	0
1	46210000	46220000	0	0
1	46220000	46230000	0	0
1	46230000	46240000	0	0
1	46240000	46250000	0	0
1	46250000	46260000	0	0
1	46260000	46270000	0	0
1	46270000	46280000	0	0
1	46280000	46290000	0	0
1	46290000	46300000	0	0
1	46300000	46310000	0	0
1	46310000	46320000	0	0
1	46320000	46330000	0	0
1	46330000	46340000	0	0
1	46340000	46350000	0	0
1	46350000	46360000	0	0
1	46360000	46370000	0	0
1	46370000	46380000	0	0
1	46380000	46390000	0	0
1	46390000	46400000	0	0
1	46400000	46410000	0	0
1	46410000	46420000	0	0
1	46420000	46430000	0	0
1	46430000	46440000	0	0
1	46440000	46450000	0	0
1	46450000	46460000	0	0
1	46460000	46470000	0	0
1	46470000	46480000	0	0
1	46480000	46490000	0	0
1	46490000	46500000	0	0
1	46500000	46510000	0	0
1	46510000	46520000	0	0
1	46520000	46530000	0	0
1	46530000	46540000	0	0
1	46540000	46550000	0	0
1	46550000	46560000	0	0
1	46560000	46570000	0	0
1	46570000	46580000	0	0
1	46580000	46590000	0	0
1	46590000	46600000	0	0
1	46600000	46610000	0	0
1	46610000	46620000	0	0
1	46620000	46630000	0	0
1	46630000	46640000	0	0
1	46640000	46650000	0	0
1	46650000	46660000	0	0
1	46660000	46670000	0	0
1	46670000	46680000	0	0
1	46680000	46690000	0	0
1	46690000	46700000	0	0
1	46700000	46710000	0	0
1	46710000	46720000	0	0
1	46720000	46730000	0	0
1	46730000	46740000	0	0
1	46740000	46750000	0	0
1	46750000	46760000	0	0
1	46760000	46770000	0	0
1	46770000	46780000	0	0
1	46780000	46790000	0	0
1	46790000	46800000	0	0
1	46800000	46810000	0	0
1	46810000	46820000	0	0
1	46820000	46830000	0	0
1	46830000	46840000	0	0
1	46840000	46850000	0	0
1	46850000	46860000	0	0
1	46860000	46870000	0	0
1	46870000	46880000	0	0
1	46880000	46890000	0	0
1	46890000	46900000	0	0
1	46900000	46910000	0	0
1	46910000	46920000	0	0
1	46920000	46930000	0	0
1	46930000	46940000	0	0
1	46940000	46950000	0	0
1	46950000	46960000	0	0
1	46960000	46970000	0	0
1	46970000	46980000	0	0
1	46980000	46990000	0	0
1	46990000	47000000	0	0
1	47000000	47010000	0	0
1	47010000	47020000	0	0
1	47020000	47030000	0	0
1	47030000	47040000	0	0
1	47040000	47050000	0	0
1	47050000	47060000	0	0
1	47060000	47070000	0	0
1	47070000	47080000	0	0
1	47080000	47090000	0	0
1	47090000	47100000	0	0
1	47100000	47110000	0	0
1	47110000	47120000	0	0
1	47120000	47130000	0	0
1	47130000	47140000	0	0
1	47140000	47150000	0	0
1	47150000	47160000	0	0
1	47160000	47170000	0	0
1	47170000	47180000	0	0
1	47180000	47190000	0	0
1	47190000	47200000	0	0
1	47200000	47210000	0	0
1	47210000	47220000	0	0
1	47220000	47230000	0	0
1	47230000	47240000	0	0
1	47240000	47250000	0	0
1	47250000	47260000	0	0
1	47260000	47270000	0	0
1	47270000	47280000	0	0
1	47280000	47290000	0	0
1	47290000	47300000	0	0
1	47300000	47310000	0	0
1	47310000	47320000	0	0
1	47320000	47330000	0	0
1	47330000	47340000	0	0
1	47340000	47350000	0	0
1	47350000	47360000	0	0
1	47360000	47370000	0	0
1	47370000	47380000	0	0
1	47380000	47390000	0	0
1	47390000	47400000	0	0
1	47400000	47410000	0	0
1	47410000	47420000	0	0
1	47420000	47430000	0	0
1	47430000	47440000	0	0
1	47440000	47450000	0	0
1	47450000	47460000	0	0
1	47460000	47470000	0	0
1	47470000	47480000	0	0
1	47480000	47490000	0	0
1	47490000	47500000	0	0
1	47500000	47510000	0	0
1	47510000	47520000	0	0
1	47520000	47530000	0	0
1	47530000	47540000	0	0
1	47540000	47550000	0	0
1	47550000	47560000	0	0
1	47560000	47570000	0	0
1	47570000	47580000	0	0
1	47580000	47590000	0	0
1	47590000	47600000	0	0
1	47600000	47610000	0	0
1	47610000	47620000	0	0
1	47620000	47630000	0	0
1	47630000	47640000	0	0
1	47640000	47650000	0	0
1	47650000	47660000	0	0
1	47660000	47670000	0	0
1	47670000	47680000	0	0
1	47680000	47690000	0	0
1	47690000	47700000	0	0
1	47700000	47710000	0	0
1	47710000	47720000	0	0
1	47720000	47730000	0	0
1	47730000	47740000	0	0
1	47740000	47750000	0	0
1	47750000	47760000	0	0
1	47760000	47770000	0	0
1	47770000	47780000	0	0
1	47780000	47790000	0	0
1	47790000	47800000	0	0
1	47800000	47810000	0	0
1	47810000	47820000	0	0
1	47820000	47830000	0	0
1	47830000	47840000	0	0
1	47840000	47850000	0	0
1	47850000	47860000	0	0
1	47860000	47870000	0	0
1	47870000	47880000	0	0
1	47880000	47890000	0	0
1	47890000	47900000	0	0
1	47900000	47910000	0	0
1	47910000	47920000	0	0
1	47920000	47930000	0	0
1	47930000	47940000	0	0
1	47940000	47950000	0	0
1	47950000	47960000	0	0
1	47960000	47970000	0	0
1	47970000	47980000	0	0
1	47980000	47990000	0	0
1	47990000	48000000	0	0
1	48000000	48010000	0	0
1	48010000	48020000	0	0
1	48020000	48030000	0	0
1	48030000	48040000	0	0
1	48040000	48050000	0	0
1	48050000	48060000	0	0
1	48060000	48070000	0	0
1	48070000	48080000	0	0
1	48080000	48090000	0	0
1	48090000	48100000	0	0
1	48100000	48110000	0	0
1	48110000	48120000	0	0
1	48120000	48130000	0	0
1	48130000	48140000	0	0
1	48140000	48150000	0	0
1	48150000	48160000	0	0
1	48160000	48170000	0	0
1	48170000	48180000	0	0
1	48180000	48190000	0	0
1	48190000	48200000	0	0
1	48200000	48210000	0	0
1	48210000	48220000	0	0
1	48220000	48230000	0	0
1	48230000	48240000	0	0
1	48240000	48250000	0	0
1	48250000	48260000	0	0
1	48260000	48270000	0	0
1	48270000	48280000	0	0
1	48280000	48290000	0	0
1	48290000	48300000	0	0
1	48300000	48310000	0	0
1	48310000	48320000	0	0
1	48320000	48330000	0	0
1	48330000	48340000	0	0
1	48340000	48350000	0	0
1	48350000	48360000	0	0
1	48360000	48370000	0	0
1	48370000	48380000	0	0
1	48380000	48390000	0	0
1	48390000	48400000	0	0
1	48400000	48410000	0	0
1	48410000	48420000	0	0
1	48420000	48430000	0	0
1	48430000	48440000	0	0
1	48440000	48450000	0	0
1	48450000	48460000	0	0
1	48460000	48470000	0	0
1	48470000	48480000	0	0
1	48480000	48490000	0	0
1	48490000	48500000	0	0
1	48500000	48510000	0	0
1	48510000	48520000	0	0
1	48520000	48530000	0	0
1	48530000	48540000	0	0
1	48540000	48550000	0	0
1	48550000	48560000	0	0
1	48560000	48570000	0	0
1	48570000	48580000	0	0
1	48580000	48590000	0	0
1	48590000	48600000	0	0
1	48600000	48610000	0	0
1	48610000	48620000	0	0
1	48620000	48630000	0	0
1	48630000	48640000	0	0
1	48640000	48650000	0	0
1	48650000	48660000	0	0
1	48660000	48670000	0	0
1	48670000	48680000	0	0
1	48680000	48690000	0	0
1	48690000	48700000	0	0
1	48700000	48710000	0	0
1	48710000	48720000	0	0
1	48720000	48730000	0	0
1	48730000	48740000	0	0
1	48740000	48750000	0	0
1	48750000	48760000	0	0
1	48760000	48770000	0	0
1	48770000	48780000	0	0
1	48780000	48790000	0	0
1	48790000	48800000	0	0
1	48800000	48810000	0	0
1	48810000	48820000	0	0
1	48820000	48830000	0	0
1	48830000	48840000	0	0
1	48840000	48850000	0	0
1	48850000	48860000	0	0
1	48860000	48870000	0	0
1	48870000	48880000	0	0
1	48880000	48890000	0	0
1	48890000	48900000	0	0
1	48900000	48910000	0	0
1	48910000	48920000	0	0
1	48920000	48930000	0	0
1	48930000	48940000	0	0
1	48940000	48950000	0	0
1	48950000	48960000	0	0
1	48960000	48970000	0	0
1	48970000	48980000	0	0
1	48980000	48990000	0	0
1	48990000	49000000	0	0
1	49000000	49010000	0	0
1	49010000	49020000	0	0
1	49020000	49030000	0	0
1	49030000	49040000	0	0
1	49040000	49050000	0	0
1	49050000	49060000	0	0
1	49060000	49070000	0	0
1	49070000	49080000	0	0
1	49080000	49090000	0	0
1	49090000	49100000	0	0
1	49100000	49110000	0	0
1	49110000	49120000	0	0
1	49120000	49130000	0	0
1	49130000	49140000	0	0
1	49140000	49150000	0	0
1	49150000	49160000	0	0
1	49160000	49170000	0	0
1	49170000	49180000	0	0
1	49180000	49190000	0	0
1	49190000	49200000	0	0
1	49200000	49210000	0	0
1	49210000	49220000	0	0
1	49220000	49230000	0	0
1	49230000	49240000	0	0
1	49240000	49250000	0	0
1	49250000	49260000	0	0
1	49260000	49270000	0	0
1	49270000	49280000	0	0
1	49280000	49290000	0	0
1	49290000	49300000	0	0
1	49300000	49310000	0	0
1	49310000	49320000	0	0
1	49320000	49330000	0	0
1	49330000	49340000	0	0
1	49340000	49350000	0	0
1	49350000	49360000	0	0
1	49360000	49370000	0	0
1	49370000	49380000	0	0
1	49380000	49390000	0	0
1	49390000	49400000	0	0
1	49400000	49410000	0	0
1	49410000	49420000	0	0
1	49420000	49430000	0	0
1	49430000	49440000	0	0
1	49440000	49450000	0	0
1	49450000	49460000	0	0
1	49460000	49470000	0	0
1	49470000	49480000	0	0
1	49480000	49490000	0	0
1	49490000	49500000	0	0
1	49500000	49510000	0	0
1	49510000	49520000	0	0
1	49520000	49530000	0	0
1	49530000	49540000	0	0
1	49540000	49550000	0	0
1	49550000	49560000	0	0
1	49560000	49570000	0	0
1	49570000	49580000	0	0
1	49580000	49590000	0	0
1	49590000	49600000	0	0
1	49600000	49610000	0	0
1	49610000	49620000	0	0
1	49620000	49630000	0	0
1	49630000	49640000	0	0
1	49640000	49650000	0	0
1	49650000	49660000	0	0
1	49660000	49670000	0	0
1	49670000	49680000	0	0
1	49680000	49690000	0	0
1	49690000	49700000	0	0
1	49700000	49710000	0	0
1	49710000	49720000	0	0
1	49720000	49730000	0	0
1	49730000	49740000	0	0
1	49740000	49750000	0	0
1	49750000	49760000	0	0
1	49760000	49770000	0	0
1	49770000	49780000	0	0
1	49780000	49790000	0	0
1	49790000	49800000	0	0
1	49800000	49810000	0	0
1	49810000	49820000	0	0
1	49820000	49830000	0	0
1	49830000	49840000	0	0
1	49840000	49850000	0	0
1	49850000	49860000	0	0
1	49860000	49870000	0	0
1	49870000	49880000	0	0
1	49880000	49890000	0	0
1	49890000	49900000	0	0
1	49900000	49910000	0	0
1	49910000	49920000	0	0
1	49920000	49930000	0	0
1	49930000	49940000	0	0
1	49940000	49950000	0	0
1	49950000	49960000	0	0
1	49960000	49970000	0	0
1	49970000	49980000	0	0
1	49980000	49990000	0	0
1	49990000	50000000	0	0
1	50000000	50010000	0	0
1	50010000	50020000	0	0
1	50020000	50030000	0	0
1	50030000	50040000	0	0
1	50040000	50050000	0	0
1	50050000	50060000	0	0
1	50060000	50070000	0	0
1	50070000	50080000	0	0
1	50080000	50090000	0	0
1	50090000	50100000	0	0
1	50100000	50110000	0	0
1	50110000	50120000	0	0
1	50120000	50130000	0	0
1	50130000	50140000	0	0
1	50140000	50150000	0	0
1	50150000	50160000	0	0
1	50160000	50170000	0	0
1	50170000	50180000	0	0
1	50180000	50190000	0	0
1	50190000	50200000	0	0
1	50200000	50210000	0	0
1	50210000	50220000	0	0
1	50220000	50230000	0	0
1	50230000	50240000	0	0
1	50240000	50250000	0	0
1	50250000	50260000	0	0
1	50260000	50270000	0	0
1	50270000	50280000	0	0
1	50280000	50290000	0	0
1	50290000	50300000	0	0
1	50300000	50310000	0	0
1	50310000	50320000	0	0
1	50320000	50330000	0	0
1	50330000	50340000	0	0
1	50340000	50350000	0	0
1	50350000	50360000	0	0
1	50360000	50370000	0	0
1	50370000	50380000	0	0
1	50380000	50390000	0	0
1	50390000	50400000	0	0
1	50400000	50410000	0	0
1	50410000	50420000	0	0
1	50420000	50430000	0	0
1	50430000	50440000	0	0
1	50440000	50450000	0	0
1	50450000	50460000	0	0
1	50460000	50470000	0	0
1	50470000	50480000	0	0
1	50480000	50490000	0	0
1	50490000	50500000	0	0
1	50500000	50510000	0	0
1	50510000	50520000	0	0
1	50520000	50530000	0	0
1	50530000	50540000	0	0
1	50540000	50550000	0	0
1	50550000	50560000	0	0
1	50560000	50570000	0	0
1	50570000	50580000	0	0
1	50580000	50590000	0	0
1	50590000	50600000	0	0
1	50600000	50610000	0	0
1	50610000	50620000	0	0
1	50620000	50630000	0	0
1	50630000	50640000	0	0
1	50640000	50650000	0	0
1	50650000	50660000	0	0
1	50660000	50670000	0	0
1	50670000	50680000	0	0
1	50680000	50690000	0	0
1	50690000	50700000	0	0
1	50700000	50710000	0	0
1	50710000	50720000	0	0
1	50720000	50730000	0	0
1	50730000	50740000	0	0
1	50740000	50750000	0	0
1	50750000	50760000	0	0
1	50760000	50770000	0	0
1	50770000	50780000	0	0
1	50780000	50790000	0	0
1	50790000	50800000	0	0
1	50800000	50810000	0	0
1	50810000	50820000	0	0
1	50820000	50830000	0	0
1	50830000	50840000	0	0
1	50840000	50850000	0	0
1	50850000	50860000	0	0
1	50860000	50870000	0	0
1	50870000	50880000	0	0
1	50880000	50890000	0	0
1	50890000	50900000	0	0
1	50900000	50910000	0	0
1	50910000	50920000	0	0
1	50920000	50930000	0	0
1	50930000	50940000	0	0
1	50940000	50950000	0	0
1	50950000	50960000	0	0
1	50960000	50970000	0	0
1	50970000	50980000	0	0
1	50980000	50990000	0	0
1	50990000	51000000	0	0
1	51000000	51010000	0	0
1	51010000	51020000	0	0
1	51020000	51030000	0	0
1	51030000	51040000	0	0
1	51040000	51050000	0	0
1	51050000	51060000	0	0
1	51060000	51070000	0	0
1	51070000	51080000	0	0
1	51080000	51090000	0	0
1	51090000	51100000	0	0
1	51100000	51110000	0	0
1	51110000	51120000	0	0
1	51120000	51130000	0	0
1	51130000	51140000	0	0
1	51140000	51150000	0	0
1	51150000	51160000	0	0
1	51160000	51170000	0	0
1	51170000	51180000	0	0
1	51180000	51190000	0	0
1	51190000	51200000	0	0
1	51200000	51210000	0	0
1	51210000	51220000	0	0
1	51220000	51230000	0	0
1	51230000	51240000	0	0
1	51240000	51250000	0	0
1	51250000	51260000	0	0
1	51260000	51270000	0	0
1	51270000	51280000	0	0
1	51280000	51290000	0	0
1	51290000	51300000	0	0
1	51300000	51310000	0	0
1	51310000	51320000	0	0
1	51320000	51330000	0	0
1	51330000	51340000	0	0
1	51340000	51350000	0	0
1	51350000	51360000	0	0
1	51360000	51370000	0	0
1	51370000	51380000	0	0
1	51380000	51390000	0	0
1	51390000	51400000	0	0
1	51400000	51410000	0	0
1	51410000	51420000	0	0
1	51420000	51430000	0	0
1	51430000	51440000	0	0
1	51440000	51450000	0	0
1	51450000	51460000	0	0
1	51460000	51470000	0	0
1	51470000	51480000	0	0
1	51480000	51490000	0	0
1	51490000	51500000	0	0
1	51500000	51510000	0	0
1	51510000	51520000	0	0
1	51520000	51530000	0	0
1	51530000	51540000	0	0
1	51540000	51550000	0	0
1	51550000	51560000	0	0
1	51560000	51570000	0	0
1	51570000	51580000	0	0
1	51580000	51590000	0	0
1	51590000	51600000	0	0
1	51600000	51610000	0	0
1	51610000	51620000	0	0
1	51620000	51630000	0	0
1	51630000	51640000	0	0
1	51640000	51650000	0	0
1	51650000	51660000	0	0
1	51660000	51670000	0	0
1	51670000	51680000	0	0
1	51680000	51690000	0	0
1	51690000	51700000	0	0
1	51700000	51710000	0	0
1	51710000	51720000	0	0
1	51720000	51730000	0	0
1	51730000	51740000	0	0
1	51740000	51750000	0	0
1	51750000	51760000	0	0
1	51760000	51770000	0	0
1	51770000	51780000	0	0
1	51780000	51790000	0	0
1	51790000	51800000	0	0
1	51800000	51810000	0	0
1	51810000	51820000	0	0
1	51820000	51830000	0	0
1	51830000	51840000	0	0
1	51840000	51850000	0	0
1	51850000	51860000	0	0
1	51860000	51870000	0	0
1	51870000	51880000	0	0
1	51880000	51890000	0	0
1	51890000	51900000	0	0
1	51900000	51910000	0	0
1	51910000	51920000	0	0
1	51920000	51930000	0	0
1	51930000	51940000	0	0
1	51940000	51950000	0	0
1	51950000	51960000	0	0
1	51960000	51970000	0	0
1	51970000	51980000	0	0
1	51980000	51990000	0	0
1	51990000	52000000	0	0
1	52000000	52010000	0	0
1	52010000	52020000	0	0
1	52020000	52030000	0	0
1	52030000	52040000	0	0
1	52040000	52050000	0	0
1	52050000	52060000	0	0
1	52060000	52070000	0	0
1	52070000	52080000	0	0
1	52080000	52090000	0	0
1	52090000	52100000	0	0
1	52100000	52110000	0	0
1	52110000	52120000	0	0
1	52120000	52130000	0	0
1	52130000	52140000	0	0
1	52140000	52150000	0	0
1	52150000	52160000	0	0
1	52160000	52170000	0	0
1	52170000	52180000	0	0
1	52180000	52190000	0	0
1	52190000	52200000	0	0
1	52200000	52210000	0	0
1	52210000	52220000	0	0
1	52220000	52230000	0	0
1	52230000	52240000	0	0
1	52240000	52250000	0	0
1	52250000	52260000	0	0
1	52260000	52270000	0	0
1	52270000	52280000	0	0
1	52280000	52290000	0	0
1	52290000	52300000	0	0
1	52300000	52310000	0	0
1	52310000	52320000	0	0
1	52320000	52330000	0	0
1	52330000	52340000	0	0
1	52340000	52350000	0	0
1	52350000	52360000	0	0
1	52360000	52370000	0	0
1	52370000	52380000	0	0
1	52380000	52390000	0	0
1	52390000	52400000	0	0
1	52400000	52410000	0	0
1	52410000	52420000	0	0
1	52420000	52430000	0	0
1	52430000	52440000	0	0
1	52440000	52450000	0	0
1	52450000	52460000	0	0
1	52460000	52470000	0	0
1	52470000	52480000	0	0
1	52480000	52490000	0	0
1	52490000	52500000	0	0
1	52500000	52510000	0	0
1	52510000	52520000	0	0
1	52520000	52530000	0	0
1	52530000	52540000	0	0
1	52540000	52550000	0	0
1	52550000	52560000	0	0
1	52560000	52570000	0	0
1	52570000	52580000	0	0
1	52580000	52590000	0	0
1	52590000	52600000	0	0
1	52600000	52610000	0	0
1	52610000	52620000	0	0
1	52620000	52630000	0	0
1	52630000	52640000	0	0
1	52640000	52650000	0	0
1	52650000	52660000	0	0
1	52660000	52670000	0	0
1	52670000	52680000	0	0
1	52680000	52690000	0	0
1	52690000	52700000	0	0
1	52700000	52710000	0	0
1	52710000	52720000	0	0
1	52720000	52730000	0	0
1	52730000	52740000	0	0
1	52740000	52750000	0	0
1	52750000	52760000	0	0
1	52760000	52770000	0	0
1	52770000	52780000	0	0
1	52780000	52790000	0	0
1	52790000	52800000	0	0
1	52800000	52810000	0	0
1	52810000	52820000	0	0
1	52820000	52830000	0	0
1	52830000	52840000	0	0
1	52840000	52850000	0	0
1	52850000	52860000	0	0
1	52860000	52870000	0	0
1	52870000	52880000	0	0
1	52880000	52890000	0	0
1	52890000	52900000	0	0
1	52900000	52910000	0	0
1	52910000	52920000	0	0
1	52920000	52930000	0	0
1	52930000	52940000	0	0
1	52940000	52950000	0	0
1	52950000	52960000	0	0
1	52960000	52970000	0	0
1	52970000	52980000	0	0
1	52980000	52990000	0	0
1	52990000	53000000	0	0
1	53000000	53010000	0	0
1	53010000	53020000	0	0
1	53020000	53030000	0	0
1	53030000	53040000	0	0
1	53040000	53050000	0	0
1	53050000	53060000	0	0
1	53060000	53070000	0	0
1	53070000	53080000	0	0
1	53080000	53090000	0	0
1	53090000	53100000	0	0
1	53100000	53110000	0	0
1	53110000	53120000	0	0
1	53120000	53130000	0	0
1	53130000	53140000	0	0
1	53140000	53150000	0	0
1	53150000	53160000	0	0
1	53160000	53170000	0	0
1	53170000	53180000	0	0
1	53180000	53190000	0	0
1	53190000	53200000	0	0
1	53200000	53210000	0	0
1	53210000	53220000	0	0
1	53220000	53230000	0	0
1	53230000	53240000	0	0
1	53240000	53250000	0	0
1	53250000	53260000	0	0
1	53260000	53270000	0	0
1	53270000	53280000	0	0
1	53280000	53290000	0	0
1	53290000	53300000	0	0
1	53300000	53310000	0	0
1	53310000	53320000	0	0
1	53320000	53330000	0	0
1	53330000	53340000	0	0
1	53340000	53350000	0	0
1	53350000	53360000	0	0
1	53360000	53370000	0	0
1	53370000	53380000	0	0
1	53380000	53390000	0	0
1	53390000	53400000	0	0
1	53400000	53410000	0	0
1	53410000	53420000	0	0
1	53420000	53430000	0	0
1	53430000	53440000	0	0
1	53440000	53450000	0	0
1	53450000	53460000	0	0
1	53460000	53470000	0	0
1	53470000	53480000	0	0
1	53480000	53490000	0	0
1	53490000	53500000	0	0
1	53500000	53510000	0	0
1	53510000	53520000	0	0
1	53520000	53530000	0	0
1	53530000	53540000	0	0
1	53540000	53550000	0	0
1	53550000	53560000	0	0
1	53560000	53570000	0	0
1	53570000	53580000	0	0
1	53580000	53590000	0	0
1	53590000	53600000	0	0
1	53600000	53610000	0	0
1	53610000	53620000	0	0
1	53620000	53630000	0	0
1	53630000	53640000	0	0
1	53640000	53650000	0	0
1	53650000	53660000	0	0
1	53660000	53670000	0	0
1	53670000	53680000	0	0
1	53680000	53690000	0	0
1	53690000	53700000	0	0
1	53700000	53710000	0	0
1	53710000	53720000	0	0
1	53720000	53730000	0	0
1	53730000	53740000	0	0
1	53740000	53750000	0	0
1	53750000	53760000	0	0
1	53760000	53770000	0	0
1	53770000	53780000	0	0
1	53780000	53790000	0	0
1	53790000	53800000	0	0
1	53800000	53810000	0	0
1	53810000	53820000	0	0
1	53820000	53830000	0	0
1	53830000	53840000	0	0
1	53840000	53850000	0	0
1	53850000	53860000	0	0
1	53860000	53870000	0	0
1	53870000	53880000	0	0
1	53880000	53890000	0	0
1	53890000	53900000	0	0
1	53900000	53910000	0	0
1	53910000	53920000	0	0
1	53920000	53930000	0	0
1	53930000	53940000	0	0
1	53940000	53950000	0	0
1	53950000	53960000	0	0
1	53960000	53970000	0	0
1	53970000	53980000	0	0
1	53980000	53990000	0	0
1	53990000	54000000	0	0
1	54000000	54010000	0	0
1	54010000	54020000	0	0
1	54020000	54030000	0	0
1	54030000	54040000	0	0
1	54040000	54050000	0	0
1	54050000	54060000	0	0
1	54060000	54070000	0	0
1	54070000	54080000	0	0
1	54080000	54090000	0	0
1	54090000	54100000	0	0
1	54100000	54110000	0	0
1	54110000	54120000	0	0
1	54120000	54130000	0	0
1	54130000	54140000	0	0
1	54140000	54150000	0	0
1	54150000	54160000	0	0
1	54160000	54170000	0	0
1	54170000	54180000	0	0
1	54180000	54190000	0	0
1	54190000	54200000	0	0
1	54200000	54210000	0	0
1	54210000	54220000	0	0
1	54220000	54230000	0	0
1	54230000	54240000	0	0
1	54240000	54250000	0	0
1	54250000	54260000	0	0
1	54260000	54270000	0	0
1	54270000	54280000	0	0
1	54280000	54290000	0	0
1	54290000	54300000	0	0
1	54300000	54310000	0	0
1	54310000	54320000	0	0
1	54320000	54330000	0	0
1	54330000	54340000	0	0
1	54340000	54350000	0	0
1	54350000	54360000	0	0
1	54360000	54370000	0	0
1	54370000	54380000	0	0
1	54380000	54390000	0	0
1	54390000	54400000	0	0
1	54400000	54410000	0	0
1	54410000	54420000	0	0
1	54420000	54430000	0	0
1	54430000	54440000	0	0
1	54440000	54450000	0	0
1	54450000	54460000	0	0
1	54460000	54470000	0	0
1	54470000	54480000	0	0
1	54480000	54490000	0	0
1	54490000	54500000	0	0
1	54500000	54510000	0	0
1	54510000	54520000	0	0
1	54520000	54530000	0	0
1	54530000	54540000	0	0
1	54540000	54550000	0	0
1	54550000	54560000	0	0
1	54560000	54570000	0	0
1	54570000	54580000	0	0
1	54580000	54590000	0	0
1	54590000	54600000	0	0
1	54600000	54610000	0	0
1	54610000	54620000	0	0
1	54620000	54630000	0	0
1	54630000	54640000	0	0
1	54640000	54650000	0	0
1	54650000	54660000	0	0
1	54660000	54670000	0	0
1	54670000	54680000	0	0
1	54680000	54690000	0	0
1	54690000	54700000	0	0
1	54700000	54710000	0	0
1	54710000	54720000	0	0
1	54720000	54730000	0	0
1	54730000	54740000	0	0
1	54740000	54750000	0	0
1	54750000	54760000	0	0
1	54760000	54770000	0	0
1	54770000	54780000	0	0
1	54780000	54790000	0	0
1	54790000	54800000	0	0
1	54800000	54810000	0	0
1	54810000	54820000	0	0
1	54820000	54830000	0	0
1	54830000	54840000	0	0
1	54840000	54850000	0	0
1	54850000	54860000	0	0
1	54860000	54870000	0	0
1	54870000	54880000	0	0
1	54880000	54890000	0	0
1	54890000	54900000	0	0
1	54900000	54910000	0	0
1	54910000	54920000	0	0
1	54920000	54930000	0	0
1	54930000	54940000	0	0
1	54940000	54950000	0	0
1	54950000	54960000	0	0
1	54960000	54970000	0	0
1	54970000	54980000	0	0
1	54980000	54990000	0	0
1	54990000	55000000	0	0
1	55000000	55010000	0	0
1	55010000	55020000	0	0
1	55020000	55030000	0	0
1	55030000	55040000	0	0
1	55040000	55050000	0	0
1	55050000	55060000	0	0
1	55060000	55070000	0	0
1	55070000	55080000	0	0
1	55080000	55090000	0	0
1	55090000	55100000	0	0
1	55100000	55110000	0	0
1	55110000	55120000	0	0
1	55120000	55130000	0	0
1	55130000	55140000	0	0
1	55140000	55150000	0	0
1	55150000	55160000	0	0
1	55160000	55170000	0	0
1	55170000	55180000	0	0
1	55180000	55190000	0	0
1	55190000	55200000	0	0
1	55200000	55210000	0	0
1	55210000	55220000	0	0
1	55220000	55230000	0	0
1	55230000	55240000	0	0
1	55240000	55250000	0	0
1	55250000	55260000	0	0
1	55260000	55270000	0	0
1	55270000	55280000	0	0
1	55280000	55290000	0	0
1	55290000	55300000	0	0
1	55300000	55310000	0	0
1	55310000	55320000	0	0
1	55320000	55330000	0	0
1	55330000	55340000	0	0
1	55340000	55350000	0	0
1	55350000	55360000	0	0
1	55360000	55370000	0	0
1	55370000	55380000	0	0
1	55380000	55390000	0	0
1	55390000	55400000	0	0
1	55400000	55410000	0	0
1	55410000	55420000	0	0
1	55420000	55430000	0	0
1	55430000	55440000	0	0
1	55440000	55450000	0	0
1	55450000	55460000	0	0
1	55460000	55470000	0	0
1	55470000	55480000	0	0
1	55480000	55490000	0	0
1	55490000	55500000	0	0
1	55500000	55510000	0	0
1	55510000	55520000	0	0
1	55520000	55530000	0	0
1	55530000	55540000	0	0
1	55540000	55550000	0	0
1	55550000	55560000	0	0
1	55560000	55570000	0	0
1	55570000	55580000	0	0
1	55580000	55590000	0	0
1	55590000	55600000	0	0
1	55600000	55610000	0	0
1	55610000	55620000	0	0
1	55620000	55630000	0	0
1	55630000	55640000	0	0
1	55640000	55650000	0	0
1	55650000	55660000	0	0
1	55660000	55670000	0	0
1	55670000	55680000	0	0
1	55680000	55690000	0	0
1	55690000	55700000	0	0
1	55700000	55710000	0	0
1	55710000	55720000	0	0
1	55720000	55730000	0	0
1	55730000	55740000	0	0
1	55740000	55750000	0	0
1	55750000	55760000	0	0
1	55760000	55770000	0	0
1	55770000	55780000	0	0
1	55780000	55790000	0	0
1	55790000	55800000	0	0
1	55800000	55810000	0	0
1	55810000	55820000	0	0
1	55820000	55830000	0	0
1	55830000	55840000	0	0
1	55840000	55850000	0	0
1	55850000	55860000	0	0
1	55860000	55870000	0	0
1	55870000	55880000	0	0
1	55880000	55890000	0	0
1	55890000	55900000	0	0
1	55900000	55910000	0	0
1	55910000	55920000	0	0
1	55920000	55930000	0	0
1	55930000	55940000	0	0
1	55940000	55950000	0	0
1	55950000	55960000	0	0
1	55960000	55970000	0	0
1	55970000	55980000	0	0
1	55980000	55990000	0	0
1	55990000	56000000	0	0
1	56000000	56010000	0	0
1	56010000	56020000	0	0
1	56020000	56030000	0	0
1	56030000	56040000	0	0
1	56040000	56050000	0	0
1	56050000	56060000	0	0
1	56060000	56070000	0	0
1	56070000	56080000	0	0
1	56080000	56090000	0	0
1	56090000	56100000	0	0
1	56100000	56110000	0	0
1	56110000	56120000	0	0
1	56120000	56130000	0	0
1	56130000	56140000	0	0
1	56140000	56150000	0	0
1	56150000	56160000	0	0
1	56160000	56170000	0	0
1	56170000	56180000	0	0
1	56180000	56190000	0	0
1	56190000	56200000	0	0
1	56200000	56210000	0	0
1	56210000	56220000	0	0
1	56220000	56230000	0	0
1	56230000	56240000	0	0
1	56240000	56250000	0	0
1	56250000	56260000	0	0
1	56260000	56270000	0	0
1	56270000	56280000	0	0
1	56280000	56290000	0	0
1	56290000	56300000	0	0
1	56300000	56310000	0	0
1	56310000	56320000	0	0
1	56320000	56330000	0	0
1	56330000	56340000	0	0
1	56340000	56350000	0	0
1	56350000	56360000	0	0
1	56360000	56370000	0	0
1	56370000	56380000	0	0
1	56380000	56390000	0	0
1	56390000	56400000	0	0
1	56400000	56410000	0	0
1	56410000	56420000	0	0
1	56420000	56430000	0	0
1	56430000	56440000	0	0
1	56440000	56450000	0	0
1	56450000	56460000	0	0
1	56460000	56470000	0	0
1	56470000	56480000	0	0
1	56480000	56490000	0	0
1	56490000	56500000	0	0
1	56500000	56510000	0	0
1	56510000	56520000	0	0
1	56520000	56530000	0	0
1	56530000	56540000	0	0
1	56540000	56550000	0	0
1	56550000	56560000	0	0
1	56560000	56570000	0	0
1	56570000	56580000	0	0
1	56580000	56590000	0	0
1	56590000	56600000	0	0
1	56600000	56610000	0	0
1	56610000	56620000	0	0
1	56620000	56630000	0	0
1	56630000	56640000	0	0
1	56640000	56650000	0	0
1	56650000	56660000	0	0
1	56660000	56670000	0	0
1	56670000	56680000	0	0
1	56680000	56690000	0	0
1	56690000	56700000	0	0
1	56700000	56710000	0	0
1	56710000	56720000	0	0
1	56720000	56730000	0	0
1	56730000	56740000	0	0
1	56740000	56750000	0	0
1	56750000	56760000	0	0
1	56760000	56770000	0	0
1	56770000	56780000	0	0
1	56780000	56790000	0	0
1	56790000	56800000	0	0
1	56800000	56810000	0	0
1	56810000	56820000	0	0
1	56820000	56830000	0	0
1	56830000	56840000	0	0
1	56840000	56850000	0	0
1	56850000	56860000	0	0
1	56860000	56870000	0	0
1	56870000	56880000	0	0
1	56880000	56890000	0	0
1	56890000	56900000	0	0
1	56900000	56910000	0	0
1	56910000	56920000	0	0
1	56920000	56930000	0	0
1	56930000	56940000	0	0
1	56940000	56950000	0	0
1	56950000	56960000	0	0
1	56960000	56970000	0	0
1	56970000	56980000	0	0
1	56980000	56990000	0	0
1	56990000	57000000	0	0
1	57000000	57010000	0	0
1	57010000	57020000	0	0
1	57020000	57030000	0	0
1	57030000	57040000	0	0
1	57040000	57050000	0	0
1	57050000	57060000	0	0
1	57060000	57070000	0	0
1	57070000	57080000	0	0
1	57080000	57090000	0	0
1	57090000	57100000	0	0
1	57100000	57110000	0	0
1	57110000	57120000	0	0
1	57120000	57130000	0	0
1	57130000	57140000	0	0
1	57140000	57150000	0	0
1	57150000	57160000	0	0
1	57160000	57170000	0	0
1	57170000	57180000	0	0
1	57180000	57190000	0	0
1	57190000	57200000	0	0
1	57200000	57210000	0	0
1	57210000	57220000	0	0
1	57220000	57230000	0	0
1	57230000	57240000	0	0
1	57240000	57250000	0	0
1	57250000	57260000	0	0
1	57260000	57270000	0	0
1	57270000	57280000	0	0
1	57280000	57290000	0	0
1	57290000	57300000	0	0
1	57300000	57310000	0	0
1	57310000	57320000	0	0
1	57320000	57330000	0	0
1	57330000	57340000	0	0
1	57340000	57350000	0	0
1	57350000	57360000	0	0
1	57360000	57370000	0	0
1	57370000	57380000	0	0
1	57380000	57390000	0	0
1	57390000	57400000	0	0
1	57400000	57410000	0	0
1	57410000	57420000	0	0
1	57420000	57430000	0	0
1	57430000	57440000	0	0
1	57440000	57450000	0	0
1	57450000	57460000	0	0
1	57460000	57470000	0	0
1	57470000	57480000	0	0
1	57480000	57490000	0	0
1	57490000	57500000	0	0
1	57500000	57510000	0	0
1	57510000	57520000	0	0
1	57520000	57530000	0	0
1	57530000	57540000	0	0
1	57540000	57550000	0	0
1	57550000	57560000	0	0
1	57560000	57570000	0	0
1	57570000	57580000	0	0
1	57580000	57590000	0	0
1	57590000	57600000	0	0
1	57600000	57610000	0	0
1	57610000	57620000	0	0
1	57620000	57630000	0	0
1	57630000	57640000	0	0
1	57640000	57650000	0	0
1	57650000	57660000	0	0
1	57660000	57670000	0	0
1	57670000	57680000	0	0
1	57680000	57690000	0	0
1	57690000	57700000	0	0
1	57700000	57710000	0	0
1	57710000	57720000	0	0
1	57720000	57730000	0	0
1	57730000	57740000	0	0
1	57740000	57750000	0	0
1	57750000	57760000	0	0
1	57760000	57770000	0	0
1	57770000	57780000	0	0
1	57780000	57790000	0	0
1	57790000	57800000	0	0
1	57800000	57810000	0	0
1	57810000	57820000	0	0
1	57820000	57830000	0	0
1	57830000	57840000	0	0
1	57840000	57850000	0	0
1	57850000	57860000	0	0
1	57860000	57870000	0	0
1	57870000	57880000	0	0
1	57880000	57890000	0	0
1	57890000	57900000	0	0
1	57900000	57910000	0	0
1	57910000	57920000	0	0
1	57920000	57930000	0	0
1	57930000	57940000	0	0
1	57940000	57950000	0	0
1	57950000	57960000	0	0
1	57960000	57970000	0	0
1	57970000	57980000	0	0
1	57980000	57990000	0	0
1	57990000	58000000	0	0
1	58000000	58010000	0	0
1	58010000	58020000	0	0
1	58020000	58030000	0	0
1	58030000	58040000	0	0
1	58040000	58050000	0	0
1	58050000	58060000	0	0
1	58060000	58070000	0	0
1	58070000	58080000	0	0
1	58080000	58090000	0	0
1	58090000	58100000	0	0
1	58100000	58110000	0	0
1	58110000	58120000	0	0
1	58120000	58130000	0	0
1	58130000	58140000	0	0
1	58140000	58150000	0	0
1	58150000	58160000	0	0
1	58160000	58170000	0	0
1	58170000	58180000	0	0
1	58180000	58190000	0	0
1	58190000	58200000	0	0
1	58200000	58210000	0	0
1	58210000	58220000	0	0
1	58220000	58230000	0	0
1	58230000	58240000	0	0
1	58240000	58250000	0	0
1	58250000	58260000	0	0
1	58260000	58270000	0	0
1	58270000	58280000	0	0
1	58280000	58290000	0	0
1	58290000	58300000	0	0
1	58300000	58310000	0	0
1	58310000	58320000	0	0
1	58320000	58330000	0	0
1	58330000	58340000	0	0
1	58340000	58350000	0	0
1	58350000	58360000	0	0
1	58360000	58370000	0	0
1	58370000	58380000	0	0
1	58380000	58390000	0	0
1	58390000	58400000	0	0
1	58400000	58410000	0	0
1	58410000	58420000	0	0
1	58420000	58430000	0	0
1	58430000	58440000	0	0
1	58440000	58450000	0	0
1	58450000	58460000	0	0
1	58460000	58470000	0	0
1	58470000	58480000	0	0
1	58480000	58490000	0	0
1	58490000	58500000	0	0
1	58500000	58510000	0	0
1	58510000	58520000	0	0
1	58520000	58530000	0	0
1	58530000	58540000	0	0
1	58540000	58550000	0	0
1	58550000	58560000	0	0
1	58560000	58570000	0	0
1	58570000	58580000	0	0
1	58580000	58590000	0	0
1	58590000	58600000	0	0
1	58600000	58610000	0	0
1	58610000	58620000	0	0
1	58620000	58630000	0	0
1	58630000	58640000	0	0
1	58640000	58650000	0	0
1	58650000	58660000	0	0
1	58660000	58670000	0	0
1	58670000	58680000	0	0
1	58680000	58690000	0	0
1	58690000	58700000	0	0
1	58700000	58710000	0	0
1	58710000	58720000	0	0
1	58720000	58730000	0	0
1	58730000	58740000	0	0
1	58740000	58750000	0	0
1	58750000	58760000	0	0
1	58760000	58770000	0	0
1	58770000	58780000	0	0
1	58780000	58790000	0	0
1	58790000	58800000	0	0
1	58800000	58810000	0	0
1	58810000	58820000	0	0
1	58820000	58830000	0	0
1	58830000	58840000	0	0
1	58840000	58850000	0	0
1	58850000	58860000	0	0
1	58860000	58870000	0	0
1	58870000	58880000	0	0
1	58880000	58890000	0	0
1	58890000	58900000	0	0
1	58900000	58910000	0	0
1	58910000	58920000	0	0
1	58920000	58930000	0	0
1	58930000	58940000	0	0
1	58940000	58950000	0	0
1	58950000	58960000	0	0
1	58960000	58970000	0	0
1	58970000	58980000	0	0
1	58980000	58990000	0	0
1	58990000	59000000	0	0
1	59000000	59010000	0	0
1	59010000	59020000	0	0
1	59020000	59030000	0	0
1	59030000	59040000	0	0
1	59040000	59050000	0	0
1	59050000	59060000	0	0
1	59060000	59070000	0	0
1	59070000	59080000	0	0
1	59080000	59090000	0	0
1	59090000	59100000	0	0
1	59100000	59110000	0	0
1	59110000	59120000	0	0
1	59120000	59130000	0	0
1	59130000	59140000	0	0
1	59140000	59150000	0	0
1	59150000	59160000	0	0
1	59160000	59170000	0	0
1	59170000	59180000	0	0
1	59180000	59190000	0	0
1	59190000	59200000	0	0
1	59200000	59210000	0	0
1	59210000	59220000	0	0
1	59220000	59230000	0	0
1	59230000	59240000	0	0
1	59240000	59250000	0	0
1	59250000	59260000	0	0
1	59260000	59270000	0	0
1	59270000	59280000	0	0
1	59280000	59290000	0	0
1	59290000	59300000	0	0
1	59300000	59310000	0	0
1	59310000	59320000	0	0
1	59320000	59330000	0	0
1	59330000	59340000	0	0
1	59340000	59350000	0	0
1	59350000	59360000	0	0
1	59360000	59370000	0	0
1	59370000	59380000	0	0
1	59380000	59390000	0	0
1	59390000	59400000	0	0
1	59400000	59410000	0	0
1	59410000	59420000	0	0
1	59420000	59430000	0	0
1	59430000	59440000	0	0
1	59440000	59450000	0	0
1	59450000	59460000	0	0
1	59460000	59470000	0	0
1	59470000	59480000	0	0
1	59480000	59490000	0	0
1	59490000	59500000	0	0
1	59500000	59510000	0	0
1	59510000	59520000	0	0
1	59520000	59530000	0	0
1	59530000	59540000	0	0
1	59540000	59550000	0	0
1	59550000	59560000	0	0
1	59560000	59570000	0	0
1	59570000	59580000	0	0
1	59580000	59590000	0	0
1	59590000	59600000	0	0
1	59600000	59610000	0	0
1	59610000	59620000	0	0
1	59620000	59630000	0	0
1	59630000	59640000	0	0
1	59640000	59650000	0	0
1	59650000	59660000	0	0
1	59660000	59670000	0	0
1	59670000	59680000	0	0
1	59680000	59690000	0	0
1	59690000	59700000	0	0
1	59700000	59710000	0	0
1	59710000	59720000	0	0
1	59720000	59730000	0	0
1	59730000	59740000	0	0
1	59740000	59750000	0	0
1	59750000	59760000	0	0
1	59760000	59770000	0	0
1	59770000	59780000	0	0
1	59780000	59790000	0	0
1	59790000	59800000	0	0
1	59800000	59810000	0	0
1	59810000	59820000	0	0
1	59820000	59830000	0	0
1	59830000	59840000	0	0
1	59840000	59850000	0	0
1	59850000	59860000	0	0
1	59860000	59870000	0	0
1	59870000	59880000	0	0
1	59880000	59890000	0	0
1	59890000	59900000	0	0
1	59900000	59910000	0	0
1	59910000	59920000	0	0
1	59920000	59930000	0	0
1	59930000	59940000	0	0
1	59940000	59950000	0	0
1	59950000	59960000	0	0
1	59960000	59970000	0	0
1	59970000	59980000	0	0
1	59980000	59990000	0	0
1	59990000	60000000	0	0
1	60000000	60010000	0	0
1	60010000	60020000	0	0
1	60020000	60030000	0	0
1	60030000	60040000	0	0
1	60040000	60050000	0	0
1	60050000	60060000	0	0
1	60060000	60070000	0	0
1	60070000	60080000	0	0
1	60080000	60090000	0	0
1	60090000	60100000	0	0
1	60100000	60110000	0	0
1	60110000	60120000	0	0
1	60120000	60130000	0	0
1	60130000	60140000	0	0
1	60140000	60150000	0	0
1	60150000	60160000	0	0
1	60160000	60170000	0	0
1	60170000	60180000	0	0
1	60180000	60190000	0	0
1	60190000	60200000	0	0
1	60200000	60210000	0	0
1	60210000	60220000	0	0
1	60220000	60230000	0	0
1	60230000	60240000	0	0
1	60240000	60250000	0	0
1	60250000	60260000	0	0
1	60260000	60270000	0	0
1	60270000	60280000	0	0
1	60280000	60290000	0	0
1	60290000	60300000	0	0
1	60300000	60310000	0	0
1	60310000	60320000	0	0
1	60320000	60330000	0	0
1	60330000	60340000	0	0
1	60340000	60350000	0	0
1	60350000	60360000	0	0
1	60360000	60370000	0	0
1	60370000	60380000	0	0
1	60380000	60390000	0	0
1	60390000	60400000	0	0
1	60400000	60410000	0	0
1	60410000	60420000	0	0
1	60420000	60430000	0	0
1	60430000	60440000	0	0
1	60440000	60450000	0	0
1	60450000	60460000	0	0
1	60460000	60470000	0	0
1	60470000	60480000	0	0
1	60480000	60490000	0	0
1	60490000	60500000	0	0
1	60500000	60510000	0	0
1	60510000	60520000	0	0
1	60520000	60530000	0	0
1	60530000	60540000	0	0
1	60540000	60550000	0	0
1	60550000	60560000	0	0
1	60560000	60570000	0	0
1	60570000	60580000	0	0
1	60580000	60590000	0	0
1	60590000	60600000	0	0
1	60600000	60610000	0	0
1	60610000	60620000	0	0
1	60620000	60630000	0	0
1	60630000	60640000	0	0
1	60640000	60650000	0	0
1	60650000	60660000	0	0
1	60660000	60670000	0	0
1	60670000	60680000	0	0
1	60680000	60690000	0	0
1	60690000	60700000	0	0
1	60700000	60710000	0	0
1	60710000	60720000	0	0
1	60720000	60730000	0	0
1	60730000	60740000	0	0
1	60740000	60750000	0	0
1	60750000	60760000	0	0
1	60760000	60770000	0	0
1	60770000	60780000	0	0
1	60780000	60790000	0	0
1	60790000	60800000	0	0
1	60800000	60810000	0	0
1	60810000	60820000	0	0
1	60820000	60830000	0	0
1	60830000	60840000	0	0
1	60840000	60850000	0	0
1	60850000	60860000	0	0
1	60860000	60870000	0	0
1	60870000	60880000	0	0
1	60880000	60890000	0	0
1	60890000	60900000	0	0
1	60900000	60910000	0	0
1	60910000	60920000	0	0
1	60920000	60930000	0	0
1	60930000	60940000	0	0
1	60940000	60950000	0	0
1	60950000	60960000	0	0
1	60960000	60970000	0	0
1	60970000	60980000	0	0
1	60980000	60990000	0	0
1	60990000	61000000	0	0
1	61000000	61010000	0	0
1	61010000	61020000	0	0
1	61020000	61030000	0	0
1	61030000	61040000	0	0
1	61040000	61050000	0	0
1	61050000	61060000	0	0
1	61060000	61070000	0	0
1	61070000	61080000	0	0
1	61080000	61090000	0	0
1	61090000	61100000	0	0
1	61100000	61110000	0	0
1	61110000	61120000	0	0
1	61120000	61130000	0	0
1	61130000	61140000	0	0
1	61140000	61150000	0	0
1	61150000	61160000	0	0
1	61160000	61170000	0	0
1	61170000	61180000	0	0
1	61180000	61190000	0	0
1	61190000	61200000	0	0
1	61200000	61210000	0	0
1	61210000	61220000	0	0
1	61220000	61230000	0	0
1	61230000	61240000	0	0
1	61240000	61250000	0	0
1	61250000	61260000	0	0
1	61260000	61270000	0	0
1	61270000	61280000	0	0
1	61280000	61290000	0	0
1	61290000	61300000	0	0
1	61300000	61310000	0	0
1	61310000	61320000	0	0
1	61320000	61330000	0	0
1	61330000	61340000	0	0
1	61340000	61350000	0	0
1	61350000	61360000	0	0
1	61360000	61370000	0	0
1	61370000	61380000	0	0
1	61380000	61390000	0	0
1	61390000	61400000	0	0
1	61400000	61410000	0	0
1	61410000	61420000	0	0
1	61420000	61430000	0	0
1	61430000	61440000	0	0
1	61440000	61450000	0	0
1	61450000	61460000	0	0
1	61460000	61470000	0	0
1	61470000	61480000	0	0
1	61480000	61490000	0	0
1	61490000	61500000	0	0
1	61500000	61510000	0	0
1	61510000	61520000	0	0
1	61520000	61530000	0	0
1	61530000	61540000	0	0
1	61540000	61550000	0	0
1	61550000	61560000	0	0
1	61560000	61570000	0	0
1	61570000	61580000	0	0
1	61580000	61590000	0	0
1	61590000	61600000	0	0
1	61600000	61610000	0	0
1	61610000	61620000	0	0
1	61620000	61630000	0	0
1	61630000	61640000	0	0
1	61640000	61650000	0	0
1	61650000	61660000	0	0
1	61660000	61670000	0	0
1	61670000	61680000	0	0
1	61680000	61690000	0	0
1	61690000	61700000	0	0
1	61700000	61710000	0	0
1	61710000	61720000	0	0
1	61720000	61730000	0	0
1	61730000	61740000	0	0
1	61740000	61750000	0	0
1	61750000	61760000	0	0
1	61760000	61770000	0	0
1	61770000	61780000	0	0
1	61780000	61790000	0	0
1	61790000	61800000	0	0
1	61800000	61810000	0	0
1	61810000	61820000	0	0
1	61820000	61830000	0	0
1	61830000	61840000	0	0
1	61840000	61850000	0	0
1	61850000	61860000	0	0
1	61860000	61870000	0	0
1	61870000	61880000	0	0
1	61880000	61890000	0	0
1	61890000	61900000	0	0
1	61900000	61910000	0	0
1	61910000	61920000	0	0
1	61920000	61930000	0	0
1	61930000	61940000	0	0
1	61940000	61950000	0	0
1	61950000	61960000	0	0
1	61960000	61970000	0	0
1	61970000	61980000	0	0
1	61980000	61990000	0	0
1	61990000	62000000	0	0
1	62000000	62010000	0	0
1	62010000	62020000	0	0
1	62020000	62030000	0	0
1	62030000	62040000	0	0
1	62040000	62050000	0	0
1	62050000	62060000	0	0
1	62060000	62070000	0	0
1	62070000	62080000	0	0
1	62080000	62090000	0	0
1	62090000	62100000	0	0
1	62100000	62110000	0	0
1	62110000	62120000	0	0
1	62120000	62130000	0	0
1	62130000	62140000	0	0
1	62140000	62150000	0	0
1	62150000	62160000	0	0
1	62160000	62170000	0	0
1	62170000	62180000	0	0
1	62180000	62190000	0	0
1	62190000	62200000	0	0
1	62200000	62210000	0	0
1	62210000	62220000	0	0
1	62220000	62230000	0	0
1	62230000	62240000	0	0
1	62240000	62250000	0	0
1	62250000	62260000	0	0
1	62260000	62270000	0	0
1	62270000	62280000	0	0
1	62280000	62290000	0	0
1	62290000	62300000	0	0
1	62300000	62310000	0	0
1	62310000	62320000	0	0
1	62320000	62330000	0	0
1	62330000	62340000	0	0
1	62340000	62350000	0	0
1	62350000	62360000	0	0
1	62360000	62370000	0	0
1	62370000	62380000	0	0
1	62380000	62390000	0	0
1	62390000	62400000	0	0
1	62400000	62410000	0	0
1	62410000	62420000	0	0
1	62420000	62430000	0	0
1	62430000	62440000	0	0
1	62440000	62450000	0	0
1	62450000	62460000	0	0
1	62460000	62470000	0	0
1	62470000	62480000	0	0
1	62480000	62490000	0	0
1	62490000	62500000	0	0
1	62500000	62510000	0	0
1	62510000	62520000	0	0
1	62520000	62530000	0	0
1	62530000	62540000	0	0
1	62540000	62550000	0	0
1	62550000	62560000	0	0
1	62560000	62570000	0	0
1	62570000	62580000	0	0
1	62580000	62590000	0	0
1	62590000	62600000	0	0
1	62600000	62610000	0	0
1	62610000	62620000	0	0
1	62620000	62630000	0	0
1	62630000	62640000	0	0
1	62640000	62650000	0	0
1	62650000	62660000	0	0
1	62660000	62670000	0	0
1	62670000	62680000	0	0
1	62680000	62690000	0	0
1	62690000	62700000	0	0
1	62700000	62710000	0	0
1	62710000	62720000	0	0
1	62720000	62730000	0	0
1	62730000	62740000	0	0
1	62740000	62750000	0	0
1	62750000	62760000	0	0
1	62760000	62770000	0	0
1	62770000	62780000	0	0
1	62780000	62790000	0	0
1	62790000	62800000	0	0
1	62800000	62810000	0	0
1	62810000	62820000	0	0
1	62820000	62830000	0	0
1	62830000	62840000	0	0
1	62840000	62850000	0	0
1	62850000	62860000	0	0
1	62860000	62870000	0	0
1	62870000	62880000	0	0
1	62880000	62890000	0	0
1	62890000	62900000	0	0
1	62900000	62910000	0	0
1	62910000	62920000	0	0
1	62920000	62930000	0	0
1	62930000	62940000	0	0
1	62940000	62950000	0	0
1	62950000	62960000	0	0
1	62960000	62970000	0	0
1	62970000	62980000	0	0
1	62980000	62990000	0	0
1	62990000	63000000	0	0
1	63000000	63010000	0	0
1	63010000	63020000	0	0
1	63020000	63030000	0	0
1	63030000	63040000	0	0
1	63040000	63050000	0	0
1	63050000	63060000	0	0
1	63060000	63070000	0	0
1	63070000	63080000	0	0
1	63080000	63090000	0	0
1	63090000	63100000	0	0
1	63100000	63110000	0	0
1	63110000	63120000	0	0
1	63120000	63130000	0	0
1	63130000	63140000	0	0
1	63140000	63150000	0	0
1	63150000	63160000	0	0
1	63160000	63170000	0	0
1	63170000	63180000	0	0
1	63180000	63190000	0	0
1	63190000	63200000	0	0
1	63200000	63210000	0	0
1	63210000	63220000	0	0
1	63220000	63230000	0	0
1	63230000	63240000	0	0
1	63240000	63250000	0	0
1	63250000	63260000	0	0
1	63260000	63270000	0	0
1	63270000	63280000	0	0
1	63280000	63290000	0	0
1	63290000	63300000	0	0
1	63300000	63310000	0	0
1	63310000	63320000	0	0
1	63320000	63330000	0	0
1	63330000	63340000	0	0
1	63340000	63350000	0	0
1	63350000	63360000	0	0
1	63360000	63370000	0	0
1	63370000	63380000	0	0
1	63380000	63390000	0	0
1	63390000	63400000	0	0
1	63400000	63410000	0	0
1	63410000	63420000	0	0
1	63420000	63430000	0	0
1	63430000	63440000	0	0
1	63440000	63450000	0	0
1	63450000	63460000	0	0
1	63460000	63470000	0	0
1	63470000	63480000	0	0
1	63480000	63490000	0	0
1	63490000	63500000	0	0
1	63500000	63510000	0	0
1	63510000	63520000	0	0
1	63520000	63530000	0	0
1	63530000	63540000	0	0
1	63540000	63550000	0	0
1	63550000	63560000	0	0
1	63560000	63570000	0	0
1	63570000	63580000	0	0
1	63580000	63590000	0	0
1	63590000	63600000	0	0
1	63600000	63610000	0	0
1	63610000	63620000	0	0
1	63620000	63630000	0	0
1	63630000	63640000	0	0
1	63640000	63650000	0	0
1	63650000	63660000	0	0
1	63660000	63670000	0	0
1	63670000	63680000	0	0
1	63680000	63690000	0	0
1	63690000	63700000	0	0
1	63700000	63710000	0	0
1	63710000	63720000	0	0
1	63720000	63730000	0	0
1	63730000	63740000	0	0
1	63740000	63750000	0	0
1	63750000	63760000	0	0
1	63760000	63770000	0	0
1	63770000	63780000	0	0
1	63780000	63790000	0	0
1	63790000	63800000	0	0
1	63800000	63810000	0	0
1	63810000	63820000	0	0
1	63820000	63830000	0	0
1	63830000	63840000	0	0
1	63840000	63850000	0	0
1	63850000	63860000	0	0
1	63860000	63870000	0	0
1	63870000	63880000	0	0
1	63880000	63890000	0	0
1	63890000	63900000	0	0
1	63900000	63910000	0	0
1	63910000	63920000	0	0
1	63920000	63930000	0	0
1	63930000	63940000	0	0
1	63940000	63950000	0	0
1	63950000	63960000	0	0
1	63960000	63970000	0	0
1	63970000	63980000	0	0
1	63980000	63990000	0	0
1	63990000	64000000	0	0
1	64000000	64010000	0	0
1	64010000	64020000	0	0
1	64020000	64030000	0	0
1	64030000	64040000	0	0
1	64040000	64050000	0	0
1	64050000	64060000	0	0
1	64060000	64070000	0	0
1	64070000	64080000	0	0
1	64080000	64090000	0	0
1	64090000	64100000	0	0
1	64100000	64110000	0	0
1	64110000	64120000	0	0
1	64120000	64130000	0	0
1	64130000	64140000	0	0
1	64140000	64150000	0	0
1	64150000	64160000	0	0
1	64160000	64170000	0	0
1	64170000	64180000	0	0
1	64180000	64190000	0	0
1	64190000	64200000	0	0
1	64200000	64210000	0	0
1	64210000	64220000	0	0
1	64220000	64230000	0	0
1	64230000	64240000	0	0
1	64240000	64250000	0	0
1	64250000	64260000	0	0
1	64260000	64270000	0	0
1	64270000	64280000	0	0
1	64280000	64290000	0	0
1	64290000	64300000	0	0
1	64300000	64310000	0	0
1	64310000	64320000	0	0
1	64320000	64330000	0	0
1	64330000	64340000	0	0
1	64340000	64350000	0	0
1	64350000	64360000	0	0
1	64360000	64370000	0	0
1	64370000	64380000	0	0
1	64380000	64390000	0	0
1	64390000	64400000	0	0
1	64400000	64410000	0	0
1	64410000	64420000	0	0
1	64420000	64430000	0	0
1	64430000	64440000	0	0
1	64440000	64450000	0	0
1	64450000	64460000	0	0
1	64460000	64470000	0	0
1	64470000	64480000	0	0
1	64480000	64490000	0	0
1	64490000	64500000	0	0
1	64500000	64510000	0	0
1	64510000	64520000	0	0
1	64520000	64530000	0	0
1	64530000	64540000	0	0
1	64540000	64550000	0	0
1	64550000	64560000	0	0
1	64560000	64570000	0	0
1	64570000	64580000	0	0
1	64580000	64590000	0	0
1	64590000	64600000	0	0
1	64600000	64610000	0	0
1	64610000	64620000	0	0
1	64620000	64630000	0	0
1	64630000	64640000	0	0
1	64640000	64650000	0	0
1	64650000	64660000	0	0
1	64660000	64670000	0	0
1	64670000	64680000	0	0
1	64680000	64690000	0	0
1	64690000	64700000	0	0
1	64700000	64710000	0	0
1	64710000	64720000	0	0
1	64720000	64730000	0	0
1	64730000	64740000	0	0
1	64740000	64750000	0	0
1	64750000	64760000	0	0
1	64760000	64770000	0	0
1	64770000	64780000	0	0
1	64780000	64790000	0	0
1	64790000	64800000	0	0
1	64800000	64810000	0	0
1	64810000	64820000	0	0
1	64820000	64830000	0	0
1	64830000	64840000	0	0
1	64840000	64850000	0	0
1	64850000	64860000	0	0
1	64860000	64870000	0	0
1	64870000	64880000	0	0
1	64880000	64890000	0	0
1	64890000	64900000	0	0
1	64900000	64910000	0	0
1	64910000	64920000	0	0
1	64920000	64930000	0	0
1	64930000	64940000	0	0
1	64940000	64950000	0	0
1	64950000	64960000	0	0
1	64960000	64970000	0	0
1	64970000	64980000	0	0
1	64980000	64990000	0	0
1	64990000	65000000	0	0
1	65000000	65010000	0	0
1	65010000	65020000	0	0
1	65020000	65030000	0	0
1	65030000	65040000	0	0
1	65040000	65050000	0	0
1	65050000	65060000	0	0
1	65060000	65070000	0	0
1	65070000	65080000	0	0
1	65080000	65090000	0	0
1	65090000	65100000	0	0
1	65100000	65110000	0	0
1	65110000	65120000	0	0
1	65120000	65130000	0	0
1	65130000	65140000	0	0
1	65140000	65150000	0	0
1	65150000	65160000	0	0
1	65160000	65170000	0	0
1	65170000	65180000	0	0
1	65180000	65190000	0	0
1	65190000	65200000	0	0
1	65200000	65210000	0	0
1	65210000	65220000	0	0
1	65220000	65230000	0	0
1	65230000	65240000	0	0
1	65240000	65250000	0	0
1	65250000	65260000	0	0
1	65260000	65270000	0	0
1	65270000	65280000	0	0
1	65280000	65290000	0	0
1	65290000	65300000	0	0
1	65300000	65310000	0	0
1	65310000	65320000	0	0
1	65320000	65330000	0	0
1	65330000	65340000	0	0
1	65340000	65350000	0	0
1	65350000	65360000	0	0
1	65360000	65370000	0	0
1	65370000	65380000	0	0
1	65380000	65390000	0	0
1	65390000	65400000	0	0
1	65400000	65410000	0	0
1	65410000	65420000	0	0
1	65420000	65430000	0	0
1	65430000	65440000	0	0
1	65440000	65450000	0	0
1	65450000	65460000	0	0
1	65460000	65470000	0	0
1	65470000	65480000	0	0
1	65480000	65490000	0	0
1	65490000	65500000	0	0
1	65500000	65510000	0	0
1	65510000	65520000	0	0
1	65520000	65530000	0	0
1	65530000	65540000	0	0
1	65540000	65550000	0	0
1	65550000	65560000	0	0
1	65560000	65570000	0	0
1	65570000	65580000	0	0
1	65580000	65590000	0	0
1	65590000	65600000	0	0
1	65600000	65610000	0	0
1	65610000	65620000	0	0
1	65620000	65630000	0	0
1	65630000	65640000	0	0
1	65640000	65650000	0	0
1	65650000	65660000	0	0
1	65660000	65670000	0	0
1	65670000	65680000	0	0
1	65680000	65690000	0	0
1	65690000	65700000	0	0
1	65700000	65710000	0	0
1	65710000	65720000	0	0
1	65720000	65730000	0	0
1	65730000	65740000	0	0
1	65740000	65750000	0	0
1	65750000	65760000	0	0
1	65760000	65770000	0	0
1	65770000	65780000	0	0
1	65780000	65790000	0	0
1	65790000	65800000	0	0
1	65800000	65810000	0	0
1	65810000	65820000	0	0
1	65820000	65830000	0	0
1	65830000	65840000	0	0
1	65840000	65850000	0	0
1	65850000	65860000	0	0
1	65860000	65870000	0	0
1	65870000	65880000	0	0
1	65880000	65890000	0	0
1	65890000	65900000	0	0
1	65900000	65910000	0	0
1	65910000	65920000	0	0
1	65920000	65930000	0	0
1	65930000	65940000	0	0
1	65940000	65950000	0	0
1	65950000	65960000	0	0
1	65960000	65970000	0	0
1	65970000	65980000	0	0
1	65980000	65990000	0	0
1	65990000	66000000	0	0
1	66000000	66010000	0	0
1	66010000	66020000	0	0
1	66020000	66030000	0	0
1	66030000	66040000	0	0
1	66040000	66050000	0	0
1	66050000	66060000	0	0
1	66060000	66070000	0	0
1	66070000	66080000	0	0
1	66080000	66090000	0	0
1	66090000	66100000	0	0
1	66100000	66110000	0	0
1	66110000	66120000	0	0
1	66120000	66130000	0	0
1	66130000	66140000	0	0
1	66140000	66150000	0	0
1	66150000	66160000	0	0
1	66160000	66170000	0	0
1	66170000	66180000	0	0
1	66180000	66190000	0	0
1	66190000	66200000	0	0
1	66200000	66210000	0	0
1	66210000	66220000	0	0
1	66220000	66230000	0	0
1	66230000	66240000	0	0
1	66240000	66250000	0	0
1	66250000	66260000	0	0
1	66260000	66270000	0	0
1	66270000	66280000	0	0
1	66280000	66290000	0	0
1	66290000	66300000	0	0
1	66300000	66310000	0	0
1	66310000	66320000	0	0
1	66320000	66330000	0	0
1	66330000	66340000	0	0
1	66340000	66350000	0	0
1	66350000	66360000	0	0
1	66360000	66370000	0	0
1	66370000	66380000	0	0
1	66380000	66390000	0	0
1	66390000	66400000	0	0
1	66400000	66410000	0	0
1	66410000	66420000	0	0
1	66420000	66430000	0	0
1	66430000	66440000	0	0
1	66440000	66450000	0	0
1	66450000	66460000	0	0
1	66460000	66470000	0	0
1	66470000	66480000	0	0
1	66480000	66490000	0	0
1	66490000	66500000	0	0
1	66500000	66510000	0	0
1	66510000	66520000	0	0
1	66520000	66530000	0	0
1	66530000	66540000	0	0
1	66540000	66550000	0	0
1	66550000	66560000	0	0
1	66560000	66570000	0	0
1	66570000	66580000	0	0
1	66580000	66590000	0	0
1	66590000	66600000	0	0
1	66600000	66610000	0	0
1	66610000	66620000	0	0
1	66620000	66630000	0	0
1	66630000	66640000	0	0
1	66640000	66650000	0	0
1	66650000	66660000	0	0
1	66660000	66670000	0	0
1	66670000	66680000	0	0
1	66680000	66690000	0	0
1	66690000	66700000	0	0
1	66700000	66710000	0	0
1	66710000	66720000	0	0
1	66720000	66730000	0	0
1	66730000	66740000	0	0
1	66740000	66750000	0	0
1	66750000	66760000	0	0
1	66760000	66770000	0	0
1	66770000	66780000	0	0
1	66780000	66790000	0	0
1	66790000	66800000	0	0
1	66800000	66810000	0	0
1	66810000	66820000	0	0
1	66820000	66830000	0	0
1	66830000	66840000	0	0
1	66840000	66850000	0	0
1	66850000	66860000	0	0
1	66860000	66870000	0	0
1	66870000	66880000	0	0
1	66880000	66890000	0	0
1	66890000	66900000	0	0
1	66900000	66910000	0	0
1	66910000	66920000	0	0
1	66920000	66930000	0	0
1	66930000	66940000	0	0
1	66940000	66950000	0	0
1	66950000	66960000	0	0
1	66960000	66970000	0	0
1	66970000	66980000	0	0
1	66980000	66990000	0	0
1	66990000	67000000	0	0
1	67000000	67010000	0	0
1	67010000	67020000	0	0
1	67020000	67030000	0	0
1	67030000	67040000	0	0
1	67040000	67050000	0	0
1	67050000	67060000	0	0
1	67060000	67070000	0	0
1	67070000	67080000	0	0
1	67080000	67090000	0	0
1	67090000	67100000	0	0
1	67100000	67110000	0	0
1	67110000	67120000	0	0
1	67120000	67130000	0	0
1	67130000	67140000	0	0
1	67140000	67150000	0	0
1	67150000	67160000	0	0
1	67160000	67170000	0	0
1	67170000	67180000	0	0
1	67180000	67190000	0	0
1	67190000	67200000	0	0
1	67200000	67210000	0	0
1	67210000	67220000	0	0
1	67220000	67230000	0	0
1	67230000	67240000	0	0
1	67240000	67250000	0	0
1	67250000	67260000	0	0
1	67260000	67270000	0	0
1	67270000	67280000	0	0
1	67280000	67290000	0	0
1	67290000	67300000	0	0
1	67300000	67310000	0	0
1	67310000	67320000	0	0
1	67320000	67330000	0	0
1	67330000	67340000	0	0
1	67340000	67350000	0	0
1	67350000	67360000	0	0
1	67360000	67370000	0	0
1	67370000	67380000	0	0
1	67380000	67390000	0	0
1	67390000	67400000	0	0
1	67400000	67410000	0	0
1	67410000	67420000	0	0
1	67420000	67430000	0	0
1	67430000	67440000	0	0
1	67440000	67450000	0	0
1	67450000	67460000	0	0
1	67460000	67470000	0	0
1	67470000	67480000	0	0
1	67480000	67490000	0	0
1	67490000	67500000	0	0
1	67500000	67510000	0	0
1	67510000	67520000	0	0
1	67520000	67530000	0	0
1	67530000	67540000	0	0
1	67540000	67550000	0	0
1	67550000	67560000	0	0
1	67560000	67570000	0	0
1	67570000	67580000	0	0
1	67580000	67590000	0	0
1	67590000	67600000	0	0
1	67600000	67610000	0	0
1	67610000	67620000	0	0
1	67620000	67630000	0	0
1	67630000	67640000	0	0
1	67640000	67650000	0	0
1	67650000	67660000	0	0
1	67660000	67670000	0	0
1	67670000	67680000	0	0
1	67680000	67690000	0	0
1	67690000	67700000	0	0
1	67700000	67710000	0	0
1	67710000	67720000	0	0
1	67720000	67730000	0	0
1	67730000	67740000	0	0
1	67740000	67750000	0	0
1	67750000	67760000	0	0
1	67760000	67770000	0	0
1	67770000	67780000	0	0
1	67780000	67790000	0	0
1	67790000	67800000	0	0
1	67800000	67810000	0	0
1	67810000	67820000	0	0
1	67820000	67830000	0	0
1	67830000	67840000	0	0
1	67840000	67850000	0	0
1	67850000	67860000	0	0
1	67860000	67870000	0	0
1	67870000	67880000	0	0
1	67880000	67890000	0	0
1	67890000	67900000	0	0
1	67900000	67910000	0	0
1	67910000	67920000	0	0
1	67920000	67930000	0	0
1	67930000	67940000	0	0
1	67940000	67950000	0	0
1	67950000	67960000	0	0
1	67960000	67970000	0	0
1	67970000	67980000	0	0
1	67980000	67990000	0	0
1	67990000	68000000	0	0
1	68000000	68010000	0	0
1	68010000	68020000	0	0
1	68020000	68030000	0	0
1	68030000	68040000	0	0
1	68040000	68050000	0	0
1	68050000	68060000	0	0
1	68060000	68070000	0	0
1	68070000	68080000	0	0
1	68080000	68090000	0	0
1	68090000	68100000	0	0
1	68100000	68110000	0	0
1	68110000	68120000	0	0
1	68120000	68130000	0	0
1	68130000	68140000	0	0
1	68140000	68150000	0	0
1	68150000	68160000	0	0
1	68160000	68170000	0	0
1	68170000	68180000	0	0
1	68180000	68190000	0	0
1	68190000	68200000	0	0
1	68200000	68210000	0	0
1	68210000	68220000	0	0
1	68220000	68230000	0	0
1	68230000	68240000	0	0
1	68240000	68250000	0	0
1	68250000	68260000	0	0
1	68260000	68270000	0	0
1	68270000	68280000	0	0
1	68280000	68290000	0	0
1	68290000	68300000	0	0
1	68300000	68310000	0	0
1	68310000	68320000	0	0
1	68320000	68330000	0	0
1	68330000	68340000	0	0
1	68340000	68350000	0	0
1	68350000	68360000	0	0
1	68360000	68370000	0	0
1	68370000	68380000	0	0
1	68380000	68390000	0	0
1	68390000	68400000	0	0
1	68400000	68410000	0	0
1	68410000	68420000	0	0
1	68420000	68430000	0	0
1	68430000	68440000	0	0
1	68440000	68450000	0	0
1	68450000	68460000	0	0
1	68460000	68470000	0	0
1	68470000	68480000	0	0
1	68480000	68490000	0	0
1	68490000	68500000	0	0
1	68500000	68510000	0	0
1	68510000	68520000	0	0
1	68520000	68530000	0	0
1	68530000	68540000	0	0
1	68540000	68550000	0	0
1	68550000	68560000	0	0
1	68560000	68570000	0	0
1	68570000	68580000	0	0
1	68580000	68590000	0	0
1	68590000	68600000	0	0
1	68600000	68610000	0	0
1	68610000	68620000	0	0
1	68620000	68630000	0	0
1	68630000	68640000	0	0
1	68640000	68650000	0	0
1	68650000	68660000	0	0
1	68660000	68670000	0	0
1	68670000	68680000	0	0
1	68680000	68690000	0	0
1	68690000	68700000	0	0
1	68700000	68710000	0	0
1	68710000	68720000	0	0
1	68720000	68730000	0	0
1	68730000	68740000	0	0
1	68740000	68750000	0	0
1	68750000	68760000	0	0
1	68760000	68770000	0	0
1	68770000	68780000	0	0
1	68780000	68790000	0	0
1	68790000	68800000	0	0
1	68800000	68810000	0	0
1	68810000	68820000	0	0
1	68820000	68830000	0	0
1	68830000	68840000	0	0
1	68840000	68850000	0	0
1	68850000	68860000	0	0
1	68860000	68870000	0	0
1	68870000	68880000	0	0
1	68880000	68890000	0	0
1	68890000	68900000	0	0
1	68900000	68910000	0	0
1	68910000	68920000	0	0
1	68920000	68930000	0	0
1	68930000	68940000	0	0
1	68940000	68950000	0	0
1	68950000	68960000	0	0
1	68960000	68970000	0	0
1	68970000	68980000	0	0
1	68980000	68990000	0	0
1	68990000	69000000	0	0
1	69000000	69010000	0	0
1	69010000	69020000	0	0
1	69020000	69030000	0	0
1	69030000	69040000	0	0
1	69040000	69050000	0	0
1	69050000	69060000	0	0
1	69060000	69070000	0	0
1	69070000	69080000	0	0
1	69080000	69090000	0	0
1	69090000	69100000	0	0
1	69100000	69110000	0	0
1	69110000	69120000	0	0
1	69120000	69130000	0	0
1	69130000	69140000	0	0
1	69140000	69150000	0	0
1	69150000	69160000	0	0
1	69160000	69170000	0	0
1	69170000	69180000	0	0
1	69180000	69190000	0	0
1	69190000	69200000	0	0
1	69200000	69210000	0	0
1	69210000	69220000	0	0
1	69220000	69230000	0	0
1	69230000	69240000	0	0
1	69240000	69250000	0	0
1	69250000	69260000	0	0
1	69260000	69270000	0	0
1	69270000	69280000	0	0
1	69280000	69290000	0	0
1	69290000	69300000	0	0
1	69300000	69310000	0	0
1	69310000	69320000	0	0
1	69320000	69330000	0	0
1	69330000	69340000	0	0
1	69340000	69350000	0	0
1	69350000	69360000	0	0
1	69360000	69370000	0	0
1	69370000	69380000	0	0
1	69380000	69390000	0	0
1	69390000	69400000	0	0
1	69400000	69410000	0	0
1	69410000	69420000	0	0
1	69420000	69430000	0	0
1	69430000	69440000	0	0
1	69440000	69450000	0	0
1	69450000	69460000	0	0
1	69460000	69470000	0	0
1	69470000	69480000	0	0
1	69480000	69490000	0	0
1	69490000	69500000	0	0
1	69500000	69510000	0	0
1	69510000	69520000	0	0
1	69520000	69530000	0	0
1	69530000	69540000	0	0
1	69540000	69550000	0	0
1	69550000	69560000	0	0
1	69560000	69570000	0	0
1	69570000	69580000	0	0
1	69580000	69590000	0	0
1	69590000	69600000	0	0
1	69600000	69610000	0	0
1	69610000	69620000	0	0
1	69620000	69630000	0	0
1	69630000	69640000	0	0
1	69640000	69650000	0	0
1	69650000	69660000	0	0
1	69660000	69670000	0	0
1	69670000	69680000	0	0
1	69680000	69690000	0	0
1	69690000	69700000	0	0
1	69700000	69710000	0	0
1	69710000	69720000	0	0
1	69720000	69730000	0	0
1	69730000	69740000	0	0
1	69740000	69750000	0	0
1	69750000	69760000	0	0
1	69760000	69770000	0	0
1	69770000	69780000	0	0
1	69780000	69790000	0	0
1	69790000	69800000	0	0
1	69800000	69810000	0	0
1	69810000	69820000	0	0
1	69820000	69830000	0	0
1	69830000	69840000	0	0
1	69840000	69850000	0	0
1	69850000	69860000	0	0
1	69860000	69870000	0	0
1	69870000	69880000	0	0
1	69880000	69890000	0	0
1	69890000	69900000	0	0
1	69900000	69910000	0	0
1	69910000	69920000	0	0
1	69920000	69930000	0	0
1	69930000	69940000	0	0
1	69940000	69950000	0	0
1	69950000	69960000	0	0
1	69960000	69970000	0	0
1	69970000	69980000	0	0
1	69980000	69990000	0	0
1	69990000	70000000	0	0
1	70000000	70010000	0	0
1	70010000	70020000	0	0
1	70020000	70030000	0	0
1	70030000	70040000	0	0
1	70040000	70050000	0	0
1	70050000	70060000	0	0
1	70060000	70070000	0	0
1	70070000	70080000	0	0
1	70080000	70090000	0	0
1	70090000	70100000	0	0
1	70100000	70110000	0	0
1	70110000	70120000	0	0
1	70120000	70130000	0	0
1	70130000	70140000	0	0
1	70140000	70150000	0	0
1	70150000	70160000	0	0
1	70160000	70170000	0	0
1	70170000	70180000	0	0
1	70180000	70190000	0	0
1	70190000	70200000	0	0
1	70200000	70210000	0	0
1	70210000	70220000	0	0
1	70220000	70230000	0	0
1	70230000	70240000	0	0
1	70240000	70250000	0	0
1	70250000	70260000	0	0
1	70260000	70270000	0	0
1	70270000	70280000	0	0
1	70280000	70290000	0	0
1	70290000	70300000	0	0
1	70300000	70310000	0	0
1	70310000	70320000	0	0
1	70320000	70330000	0	0
1	70330000	70340000	0	0
1	70340000	70350000	0	0
1	70350000	70360000	0	0
1	70360000	70370000	0	0
1	70370000	70380000	0	0
1	70380000	70390000	0	0
1	70390000	70400000	0	0
1	70400000	70410000	0	0
1	70410000	70420000	0	0
1	70420000	70430000	0	0
1	70430000	70440000	0	0
1	70440000	70450000	0	0
1	70450000	70460000	0	0
1	70460000	70470000	0	0
1	70470000	70480000	0	0
1	70480000	70490000	0	0
1	70490000	70500000	0	0
1	70500000	70510000	0	0
1	70510000	70520000	0	0
1	70520000	70530000	0	0
1	70530000	70540000	0	0
1	70540000	70550000	0	0
1	70550000	70560000	0	0
1	70560000	70570000	0	0
1	70570000	70580000	0	0
1	70580000	70590000	0	0
1	70590000	70600000	0	0
1	70600000	70610000	0	0
1	70610000	70620000	0	0
1	70620000	70630000	0	0
1	70630000	70640000	0	0
1	70640000	70650000	0	0
1	70650000	70660000	0	0
1	70660000	70670000	0	0
1	70670000	70680000	0	0
1	70680000	70690000	0	0
1	70690000	70700000	0	0
1	70700000	70710000	0	0
1	70710000	70720000	0	0
1	70720000	70730000	0	0
1	70730000	70740000	0	0
1	70740000	70750000	0	0
1	70750000	70760000	0	0
1	70760000	70770000	0	0
1	70770000	70780000	0	0
1	70780000	70790000	0	0
1	70790000	70800000	0	0
1	70800000	70810000	0	0
1	70810000	70820000	0	0
1	70820000	70830000	0	0
1	70830000	70840000	0	0
1	70840000	70850000	0	0
1	70850000	70860000	0	0
1	70860000	70870000	0	0
1	70870000	70880000	0	0
1	70880000	70890000	0	0
1	70890000	70900000	0	0
1	70900000	70910000	0	0
1	70910000	70920000	0	0
1	70920000	70930000	0	0
1	70930000	70940000	0	0
1	70940000	70950000	0	0
1	70950000	70960000	0	0
1	70960000	70970000	0	0
1	70970000	70980000	0	0
1	70980000	70990000	0	0
1	70990000	71000000	0	0
1	71000000	71010000	0	0
1	71010000	71020000	0	0
1	71020000	71030000	0	0
1	71030000	71040000	0	0
1	71040000	71050000	0	0
1	71050000	71060000	0	0
1	71060000	71070000	0	0
1	71070000	71080000	0	0
1	71080000	71090000	0	0
1	71090000	71100000	0	0
1	71100000	71110000	0	0
1	71110000	71120000	0	0
1	71120000	71130000	0	0
1	71130000	71140000	0	0
1	71140000	71150000	0	0
1	71150000	71160000	0	0
1	71160000	71170000	0	0
1	71170000	71180000	0	0
1	71180000	71190000	0	0
1	71190000	71200000	0	0
1	71200000	71210000	0	0
1	71210000	71220000	0	0
1	71220000	71230000	0	0
1	71230000	71240000	0	0
1	71240000	71250000	0	0
1	71250000	71260000	0	0
1	71260000	71270000	0	0
1	71270000	71280000	0	0
1	71280000	71290000	0	0
1	71290000	71300000	0	0
1	71300000	71310000	0	0
1	71310000	71320000	0	0
1	71320000	71330000	0	0
1	71330000	71340000	0	0
1	71340000	71350000	0	0
1	71350000	71360000	0	0
1	71360000	71370000	0	0
1	71370000	71380000	0	0
1	71380000	71390000	0	0
1	71390000	71400000	0	0
1	71400000	71410000	0	0
1	71410000	71420000	0	0
1	71420000	71430000	0	0
1	71430000	71440000	0	0
1	71440000	71450000	0	0
1	71450000	71460000	0	0
1	71460000	71470000	0	0
1	71470000	71480000	0	0
1	71480000	71490000	0	0
1	71490000	71500000	0	0
1	71500000	71510000	0	0
1	71510000	71520000	0	0
1	71520000	71530000	0	0
1	71530000	71540000	0	0
1	71540000	71550000	0	0
1	71550000	71560000	0	0
1	71560000	71570000	0	0
1	71570000	71580000	0	0
1	71580000	71590000	0	0
1	71590000	71600000	0	0
1	71600000	71610000	0	0
1	71610000	71620000	0	0
1	71620000	71630000	0	0
1	71630000	71640000	0	0
1	71640000	71650000	0	0
1	71650000	71660000	0	0
1	71660000	71670000	0	0
1	71670000	71680000	0	0
1	71680000	71690000	0	0
1	71690000	71700000	0	0
1	71700000	71710000	0	0
1	71710000	71720000	0	0
1	71720000	71730000	0	0
1	71730000	71740000	0	0
1	71740000	71750000	0	0
1	71750000	71760000	0	0
1	71760000	71770000	0	0
1	71770000	71780000	0	0
1	71780000	71790000	0	0
1	71790000	71800000	0	0
1	71800000	71810000	0	0
1	71810000	71820000	0	0
1	71820000	71830000	0	0
1	71830000	71840000	0	0
1	71840000	71850000	0	0
1	71850000	71860000	0	0
1	71860000	71870000	0	0
1	71870000	71880000	0	0
1	71880000	71890000	0	0
1	71890000	71900000	0	0
1	71900000	71910000	0	0
1	71910000	71920000	0	0
1	71920000	71930000	0	0
1	71930000	71940000	0	0
1	71940000	71950000	0	0
1	71950000	71960000	0	0
1	71960000	71970000	0	0
1	71970000	71980000	0	0
1	71980000	71990000	0	0
1	71990000	72000000	0	0
1	72000000	72010000	0	0
1	72010000	72020000	0	0
1	72020000	72030000	0	0
1	72030000	72040000	0	0
1	72040000	72050000	0	0
1	72050000	72060000	0	0
1	72060000	72070000	0	0
1	72070000	72080000	0	0
1	72080000	72090000	0	0
1	72090000	72100000	0	0
1	72100000	72110000	0	0
1	72110000	72120000	0	0
1	72120000	72130000	0	0
1	72130000	72140000	0	0
1	72140000	72150000	0	0
1	72150000	72160000	0	0
1	72160000	72170000	0	0
1	72170000	72180000	0	0
1	72180000	72190000	0	0
1	72190000	72200000	0	0
1	72200000	72210000	0	0
1	72210000	72220000	0	0
1	72220000	72230000	0	0
1	72230000	72240000	0	0
1	72240000	72250000	0	0
1	72250000	72260000	0	0
1	72260000	72270000	0	0
1	72270000	72280000	0	0
1	72280000	72290000	0	0
1	72290000	72300000	0	0
1	72300000	72310000	0	0
1	72310000	72320000	0	0
1	72320000	72330000	0	0
1	72330000	72340000	0	0
1	72340000	72350000	0	0
1	72350000	72360000	0	0
1	72360000	72370000	0	0
1	72370000	72380000	0	0
1	72380000	72390000	0	0
1	72390000	72400000	0	0
1	72400000	72410000	0	0
1	72410000	72420000	0	0
1	72420000	72430000	0	0
1	72430000	72440000	0	0
1	72440000	72450000	0	0
1	72450000	72460000	0	0
1	72460000	72470000	0	0
1	72470000	72480000	0	0
1	72480000	72490000	0	0
1	72490000	72500000	0	0
1	72500000	72510000	0	0
1	72510000	72520000	0	0
1	72520000	72530000	0	0
1	72530000	72540000	0	0
1	72540000	72550000	0	0
1	72550000	72560000	0	0
1	72560000	72570000	0	0
1	72570000	72580000	0	0
1	72580000	72590000	0	0
1	72590000	72600000	0	0
1	72600000	72610000	0	0
1	72610000	72620000	0	0
1	72620000	72630000	0	0
1	72630000	72640000	0	0
1	72640000	72650000	0	0
1	72650000	72660000	0	0
1	72660000	72670000	0	0
1	72670000	72680000	0	0
1	72680000	72690000	0	0
1	72690000	72700000	0	0
1	72700000	72710000	0	0
1	72710000	72720000	0	0
1	72720000	72730000	0	0
1	72730000	72740000	0	0
1	72740000	72750000	0	0
1	72750000	72760000	0	0
1	72760000	72770000	0	0
1	72770000	72780000	0	0
1	72780000	72790000	0	0
1	72790000	72800000	0	0
1	72800000	72810000	0	0
1	72810000	72820000	0	0
1	72820000	72830000	0	0
1	72830000	72840000	0	0
1	72840000	72850000	0	0
1	72850000	72860000	0	0
1	72860000	72870000	0	0
1	72870000	72880000	0	0
1	72880000	72890000	0	0
1	72890000	72900000	0	0
1	72900000	72910000	0	0
1	72910000	72920000	0	0
1	72920000	72930000	0	0
1	72930000	72940000	0	0
1	72940000	72950000	0	0
1	72950000	72960000	0	0
1	72960000	72970000	0	0
1	72970000	72980000	0	0
1	72980000	72990000	0	0
1	72990000	73000000	0	0
1	73000000	73010000	0	0
1	73010000	73020000	0	0
1	73020000	73030000	0	0
1	73030000	73040000	0	0
1	73040000	73050000	0	0
1	73050000	73060000	0	0
1	73060000	73070000	0	0
1	73070000	73080000	0	0
1	73080000	73090000	0	0
1	73090000	73100000	0	0
1	73100000	73110000	0	0
1	73110000	73120000	0	0
1	73120000	73130000	0	0
1	73130000	73140000	0	0
1	73140000	73150000	0	0
1	73150000	73160000	0	0
1	73160000	73170000	0	0
1	73170000	73180000	0	0
1	73180000	73190000	0	0
1	73190000	73200000	0	0
1	73200000	73210000	0	0
1	73210000	73220000	0	0
1	73220000	73230000	0	0
1	73230000	73240000	0	0
1	73240000	73250000	0	0
1	73250000	73260000	0	0
1	73260000	73270000	0	0
1	73270000	73280000	0	0
1	73280000	73290000	0	0
1	73290000	73300000	0	0
1	73300000	73310000	0	0
1	73310000	73320000	0	0
1	73320000	73330000	0	0
1	73330000	73340000	0	0
1	73340000	73350000	0	0
1	73350000	73360000	0	0
1	73360000	73370000	0	0
1	73370000	73380000	0	0
1	73380000	73390000	0	0
1	73390000	73400000	0	0
1	73400000	73410000	0	0
1	73410000	73420000	0	0
1	73420000	73430000	0	0
1	73430000	73440000	0	0
1	73440000	73450000	0	0
1	73450000	73460000	0	0
1	73460000	73470000	0	0
1	73470000	73480000	0	0
1	73480000	73490000	0	0
1	73490000	73500000	0	0
1	73500000	73510000	0	0
1	73510000	73520000	0	0
1	73520000	73530000	0	0
1	73530000	73540000	0	0
1	73540000	73550000	0	0
1	73550000	73560000	0	0
1	73560000	73570000	0	0
1	73570000	73580000	0	0
1	73580000	73590000	0	0
1	73590000	73600000	0	0
1	73600000	73610000	0	0
1	73610000	73620000	0	0
1	73620000	73630000	0	0
1	73630000	73640000	0	0
1	73640000	73650000	0	0
1	73650000	73660000	0	0
1	73660000	73670000	0	0
1	73670000	73680000	0	0
1	73680000	73690000	0	0
1	73690000	73700000	0	0
1	73700000	73710000	0	0
1	73710000	73720000	0	0
1	73720000	73730000	0	0
1	73730000	73740000	0	0
1	73740000	73750000	0	0
1	73750000	73760000	0	0
1	73760000	73770000	0	0
1	73770000	73780000	0	0
1	73780000	73790000	0	0
1	73790000	73800000	0	0
1	73800000	73810000	0	0
1	73810000	73820000	0	0
1	73820000	73830000	0	0
1	73830000	73840000	0	0
1	73840000	73850000	0	0
1	73850000	73860000	0	0
1	73860000	73870000	0	0
1	73870000	73880000	0	0
1	73880000	73890000	0	0
1	73890000	73900000	0	0
1	73900000	73910000	0	0
1	73910000	73920000	0	0
1	73920000	73930000	0	0
1	73930000	73940000	0	0
1	73940000	73950000	0	0
1	73950000	73960000	0	0
1	73960000	73970000	0	0
1	73970000	73980000	0	0
1	73980000	73990000	0	0
1	73990000	74000000	0	0
1	74000000	74010000	0	0
1	74010000	74020000	0	0
1	74020000	74030000	0	0
1	74030000	74040000	0	0
1	74040000	74050000	0	0
1	74050000	74060000	0	0
1	74060000	74070000	0	0
1	74070000	74080000	0	0
1	74080000	74090000	0	0
1	74090000	74100000	0	0
1	74100000	74110000	0	0
1	74110000	74120000	0	0
1	74120000	74130000	0	0
1	74130000	74140000	0	0
1	74140000	74150000	0	0
1	74150000	74160000	0	0
1	74160000	74170000	0	0
1	74170000	74180000	0	0
1	74180000	74190000	0	0
1	74190000	74200000	0	0
1	74200000	74210000	0	0
1	74210000	74220000	0	0
1	74220000	74230000	0	0
1	74230000	74240000	0	0
1	74240000	74250000	0	0
1	74250000	74260000	0	0
1	74260000	74270000	0	0
1	74270000	74280000	0	0
1	74280000	74290000	0	0
1	74290000	74300000	0	0
1	74300000	74310000	0	0
1	74310000	74320000	0	0
1	74320000	74330000	0	0
1	74330000	74340000	0	0
1	74340000	74350000	0	0
1	74350000	74360000	0	0
1	74360000	74370000	0	0
1	74370000	74380000	0	0
1	74380000	74390000	0	0
1	74390000	74400000	0	0
1	74400000	74410000	0	0
1	74410000	74420000	0	0
1	74420000	74430000	0	0
1	74430000	74440000	0	0
1	74440000	74450000	0	0
1	74450000	74460000	0	0
1	74460000	74470000	0	0
1	74470000	74480000	0	0
1	74480000	74490000	0	0
1	74490000	74500000	0	0
1	74500000	74510000	0	0
1	74510000	74520000	0	0
1	74520000	74530000	0	0
1	74530000	74540000	0	0
1	74540000	74550000	0	0
1	74550000	74560000	0	0
1	74560000	74570000	0	0
1	74570000	74580000	0	0
1	74580000	74590000	0	0
1	74590000	74600000	0	0
1	74600000	74610000	0	0
1	74610000	74620000	0	0
1	74620000	74630000	0	0
1	74630000	74640000	0	0
1	74640000	74650000	0	0
1	74650000	74660000	0	0
1	74660000	74670000	0	0
1	74670000	74680000	0	0
1	74680000	74690000	0	0
1	74690000	74700000	0	0
1	74700000	74710000	0	0
1	74710000	74720000	0	0
1	74720000	74730000	0	0
1	74730000	74740000	0	0
1	74740000	74750000	0	0
1	74750000	74760000	0	0
1	74760000	74770000	0	0
1	74770000	74780000	0	0
1	74780000	74790000	0	0
1	74790000	74800000	0	0
1	74800000	74810000	0	0
1	74810000	74820000	0	0
1	74820000	74830000	0	0
1	74830000	74840000	0	0
1	74840000	74850000	0	0
1	74850000	74860000	0	0
1	74860000	74870000	0	0
1	74870000	74880000	0	0
1	74880000	74890000	0	0
1	74890000	74900000	0	0
1	74900000	74910000	0	0
1	74910000	74920000	0	0
1	74920000	74930000	0	0
1	74930000	74940000	0	0
1	74940000	74950000	0	0
1	74950000	74960000	0	0
1	74960000	74970000	0	0
1	74970000	74980000	0	0
1	74980000	74990000	0	0
1	74990000	75000000	0	0
1	75000000	75010000	0	0
1	75010000	75020000	0	0
1	75020000	75030000	0	0
1	75030000	75040000	0	0
1	75040000	75050000	0	0
1	75050000	75060000	0	0
1	75060000	75070000	0	0
1	75070000	75080000	0	0
1	75080000	75090000	0	0
1	75090000	75100000	0	0
1	75100000	75110000	0	0
1	75110000	75120000	0	0
1	75120000	75130000	0	0
1	75130000	75140000	0	0
1	75140000	75150000	0	0
1	75150000	75160000	0	0
1	75160000	75170000	0	0
1	75170000	75180000	0	0
1	75180000	75190000	0	0
1	75190000	75200000	0	0
1	75200000	75210000	0	0
1	75210000	75220000	0	0
1	75220000	75230000	0	0
1	75230000	75240000	0	0
1	75240000	75250000	0	0
1	75250000	75260000	0	0
1	75260000	75270000	0	0
1	75270000	75280000	0	0
1	75280000	75290000	0	0
1	75290000	75300000	0	0
1	75300000	75310000	0	0
1	75310000	75320000	0	0
1	75320000	75330000	0	0
1	75330000	75340000	0	0
1	75340000	75350000	0	0
1	75350000	75360000	0	0
1	75360000	75370000	0	0
1	75370000	75380000	0	0
1	75380000	75390000	0	0
1	75390000	75400000	0	0
1	75400000	75410000	0	0
1	75410000	75420000	0	0
1	75420000	75430000	0	0
1	75430000	75440000	0	0
1	75440000	75450000	0	0
1	75450000	75460000	0	0
1	75460000	75470000	0	0
1	75470000	75480000	0	0
1	75480000	75490000	0	0
1	75490000	75500000	0	0
1	75500000	75510000	0	0
1	75510000	75520000	0	0
1	75520000	75530000	0	0
1	75530000	75540000	0	0
1	75540000	75550000	0	0
1	75550000	75560000	0	0
1	75560000	75570000	0	0
1	75570000	75580000	0	0
1	75580000	75590000	0	0
1	75590000	75600000	0	0
1	75600000	75610000	0	0
1	75610000	75620000	0	0
1	75620000	75630000	0	0
1	75630000	75640000	0	0
1	75640000	75650000	0	0
1	75650000	75660000	0	0
1	75660000	75670000	0	0
1	75670000	75680000	0	0
1	75680000	75690000	0	0
1	75690000	75700000	0	0
1	75700000	75710000	0	0
1	75710000	75720000	0	0
1	75720000	75730000	0	0
1	75730000	75740000	0	0
1	75740000	75750000	0	0
1	75750000	75760000	0	0
1	75760000	75770000	0	0
1	75770000	75780000	0	0
1	75780000	75790000	0	0
1	75790000	75800000	0	0
1	75800000	75810000	0	0
1	75810000	75820000	0	0
1	75820000	75830000	0	0
1	75830000	75840000	0	0
1	75840000	75850000	0	0
1	75850000	75860000	0	0
1	75860000	75870000	0	0
1	75870000	75880000	0	0
1	75880000	75890000	0	0
1	75890000	75900000	0	0
1	75900000	75910000	0	0
1	75910000	75920000	0	0
1	75920000	75930000	0	0
1	75930000	75940000	0	0
1	75940000	75950000	0	0
1	75950000	75960000	0	0
1	75960000	75970000	0	0
1	75970000	75980000	0	0
1	75980000	75990000	0	0
1	75990000	76000000	0	0
1	76000000	76010000	0	0
1	76010000	76020000	0	0
1	76020000	76030000	0	0
1	76030000	76040000	0	0
1	76040000	76050000	0	0
1	76050000	76060000	0	0
1	76060000	76070000	0	0
1	76070000	76080000	0	0
1	76080000	76090000	0	0
1	76090000	76100000	0	0
1	76100000	76110000	0	0
1	76110000	76120000	0	0
1	76120000	76130000	0	0
1	76130000	76140000	0	0
1	76140000	76150000	0	0
1	76150000	76160000	0	0
1	76160000	76170000	0	0
1	76170000	76180000	0	0
1	76180000	76190000	0	0
1	76190000	76200000	0	0
1	76200000	76210000	0	0
1	76210000	76220000	0	0
1	76220000	76230000	0	0
1	76230000	76240000	0	0
1	76240000	76250000	0	0
1	76250000	76260000	0	0
1	76260000	76270000	0	0
1	76270000	76280000	0	0
1	76280000	76290000	0	0
1	76290000	76300000	0	0
1	76300000	76310000	0	0
1	76310000	76320000	0	0
1	76320000	76330000	0	0
1	76330000	76340000	0	0
1	76340000	76350000	0	0
1	76350000	76360000	0	0
1	76360000	76370000	0	0
1	76370000	76380000	0	0
1	76380000	76390000	0	0
1	76390000	76400000	0	0
1	76400000	76410000	0	0
1	76410000	76420000	0	0
1	76420000	76430000	0	0
1	76430000	76440000	0	0
1	76440000	76450000	0	0
1	76450000	76460000	0	0
1	76460000	76470000	0	0
1	76470000	76480000	0	0
1	76480000	76490000	0	0
1	76490000	76500000	0	0
1	76500000	76510000	0	0
1	76510000	76520000	0	0
1	76520000	76530000	0	0
1	76530000	76540000	0	0
1	76540000	76550000	0	0
1	76550000	76560000	0	0
1	76560000	76570000	0	0
1	76570000	76580000	0	0
1	76580000	76590000	0	0
1	76590000	76600000	0	0
1	76600000	76610000	0	0
1	76610000	76620000	0	0
1	76620000	76630000	0	0
1	76630000	76640000	0	0
1	76640000	76650000	0	0
1	76650000	76660000	0	0
1	76660000	76670000	0	0
1	76670000	76680000	0	0
1	76680000	76690000	0	0
1	76690000	76700000	0	0
1	76700000	76710000	0	0
1	76710000	76720000	0	0
1	76720000	76730000	0	0
1	76730000	76740000	0	0
1	76740000	76750000	0	0
1	76750000	76760000	0	0
1	76760000	76770000	0	0
1	76770000	76780000	0	0
1	76780000	76790000	0	0
1	76790000	76800000	0	0
1	76800000	76810000	0	0
1	76810000	76820000	0	0
1	76820000	76830000	0	0
1	76830000	76840000	0	0
1	76840000	76850000	0	0
1	76850000	76860000	0	0
1	76860000	76870000	0	0
1	76870000	76880000	0	0
1	76880000	76890000	0	0
1	76890000	76900000	0	0
1	76900000	76910000	0	0
1	76910000	76920000	0	0
1	76920000	76930000	0	0
1	76930000	76940000	0	0
1	76940000	76950000	0	0
1	76950000	76960000	0	0
1	76960000	76970000	0	0
1	76970000	76980000	0	0
1	76980000	76990000	0	0
1	76990000	77000000	0	0
1	77000000	77010000	0	0
1	77010000	77020000	0	0
1	77020000	77030000	0	0
1	77030000	77040000	0	0
1	77040000	77050000	0	0
1	77050000	77060000	0	0
1	77060000	77070000	0	0
1	77070000	77080000	0	0
1	77080000	77090000	0	0
1	77090000	77100000	0	0
1	77100000	77110000	0	0
1	77110000	77120000	0	0
1	77120000	77130000	0	0
1	77130000	77140000	0	0
1	77140000	77150000	0	0
1	77150000	77160000	0	0
1	77160000	77170000	0	0
1	77170000	77180000	0	0
1	77180000	77190000	0	0
1	77190000	77200000	0	0
1	77200000	77210000	0	0
1	77210000	77220000	0	0
1	77220000	77230000	0	0
1	77230000	77240000	0	0
1	77240000	77250000	0	0
1	77250000	77260000	0	0
1	77260000	77270000	0	0
1	77270000	77280000	0	0
1	77280000	77290000	0	0
1	77290000	77300000	0	0
1	77300000	77310000	0	0
1	77310000	77320000	0	0
1	77320000	77330000	0	0
1	77330000	77340000	0	0
1	77340000	77350000	0	0
1	77350000	77360000	0	0
1	77360000	77370000	0	0
1	77370000	77380000	0	0
1	77380000	77390000	0	0
1	77390000	77400000	0	0
1	77400000	77410000	0	0
1	77410000	77420000	0	0
1	77420000	77430000	0	0
1	77430000	77440000	0	0
1	77440000	77450000	0	0
1	77450000	77460000	0	0
1	77460000	77470000	0	0
1	77470000	77480000	0	0
1	77480000	77490000	0	0
1	77490000	77500000	0	0
1	77500000	77510000	0	0
1	77510000	77520000	0	0
1	77520000	77530000	0	0
1	77530000	77540000	0	0
1	77540000	77550000	0	0
1	77550000	77560000	0	0
1	77560000	77570000	0	0
1	77570000	77580000	0	0
1	77580000	77590000	0	0
1	77590000	77600000	0	0
1	77600000	77610000	0	0
1	77610000	77620000	0	0
1	77620000	77630000	0	0
1	77630000	77640000	0	0
1	77640000	77650000	0	0
1	77650000	77660000	0	0
1	77660000	77670000	0	0
1	77670000	77680000	0	0
1	77680000	77690000	0	0
1	77690000	77700000	0	0
1	77700000	77710000	0	0
1	77710000	77720000	0	0
1	77720000	77730000	0	0
1	77730000	77740000	0	0
1	77740000	77750000	0	0
1	77750000	77760000	0	0
1	77760000	77770000	0	0
1	77770000	77780000	0	0
1	77780000	77790000	0	0
1	77790000	77800000	0	0
1	77800000	77810000	0	0
1	77810000	77820000	0	0
1	77820000	77830000	0	0
1	77830000	77840000	0	0
1	77840000	77850000	0	0
1	77850000	77860000	0	0
1	77860000	77870000	0	0
1	77870000	77880000	0	0
1	77880000	77890000	0	0
1	77890000	77900000	0	0
1	77900000	77910000	0	0
1	77910000	77920000	0	0
1	77920000	77930000	0	0
1	77930000	77940000	0	0
1	77940000	77950000	0	0
1	77950000	77960000	0	0
1	77960000	77970000	0	0
1	77970000	77980000	0	0
1	77980000	77990000	0	0
1	77990000	78000000	0	0
1	78000000	78010000	0	0
1	78010000	78020000	0	0
1	78020000	78030000	0	0
1	78030000	78040000	0	0
1	78040000	78050000	0	0
1	78050000	78060000	0	0
1	78060000	78070000	0	0
1	78070000	78080000	0	0
1	78080000	78090000	0	0
1	78090000	78100000	0	0
1	78100000	78110000	0	0
1	78110000	78120000	0	0
1	78120000	78130000	0	0
1	78130000	78140000	0	0
1	78140000	78150000	0	0
1	78150000	78160000	0	0
1	78160000	78170000	0	0
1	78170000	78180000	0	0
1	78180000	78190000	0	0
1	78190000	78200000	0	0
1	78200000	78210000	0	0
1	78210000	78220000	0	0
1	78220000	78230000	0	0
1	78230000	78240000	0	0
1	78240000	78250000	0	0
1	78250000	78260000	0	0
1	78260000	78270000	0	0
1	78270000	78280000	0	0
1	78280000	78290000	0	0
1	78290000	78300000	0	0
1	78300000	78310000	0	0
1	78310000	78320000	0	0
1	78320000	78330000	0	0
1	78330000	78340000	0	0
1	78340000	78350000	0	0
1	78350000	78360000	0	0
1	78360000	78370000	0	0
1	78370000	78380000	0	0
1	78380000	78390000	0	0
1	78390000	78400000	0	0
1	78400000	78410000	0	0
1	78410000	78420000	0	0
1	78420000	78430000	0	0
1	78430000	78440000	0	0
1	78440000	78450000	0	0
1	78450000	78460000	0	0
1	78460000	78470000	0	0
1	78470000	78480000	0	0
1	78480000	78490000	0	0
1	78490000	78500000	0	0
1	78500000	78510000	0	0
1	78510000	78520000	0	0
1	78520000	78530000	0	0
1	78530000	78540000	0	0
1	78540000	78550000	0	0
1	78550000	78560000	0	0
1	78560000	78570000	0	0
1	78570000	78580000	0	0
1	78580000	78590000	0	0
1	78590000	78600000	0	0
1	78600000	78610000	0	0
1	78610000	78620000	0	0
1	78620000	78630000	0	0
1	78630000	78640000	0	0
1	78640000	78650000	0	0
1	78650000	78660000	0	0
1	78660000	78670000	0	0
1	78670000	78680000	0	0
1	78680000	78690000	0	0
1	78690000	78700000	0	0
1	78700000	78710000	0	0
1	78710000	78720000	0	0
1	78720000	78730000	0	0
1	78730000	78740000	0	0
1	78740000	78750000	0	0
1	78750000	78760000	0	0
1	78760000	78770000	0	0
1	78770000	78780000	0	0
1	78780000	78790000	0	0
1	78790000	78800000	0	0
1	78800000	78810000	0	0
1	78810000	78820000	0	0
1	78820000	78830000	0	0
1	78830000	78840000	0	0
1	78840000	78850000	0	0
1	78850000	78860000	0	0
1	78860000	78870000	0	0
1	78870000	78880000	0	0
1	78880000	78890000	0	0
1	78890000	78900000	0	0
1	78900000	78910000	0	0
1	78910000	78920000	0	0
1	78920000	78930000	0	0
1	78930000	78940000	0	0
1	78940000	78950000	0	0
1	78950000	78960000	0	0
1	78960000	78970000	0	0
1	78970000	78980000	0	0
1	78980000	78990000	0	0
1	78990000	79000000	0	0
1	79000000	79010000	0	0
1	79010000	79020000	0	0
1	79020000	79030000	0	0
1	79030000	79040000	0	0
1	79040000	79050000	0	0
1	79050000	79060000	0	0
1	79060000	79070000	0	0
1	79070000	79080000	0	0
1	79080000	79090000	0	0
1	79090000	79100000	0	0
1	79100000	79110000	0	0
1	79110000	79120000	0	0
1	79120000	79130000	0	0
1	79130000	79140000	0	0
1	79140000	79150000	0	0
1	79150000	79160000	0	0
1	79160000	79170000	0	0
1	79170000	79180000	0	0
1	79180000	79190000	0	0
1	79190000	79200000	0	0
1	79200000	79210000	0	0
1	79210000	79220000	0	0
1	79220000	79230000	0	0
1	79230000	79240000	0	0
1	79240000	79250000	0	0
1	79250000	79260000	0	0
1	79260000	79270000	0	0
1	79270000	79280000	0	0
1	79280000	79290000	0	0
1	79290000	79300000	0	0
1	79300000	79310000	0	0
1	79310000	79320000	0	0
1	79320000	79330000	0	0
1	79330000	79340000	0	0
1	79340000	79350000	0	0
1	79350000	79360000	0	0
1	79360000	79370000	0	0
1	79370000	79380000	0	0
1	79380000	79390000	0	0
1	79390000	79400000	0	0
1	79400000	79410000	0	0
1	79410000	79420000	0	0
1	79420000	79430000	0	0
1	79430000	79440000	0	0
1	79440000	79450000	0	0
1	79450000	79460000	0	0
1	79460000	79470000	0	0
1	79470000	79480000	0	0
1	79480000	79490000	0	0
1	79490000	79500000	0	0
1	79500000	79510000	0	0
1	79510000	79520000	0	0
1	79520000	79530000	0	0
1	79530000	79540000	0	0
1	79540000	79550000	0	0
1	79550000	79560000	0	0
1	79560000	79570000	0	0
1	79570000	79580000	0	0
1	79580000	79590000	0	0
1	79590000	79600000	0	0
1	79600000	79610000	0	0
1	79610000	79620000	0	0
1	79620000	79630000	0	0
1	79630000	79640000	0	0
1	79640000	79650000	0	0
1	79650000	79660000	0	0
1	79660000	79670000	0	0
1	79670000	79680000	0	0
1	79680000	79690000	0	0
1	79690000	79700000	0	0
1	79700000	79710000	0	0
1	79710000	79720000	0	0
1	79720000	79730000	0	0
1	79730000	79740000	0	0
1	79740000	79750000	0	0
1	79750000	79760000	0	0
1	79760000	79770000	0	0
1	79770000	79780000	0	0
1	79780000	79790000	0	0
1	79790000	79800000	0	0
1	79800000	79810000	0	0
1	79810000	79820000	0	0
1	79820000	79830000	0	0
1	79830000	79840000	0	0
1	79840000	79850000	0	0
1	79850000	79860000	0	0
1	79860000	79870000	0	0
1	79870000	79880000	0	0
1	79880000	79890000	0	0
1	79890000	79900000	0	0
1	79900000	79910000	0	0
1	79910000	79920000	0	0
1	79920000	79930000	0	0
1	79930000	79940000	0	0
1	79940000	79950000	0	0
1	79950000	79960000	0	0
1	79960000	79970000	0	0
1	79970000	79980000	0	0
1	79980000	79990000	0	0
1	79990000	80000000	0	0
1	80000000	80010000	0	0
1	80010000	80020000	0	0
1	80020000	80030000	0	0
1	80030000	80040000	0	0
1	80040000	80050000	0	0
1	80050000	80060000	0	0
1	80060000	80070000	0	0
1	80070000	80080000	0	0
1	80080000	80090000	0	0
1	80090000	80100000	0	0
1	80100000	80110000	0	0
1	80110000	80120000	0	0
1	80120000	80130000	0	0
1	80130000	80140000	0	0
1	80140000	80150000	0	0
1	80150000	80160000	0	0
1	80160000	80170000	0	0
1	80170000	80180000	0	0
1	80180000	80190000	0	0
1	80190000	80200000	0	0
1	80200000	80210000	0	0
1	80210000	80220000	0	0
1	80220000	80230000	0	0
1	80230000	80240000	0	0
1	80240000	80250000	0	0
1	80250000	80260000	0	0
1	80260000	80270000	0	0
1	80270000	80280000	0	0
1	80280000	80290000	0	0
1	80290000	80300000	0	0
1	80300000	80310000	0	0
1	80310000	80320000	0	0
1	80320000	80330000	0	0
1	80330000	80340000	0	0
1	80340000	80350000	0	0
1	80350000	80360000	0	0
1	80360000	80370000	0	0
1	80370000	80380000	0	0
1	80380000	80390000	0	0
1	80390000	80400000	0	0
1	80400000	80410000	0	0
1	80410000	80420000	0	0
1	80420000	80430000	0	0
1	80430000	80440000	0	0
1	80440000	80450000	0	0
1	80450000	80460000	0	0
1	80460000	80470000	0	0
1	80470000	80480000	0	0
1	80480000	80490000	0	0
1	80490000	80500000	0	0
1	80500000	80510000	0	0
1	80510000	80520000	0	0
1	80520000	80530000	0	0
1	80530000	80540000	0	0
1	80540000	80550000	0	0
1	80550000	80560000	0	0
1	80560000	80570000	0	0
1	80570000	80580000	0	0
1	80580000	80590000	0	0
1	80590000	80600000	0	0
1	80600000	80610000	0	0
1	80610000	80620000	0	0
1	80620000	80630000	0	0
1	80630000	80640000	0	0
1	80640000	80650000	0	0
1	80650000	80660000	0	0
1	80660000	80670000	0	0
1	80670000	80680000	0	0
1	80680000	80690000	0	0
1	80690000	80700000	0	0
1	80700000	80710000	0	0
1	80710000	80720000	0	0
1	80720000	80730000	0	0
1	80730000	80740000	0	0
1	80740000	80750000	0	0
1	80750000	80760000	0	0
1	80760000	80770000	0	0
1	80770000	80780000	0	0
1	80780000	80790000	0	0
1	80790000	80800000	0	0
1	80800000	80810000	0	0
1	80810000	80820000	0	0
1	80820000	80830000	0	0
1	80830000	80840000	0	0
1	80840000	80850000	0	0
1	80850000	80860000	0	0
1	80860000	80870000	0	0
1	80870000	80880000	0	0
1	80880000	80890000	0	0
1	80890000	80900000	0	0
1	80900000	80910000	0	0
1	80910000	80920000	0	0
1	80920000	80930000	0	0
1	80930000	80940000	0	0
1	80940000	80950000	0	0
1	80950000	80960000	0	0
1	80960000	80970000	0	0
1	80970000	80980000	0	0
1	80980000	80990000	0	0
1	80990000	81000000	0	0
1	81000000	81010000	0	0
1	81010000	81020000	0	0
1	81020000	81030000	0	0
1	81030000	81040000	0	0
1	81040000	81050000	0	0
1	81050000	81060000	0	0
1	81060000	81070000	0	0
1	81070000	81080000	0	0
1	81080000	81090000	0	0
1	81090000	81100000	0	0
1	81100000	81110000	0	0
1	81110000	81120000	0	0
1	81120000	81130000	0	0
1	81130000	81140000	0	0
1	81140000	81150000	0	0
1	81150000	81160000	0	0
1	81160000	81170000	0	0
1	81170000	81180000	0	0
1	81180000	81190000	0	0
1	81190000	81200000	0	0
1	81200000	81210000	0	0
1	81210000	81220000	0	0
1	81220000	81230000	0	0
1	81230000	81240000	0	0
1	81240000	81250000	0	0
1	81250000	81260000	0	0
1	81260000	81270000	0	0
1	81270000	81280000	0	0
1	81280000	81290000	0	0
1	81290000	81300000	0	0
1	81300000	81310000	0	0
1	81310000	81320000	0	0
1	81320000	81330000	0	0
1	81330000	81340000	0	0
1	81340000	81350000	0	0
1	81350000	81360000	0	0
1	81360000	81370000	0	0
1	81370000	81380000	0	0
1	81380000	81390000	0	0
1	81390000	81400000	0	0
1	81400000	81410000	0	0
1	81410000	81420000	0	0
1	81420000	81430000	0	0
1	81430000	81440000	0	0
1	81440000	81450000	0	0
1	81450000	81460000	0	0
1	81460000	81470000	0	0
1	81470000	81480000	0	0
1	81480000	81490000	0	0
1	81490000	81500000	0	0
1	81500000	81510000	0	0
1	81510000	81520000	0	0
1	81520000	81530000	0	0
1	81530000	81540000	0	0
1	81540000	81550000	0	0
1	81550000	81560000	0	0
1	81560000	81570000	0	0
1	81570000	81580000	0	0
1	81580000	81590000	0	0
1	81590000	81600000	0	0
1	81600000	81610000	0	0
1	81610000	81620000	0	0
1	81620000	81630000	0	0
1	81630000	81640000	0	0
1	81640000	81650000	0	0
1	81650000	81660000	0	0
1	81660000	81670000	0	0
1	81670000	81680000	0	0
1	81680000	81690000	0	0
1	81690000	81700000	0	0
1	81700000	81710000	0	0
1	81710000	81720000	0	0
1	81720000	81730000	0	0
1	81730000	81740000	0	0
1	81740000	81750000	0	0
1	81750000	81760000	0	0
1	81760000	81770000	0	0
1	81770000	81780000	0	0
1	81780000	81790000	0	0
1	81790000	81800000	0	0
1	81800000	81810000	0	0
1	81810000	81820000	0	0
1	81820000	81830000	0	0
1	81830000	81840000	0	0
1	81840000	81850000	0	0
1	81850000	81860000	0	0
1	81860000	81870000	0	0
1	81870000	81880000	0	0
1	81880000	81890000	0	0
1	81890000	81900000	0	0
1	81900000	81910000	0	0
1	81910000	81920000	0	0
1	81920000	81930000	0	0
1	81930000	81940000	0	0
1	81940000	81950000	0	0
1	81950000	81960000	0	0
1	81960000	81970000	0	0
1	81970000	81980000	0	0
1	81980000	81990000	0	0
1	81990000	82000000	0	0
1	82000000	82010000	0	0
1	82010000	82020000	0	0
1	82020000	82030000	0	0
1	82030000	82040000	0	0
1	82040000	82050000	0	0
1	82050000	82060000	0	0
1	82060000	82070000	0	0
1	82070000	82080000	0	0
1	82080000	82090000	0	0
1	82090000	82100000	0	0
1	82100000	82110000	0	0
1	82110000	82120000	0	0
1	82120000	82130000	0	0
1	82130000	82140000	0	0
1	82140000	82150000	0	0
1	82150000	82160000	0	0
1	82160000	82170000	0	0
1	82170000	82180000	0	0
1	82180000	82190000	0	0
1	82190000	82200000	0	0
1	82200000	82210000	0	0
1	82210000	82220000	0	0
1	82220000	82230000	0	0
1	82230000	82240000	0	0
1	82240000	82250000	0	0
1	82250000	82260000	0	0
1	82260000	82270000	0	0
1	82270000	82280000	0	0
1	82280000	82290000	0	0
1	82290000	82300000	0	0
1	82300000	82310000	0	0
1	82310000	82320000	0	0
1	82320000	82330000	0	0
1	82330000	82340000	0	0
1	82340000	82350000	0	0
1	82350000	82360000	0	0
1	82360000	82370000	0	0
1	82370000	82380000	0	0
1	82380000	82390000	0	0
1	82390000	82400000	0	0
1	82400000	82410000	0	0
1	82410000	82420000	0	0
1	82420000	82430000	0	0
1	82430000	82440000	0	0
1	82440000	82450000	0	0
1	82450000	82460000	0	0
1	82460000	82470000	0	0
1	82470000	82480000	0	0
1	82480000	82490000	0	0
1	82490000	82500000	0	0
1	82500000	82510000	0	0
1	82510000	82520000	0	0
1	82520000	82530000	0	0
1	82530000	82540000	0	0
1	82540000	82550000	0	0
1	82550000	82560000	0	0
1	82560000	82570000	0	0
1	82570000	82580000	0	0
1	82580000	82590000	0	0
1	82590000	82600000	0	0
1	82600000	82610000	0	0
1	82610000	82620000	0	0
1	82620000	82630000	0	0
1	82630000	82640000	0	0
1	82640000	82650000	0	0
1	82650000	82660000	0	0
1	82660000	82670000	0	0
1	82670000	82680000	0	0
1	82680000	82690000	0	0
1	82690000	82700000	0	0
1	82700000	82710000	0	0
1	82710000	82720000	0	0
1	82720000	82730000	0	0
1	82730000	82740000	0	0
1	82740000	82750000	0	0
1	82750000	82760000	0	0
1	82760000	82770000	0	0
1	82770000	82780000	0	0
1	82780000	82790000	0	0
1	82790000	82800000	0	0
1	82800000	82810000	0	0
1	82810000	82820000	0	0
1	82820000	82830000	0	0
1	82830000	82840000	0	0
1	82840000	82850000	0	0
1	82850000	82860000	0	0
1	82860000	82870000	0	0
1	82870000	82880000	0	0
1	82880000	82890000	0	0
1	82890000	82900000	0	0
1	82900000	82910000	0	0
1	82910000	82920000	0	0
1	82920000	82930000	0	0
1	82930000	82940000	0	0
1	82940000	82950000	0	0
1	82950000	82960000	0	0
1	82960000	82970000	0	0
1	82970000	82980000	0	0
1	82980000	82990000	0	0
1	82990000	83000000	0	0
1	83000000	83010000	0	0
1	83010000	83020000	0	0
1	83020000	83030000	0	0
1	83030000	83040000	0	0
1	83040000	83050000	0	0
1	83050000	83060000	0	0
1	83060000	83070000	0	0
1	83070000	83080000	0	0
1	83080000	83090000	0	0
1	83090000	83100000	0	0
1	83100000	83110000	0	0
1	83110000	83120000	0	0
1	83120000	83130000	0	0
1	83130000	83140000	0	0
1	83140000	83150000	0	0
1	83150000	83160000	0	0
1	83160000	83170000	0	0
1	83170000	83180000	0	0
1	83180000	83190000	0	0
1	83190000	83200000	0	0
1	83200000	83210000	0	0
1	83210000	83220000	0	0
1	83220000	83230000	0	0
1	83230000	83240000	0	0
1	83240000	83250000	0	0
1	83250000	83260000	0	0
1	83260000	83270000	0	0
1	83270000	83280000	0	0
1	83280000	83290000	0	0
1	83290000	83300000	0	0
1	83300000	83310000	0	0
1	83310000	83320000	0	0
1	83320000	83330000	0	0
1	83330000	83340000	0	0
1	83340000	83350000	0	0
1	83350000	83360000	0	0
1	83360000	83370000	0	0
1	83370000	83380000	0	0
1	83380000	83390000	0	0
1	83390000	83400000	0	0
1	83400000	83410000	0	0
1	83410000	83420000	0	0
1	83420000	83430000	0	0
1	83430000	83440000	0	0
1	83440000	83450000	0	0
1	83450000	83460000	0	0
1	83460000	83470000	0	0
1	83470000	83480000	0	0
1	83480000	83490000	0	0
1	83490000	83500000	0	0
1	83500000	83510000	0	0
1	83510000	83520000	0	0
1	83520000	83530000	0	0
1	83530000	83540000	0	0
1	83540000	83550000	0	0
1	83550000	83560000	0	0
1	83560000	83570000	0	0
1	83570000	83580000	0	0
1	83580000	83590000	0	0
1	83590000	83600000	0	0
1	83600000	83610000	0	0
1	83610000	83620000	0	0
1	83620000	83630000	0	0
1	83630000	83640000	0	0
1	83640000	83650000	0	0
1	83650000	83660000	0	0
1	83660000	83670000	0	0
1	83670000	83680000	0	0
1	83680000	83690000	0	0
1	83690000	83700000	0	0
1	83700000	83710000	0	0
1	83710000	83720000	0	0
1	83720000	83730000	0	0
1	83730000	83740000	0	0
1	83740000	83750000	0	0
1	83750000	83760000	0	0
1	83760000	83770000	0	0
1	83770000	83780000	0	0
1	83780000	83790000	0	0
1	83790000	83800000	0	0
1	83800000	83810000	0	0
1	83810000	83820000	0	0
1	83820000	83830000	0	0
1	83830000	83840000	0	0
1	83840000	83850000	0	0
1	83850000	83860000	0	0
1	83860000	83870000	0	0
1	83870000	83880000	0	0
1	83880000	83890000	0	0
1	83890000	83900000	0	0
1	83900000	83910000	0	0
1	83910000	83920000	0	0
1	83920000	83930000	0	0
1	83930000	83940000	0	0
1	83940000	83950000	0	0
1	83950000	83960000	0	0
1	83960000	83970000	0	0
1	83970000	83980000	0	0
1	83980000	83990000	0	0
1	83990000	84000000	0	0
1	84000000	84010000	0	0
1	84010000	84020000	0	0
1	84020000	84030000	0	0
1	84030000	84040000	0	0
1	84040000	84050000	0	0
1	84050000	84060000	0	0
1	84060000	84070000	0	0
1	84070000	84080000	0	0
1	84080000	84090000	0	0
1	84090000	84100000	0	0
1	84100000	84110000	0	0
1	84110000	84120000	0	0
1	84120000	84130000	0	0
1	84130000	84140000	0	0
1	84140000	84150000	0	0
1	84150000	84160000	0	0
1	84160000	84170000	0	0
1	84170000	84180000	0	0
1	84180000	84190000	0	0
1	84190000	84200000	0	0
1	84200000	84210000	0	0
1	84210000	84220000	0	0
1	84220000	84230000	0	0
1	84230000	84240000	0	0
1	84240000	84250000	0	0
1	84250000	84260000	0	0
1	84260000	84270000	0	0
1	84270000	84280000	0	0
1	84280000	84290000	0	0
1	84290000	84300000	0	0
1	84300000	84310000	0	0
1	84310000	84320000	0	0
1	84320000	84330000	0	0
1	84330000	84340000	0	0
1	84340000	84350000	0	0
1	84350000	84360000	0	0
1	84360000	84370000	0	0
1	84370000	84380000	0	0
1	84380000	84390000	0	0
1	84390000	84400000	0	0
1	84400000	84410000	0	0
1	84410000	84420000	0	0
1	84420000	84430000	0	0
1	84430000	84440000	0	0
1	84440000	84450000	0	0
1	84450000	84460000	0	0
1	84460000	84470000	0	0
1	84470000	84480000	0	0
1	84480000	84490000	0	0
1	84490000	84500000	0	0
1	84500000	84510000	0	0
1	84510000	84520000	0	0
1	84520000	84530000	0	0
1	84530000	84540000	0	0
1	84540000	84550000	0	0
1	84550000	84560000	0	0
1	84560000	84570000	0	0
1	84570000	84580000	0	0
1	84580000	84590000	0	0
1	84590000	84600000	0	0
1	84600000	84610000	0	0
1	84610000	84620000	0	0
1	84620000	84630000	0	0
1	84630000	84640000	0	0
1	84640000	84650000	0	0
1	84650000	84660000	0	0
1	84660000	84670000	0	0
1	84670000	84680000	0	0
1	84680000	84690000	0	0
1	84690000	84700000	0	0
1	84700000	84710000	0	0
1	84710000	84720000	0	0
1	84720000	84730000	0	0
1	84730000	84740000	0	0
1	84740000	84750000	0	0
1	84750000	84760000	0	0
1	84760000	84770000	0	0
1	84770000	84780000	0	0
1	84780000	84790000	0	0
1	84790000	84800000	0	0
1	84800000	84810000	0	0
1	84810000	84820000	0	0
1	84820000	84830000	0	0
1	84830000	84840000	0	0
1	84840000	84850000	0	0
1	84850000	84860000	0	0
1	84860000	84870000	0	0
1	84870000	84880000	0	0
1	84880000	84890000	0	0
1	84890000	84900000	0	0
1	84900000	84910000	0	0
1	84910000	84920000	0	0
1	84920000	84930000	0	0
1	84930000	84940000	0	0
1	84940000	84950000	0	0
1	84950000	84960000	0	0
1	84960000	84970000	0	0
1	84970000	84980000	0	0
1	84980000	84990000	0	0
1	84990000	85000000	0	0
1	85000000	85010000	0	0
1	85010000	85020000	0	0
1	85020000	85030000	0	0
1	85030000	85040000	0	0
1	85040000	85050000	0	0
1	85050000	85060000	0	0
1	85060000	85070000	0	0
1	85070000	85080000	0	0
1	85080000	85090000	0	0
1	85090000	85100000	0	0
1	85100000	85110000	0	0
1	85110000	85120000	0	0
1	85120000	85130000	0	0
1	85130000	85140000	0	0
1	85140000	85150000	0	0
1	85150000	85160000	0	0
1	85160000	85170000	0	0
1	85170000	85180000	0	0
1	85180000	85190000	0	0
1	85190000	85200000	0	0
1	85200000	85210000	0	0
1	85210000	85220000	0	0
1	85220000	85230000	0	0
1	85230000	85240000	0	0
1	85240000	85250000	0	0
1	85250000	85260000	0	0
1	85260000	85270000	0	0
1	85270000	85280000	0	0
1	85280000	85290000	0	0
1	85290000	85300000	0	0
1	85300000	85310000	0	0
1	85310000	85320000	0	0
1	85320000	85330000	0	0
1	85330000	85340000	0	0
1	85340000	85350000	0	0
1	85350000	85360000	0	0
1	85360000	85370000	0	0
1	85370000	85380000	0	0
1	85380000	85390000	0	0
1	85390000	85400000	0	0
1	85400000	85410000	0	0
1	85410000	85420000	0	0
1	85420000	85430000	0	0
1	85430000	85440000	0	0
1	85440000	85450000	0	0
1	85450000	85460000	0	0
1	85460000	85470000	0	0
1	85470000	85480000	0	0
1	85480000	85490000	0	0
1	85490000	85500000	0	0
1	85500000	85510000	0	0
1	85510000	85520000	0	0
1	85520000	85530000	0	0
1	85530000	85540000	0	0
1	85540000	85550000	0	0
1	85550000	85560000	0	0
1	85560000	85570000	0	0
1	85570000	85580000	0	0
1	85580000	85590000	0	0
1	85590000	85600000	0	0
1	85600000	85610000	0	0
1	85610000	85620000	0	0
1	85620000	85630000	0	0
1	85630000	85640000	0	0
1	85640000	85650000	0	0
1	85650000	85660000	0	0
1	85660000	85670000	0	0
1	85670000	85680000	0	0
1	85680000	85690000	0	0
1	85690000	85700000	0	0
1	85700000	85710000	0	0
1	85710000	85720000	0	0
1	85720000	85730000	0	0
1	85730000	85740000	0	0
1	85740000	85750000	0	0
1	85750000	85760000	0	0
1	85760000	85770000	0	0
1	85770000	85780000	0	0
1	85780000	85790000	0	0
1	85790000	85800000	0	0
1	85800000	85810000	0	0
1	85810000	85820000	0	0
1	85820000	85830000	0	0
1	85830000	85840000	0	0
1	85840000	85850000	0	0
1	85850000	85860000	0	0
1	85860000	85870000	0	0
1	85870000	85880000	0	0
1	85880000	85890000	0	0
1	85890000	85900000	0	0
1	85900000	85910000	0	0
1	85910000	85920000	0	0
1	85920000	85930000	0	0
1	85930000	85940000	0	0
1	85940000	85950000	0	0
1	85950000	85960000	0	0
1	85960000	85970000	0	0
1	85970000	85980000	0	0
1	85980000	85990000	0	0
1	85990000	86000000	0	0
1	86000000	86010000	0	0
1	86010000	86020000	0	0
1	86020000	86030000	0	0
1	86030000	86040000	0	0
1	86040000	86050000	0	0
1	86050000	86060000	0	0
1	86060000	86070000	0	0
1	86070000	86080000	0	0
1	86080000	86090000	0	0
1	86090000	86100000	0	0
1	86100000	86110000	0	0
1	86110000	86120000	0	0
1	86120000	86130000	0	0
1	86130000	86140000	0	0
1	86140000	86150000	0	0
1	86150000	86160000	0	0
1	86160000	86170000	0	0
1	86170000	86180000	0	0
1	86180000	86190000	0	0
1	86190000	86200000	0	0
1	86200000	86210000	0	0
1	86210000	86220000	0	0
1	86220000	86230000	0	0
1	86230000	86240000	0	0
1	86240000	86250000	0	0
1	86250000	86260000	0	0
1	86260000	86270000	0	0
1	86270000	86280000	0	0
1	86280000	86290000	0	0
1	86290000	86300000	0	0
1	86300000	86310000	0	0
1	86310000	86320000	0	0
1	86320000	86330000	0	0
1	86330000	86340000	0	0
1	86340000	86350000	0	0
1	86350000	86360000	0	0
1	86360000	86370000	0	0
1	86370000	86380000	0	0
1	86380000	86390000	0	0
1	86390000	86400000	0	0
1	86400000	86410000	0	0
1	86410000	86420000	0	0
1	86420000	86430000	0	0
1	86430000	86440000	0	0
1	86440000	86450000	0	0
1	86450000	86460000	0	0
1	86460000	86470000	0	0
1	86470000	86480000	0	0
1	86480000	86490000	0	0
1	86490000	86500000	0	0
1	86500000	86510000	0	0
1	86510000	86520000	0	0
1	86520000	86530000	0	0
1	86530000	86540000	0	0
1	86540000	86550000	0	0
1	86550000	86560000	0	0
1	86560000	86570000	0	0
1	86570000	86580000	0	0
1	86580000	86590000	0	0
1	86590000	86600000	0	0
1	86600000	86610000	0	0
1	86610000	86620000	0	0
1	86620000	86630000	0	0
1	86630000	86640000	0	0
1	86640000	86650000	0	0
1	86650000	86660000	0	0
1	86660000	86670000	0	0
1	86670000	86680000	0	0
1	86680000	86690000	0	0
1	86690000	86700000	0	0
1	86700000	86710000	0	0
1	86710000	86720000	0	0
1	86720000	86730000	0	0
1	86730000	86740000	0	0
1	86740000	86750000	0	0
1	86750000	86760000	0	0
1	86760000	86770000	0	0
1	86770000	86780000	0	0
1	86780000	86790000	0	0
1	86790000	86800000	0	0
1	86800000	86810000	0	0
1	86810000	86820000	0	0
1	86820000	86830000	0	0
1	86830000	86840000	0	0
1	86840000	86850000	0	0
1	86850000	86860000	0	0
1	86860000	86870000	0	0
1	86870000	86880000	0	0
1	86880000	86890000	0	0
1	86890000	86900000	0	0
1	86900000	86910000	0	0
1	86910000	86920000	0	0
1	86920000	86930000	0	0
1	86930000	86940000	0	0
1	86940000	86950000	0	0
1	86950000	86960000	0	0
1	86960000	86970000	0	0
1	86970000	86980000	0	0
1	86980000	86990000	0	0
1	86990000	87000000	0	0
1	87000000	87010000	0	0
1	87010000	87020000	0	0
1	87020000	87030000	0	0
1	87030000	87040000	0	0
1	87040000	87050000	0	0
1	87050000	87060000	0	0
1	87060000	87070000	0	0
1	87070000	87080000	0	0
1	87080000	87090000	0	0
1	87090000	87100000	0	0
1	87100000	87110000	0	0
1	87110000	87120000	0	0
1	87120000	87130000	0	0
1	87130000	87140000	0	0
1	87140000	87150000	0	0
1	87150000	87160000	0	0
1	87160000	87170000	0	0
1	87170000	87180000	0	0
1	87180000	87190000	0	0
1	87190000	87200000	0	0
1	87200000	87210000	0	0
1	87210000	87220000	0	0
1	87220000	87230000	0	0
1	87230000	87240000	0	0
1	87240000	87250000	0	0
1	87250000	87260000	0	0
1	87260000	87270000	0	0
1	87270000	87280000	0	0
1	87280000	87290000	0	0
1	87290000	87300000	0	0
1	87300000	87310000	0	0
1	87310000	87320000	0	0
1	87320000	87330000	0	0
1	87330000	87340000	0	0
1	87340000	87350000	0	0
1	87350000	87360000	0	0
1	87360000	87370000	0	0
1	87370000	87380000	0	0
1	87380000	87390000	0	0
1	87390000	87400000	0	0
1	87400000	87410000	0	0
1	87410000	87420000	0	0
1	87420000	87430000	0	0
1	87430000	87440000	0	0
1	87440000	87450000	0	0
1	87450000	87460000	0	0
1	87460000	87470000	0	0
1	87470000	87480000	0	0
1	87480000	87490000	0	0
1	87490000	87500000	0	0
1	87500000	87510000	0	0
1	87510000	87520000	0	0
1	87520000	87530000	0	0
1	87530000	87540000	0	0
1	87540000	87550000	0	0
1	87550000	87560000	0	0
1	87560000	87570000	0	0
1	87570000	87580000	0	0
1	87580000	87590000	0	0
1	87590000	87600000	0	0
1	87600000	87610000	0	0
1	87610000	87620000	0	0
1	87620000	87630000	0	0
1	87630000	87640000	0	0
1	87640000	87650000	0	0
1	87650000	87660000	0	0
1	87660000	87670000	0	0
1	87670000	87680000	0	0
1	87680000	87690000	0	0
1	87690000	87700000	0	0
1	87700000	87710000	0	0
1	87710000	87720000	0	0
1	87720000	87730000	0	0
1	87730000	87740000	0	0
1	87740000	87750000	0	0
1	87750000	87760000	0	0
1	87760000	87770000	0	0
1	87770000	87780000	0	0
1	87780000	87790000	0	0
1	87790000	87800000	0	0
1	87800000	87810000	0	0
1	87810000	87820000	0	0
1	87820000	87830000	0	0
1	87830000	87840000	0	0
1	87840000	87850000	0	0
1	87850000	87860000	0	0
1	87860000	87870000	0	0
1	87870000	87880000	0	0
1	87880000	87890000	0	0
1	87890000	87900000	0	0
1	87900000	87910000	0	0
1	87910000	87920000	0	0
1	87920000	87930000	0	0
1	87930000	87940000	0	0
1	87940000	87950000	0	0
1	87950000	87960000	0	0
1	87960000	87970000	0	0
1	87970000	87980000	0	0
1	87980000	87990000	0	0
1	87990000	88000000	0	0
1	88000000	88010000	0	0
1	88010000	88020000	0	0
1	88020000	88030000	0	0
1	88030000	88040000	0	0
1	88040000	88050000	0	0
1	88050000	88060000	0	0
1	88060000	88070000	0	0
1	88070000	88080000	0	0
1	88080000	88090000	0	0
1	88090000	88100000	0	0
1	88100000	88110000	0	0
1	88110000	88120000	0	0
1	88120000	88130000	0	0
1	88130000	88140000	0	0
1	88140000	88150000	0	0
1	88150000	88160000	0	0
1	88160000	88170000	0	0
1	88170000	88180000	0	0
1	88180000	88190000	0	0
1	88190000	88200000	0	0
1	88200000	88210000	0	0
1	88210000	88220000	0	0
1	88220000	88230000	0	0
1	88230000	88240000	0	0
1	88240000	88250000	0	0
1	88250000	88260000	0	0
1	88260000	88270000	0	0
1	88270000	88280000	0	0
1	88280000	88290000	0	0
1	88290000	88300000	0	0
1	88300000	88310000	0	0
1	88310000	88320000	0	0
1	88320000	88330000	0	0
1	88330000	88340000	0	0
1	88340000	88350000	0	0
1	88350000	88360000	0	0
1	88360000	88370000	0	0
1	88370000	88380000	0	0
1	88380000	88390000	0	0
1	88390000	88400000	0	0
1	88400000	88410000	0	0
1	88410000	88420000	0	0
1	88420000	88430000	0	0
1	88430000	88440000	0	0
1	88440000	88450000	0	0
1	88450000	88460000	0	0
1	88460000	88470000	0	0
1	88470000	88480000	0	0
1	88480000	88490000	0	0
1	88490000	88500000	0	0
1	88500000	88510000	0	0
1	88510000	88520000	0	0
1	88520000	88530000	0	0
1	88530000	88540000	0	0
1	88540000	88550000	0	0
1	88550000	88560000	0	0
1	88560000	88570000	0	0
1	88570000	88580000	0	0
1	88580000	88590000	0	0
1	88590000	88600000	0	0
1	88600000	88610000	0	0
1	88610000	88620000	0	0
1	88620000	88630000	0	0
1	88630000	88640000	0	0
1	88640000	88650000	0	0
1	88650000	88660000	0	0
1	88660000	88670000	0	0
1	88670000	88680000	0	0
1	88680000	88690000	0	0
1	88690000	88700000	0	0
1	88700000	88710000	0	0
1	88710000	88720000	0	0
1	88720000	88730000	0	0
1	88730000	88740000	0	0
1	88740000	88750000	0	0
1	88750000	88760000	0	0
1	88760000	88770000	0	0
1	88770000	88780000	0	0
1	88780000	88790000	0	0
1	88790000	88800000	0	0
1	88800000	88810000	0	0
1	88810000	88820000	0	0
1	88820000	88830000	0	0
1	88830000	88840000	0	0
1	88840000	88850000	0	0
1	88850000	88860000	0	0
1	88860000	88870000	0	0
1	88870000	88880000	0	0
1	88880000	88890000	0	0
1	88890000	88900000	0	0
1	88900000	88910000	0	0
1	88910000	88920000	0	0
1	88920000	88930000	0	0
1	88930000	88940000	0	0
1	88940000	88950000	0	0
1	88950000	88960000	0	0
1	88960000	88970000	0	0
1	88970000	88980000	0	0
1	88980000	88990000	0	0
1	88990000	89000000	0	0
1	89000000	89010000	0	0
1	89010000	89020000	0	0
1	89020000	89030000	0	0
1	89030000	89040000	0	0
1	89040000	89050000	0	0
1	89050000	89060000	0	0
1	89060000	89070000	0	0
1	89070000	89080000	0	0
1	89080000	89090000	0	0
1	89090000	89100000	0	0
1	89100000	89110000	0	0
1	89110000	89120000	0	0
1	89120000	89130000	0	0
1	89130000	89140000	0	0
1	89140000	89150000	0	0
1	89150000	89160000	0	0
1	89160000	89170000	0	0
1	89170000	89180000	0	0
1	89180000	89190000	0	0
1	89190000	89200000	0	0
1	89200000	89210000	0	0
1	89210000	89220000	0	0
1	89220000	89230000	0	0
1	89230000	89240000	0	0
1	89240000	89250000	0	0
1	89250000	89260000	0	0
1	89260000	89270000	0	0
1	89270000	89280000	0	0
1	89280000	89290000	0	0
1	89290000	89300000	0	0
1	89300000	89310000	0	0
1	89310000	89320000	0	0
1	89320000	89330000	0	0
1	89330000	89340000	0	0
1	89340000	89350000	0	0
1	89350000	89360000	0	0
1	89360000	89370000	0	0
1	89370000	89380000	0	0
1	89380000	89390000	0	0
1	89390000	89400000	0	0
1	89400000	89410000	0	0
1	89410000	89420000	0	0
1	89420000	89430000	0	0
1	89430000	89440000	0	0
1	89440000	89450000	0	0
1	89450000	89460000	0	0
1	89460000	89470000	0	0
1	89470000	89480000	0	0
1	89480000	89490000	0	0
1	89490000	89500000	0	0
1	89500000	89510000	0	0
1	89510000	89520000	0	0
1	89520000	89530000	0	0
1	89530000	89540000	0	0
1	89540000	89550000	0	0
1	89550000	89560000	0	0
1	89560000	89570000	0	0
1	89570000	89580000	0	0
1	89580000	89590000	0	0
1	89590000	89600000	0	0
1	89600000	89610000	0	0
1	89610000	89620000	0	0
1	89620000	89630000	0	0
1	89630000	89640000	0	0
1	89640000	89650000	0	0
1	89650000	89660000	0	0
1	89660000	89670000	0	0
1	89670000	89680000	0	0
1	89680000	89690000	0	0
1	89690000	89700000	0	0
1	89700000	89710000	0	0
1	89710000	89720000	0	0
1	89720000	89730000	0	0
1	89730000	89740000	0	0
1	89740000	89750000	0	0
1	89750000	89760000	0	0
1	89760000	89770000	0	0
1	89770000	89780000	0	0
1	89780000	89790000	0	0
1	89790000	89800000	0	0
1	89800000	89810000	0	0
1	89810000	89820000	0	0
1	89820000	89830000	0	0
1	89830000	89840000	0	0
1	89840000	89850000	0	0
1	89850000	89860000	0	0
1	89860000	89870000	0	0
1	89870000	89880000	0	0
1	89880000	89890000	0	0
1	89890000	89900000	0	0
1	89900000	89910000	0	0
1	89910000	89920000	0	0
1	89920000	89930000	0	0
1	89930000	89940000	0	0
1	89940000	89950000	0	0
1	89950000	89960000	0	0
1	89960000	89970000	0	0
1	89970000	89980000	0	0
1	89980000	89990000	0	0
1	89990000	90000000	0	0
1	90000000	90010000	0	0
1	90010000	90020000	0	0
1	90020000	90030000	0	0
1	90030000	90040000	0	0
1	90040000	90050000	0	0
1	90050000	90060000	0	0
1	90060000	90070000	0	0
1	90070000	90080000	0	0
1	90080000	90090000	0	0
1	90090000	90100000	0	0
1	90100000	90110000	0	0
1	90110000	90120000	0	0
1	90120000	90130000	0	0
1	90130000	90140000	0	0
1	90140000	90150000	0	0
1	90150000	90160000	0	0
1	90160000	90170000	0	0
1	90170000	90180000	0	0
1	90180000	90190000	0	0
1	90190000	90200000	0	0
1	90200000	90210000	0	0
1	90210000	90220000	0	0
1	90220000	90230000	0	0
1	90230000	90240000	0	0
1	90240000	90250000	0	0
1	90250000	90260000	0	0
1	90260000	90270000	0	0
1	90270000	90280000	0	0
1	90280000	90290000	0	0
1	90290000	90300000	0	0
1	90300000	90310000	0	0
1	90310000	90320000	0	0
1	90320000	90330000	0	0
1	90330000	90340000	0	0
1	90340000	90350000	0	0
1	90350000	90360000	0	0
1	90360000	90370000	0	0
1	90370000	90380000	0	0
1	90380000	90390000	0	0
1	90390000	90400000	0	0
1	90400000	90410000	0	0
1	90410000	90420000	0	0
1	90420000	90430000	0	0
1	90430000	90440000	0	0
1	90440000	90450000	0	0
1	90450000	90460000	0	0
1	90460000	90470000	0	0
1	90470000	90480000	0	0
1	90480000	90490000	0	0
1	90490000	90500000	0	0
1	90500000	90510000	0	0
1	90510000	90520000	0	0
1	90520000	90530000	0	0
1	90530000	90540000	0	0
1	90540000	90550000	0	0
1	90550000	90560000	0	0
1	90560000	90570000	0	0
1	90570000	90580000	0	0
1	90580000	90590000	0	0
1	90590000	90600000	0	0
1	90600000	90610000	0	0
1	90610000	90620000	0	0
1	90620000	90630000	0	0
1	90630000	90640000	0	0
1	90640000	90650000	0	0
1	90650000	90660000	0	0
1	90660000	90670000	0	0
1	90670000	90680000	0	0
1	90680000	90690000	0	0
1	90690000	90700000	0	0
1	90700000	90710000	0	0
1	90710000	90720000	0	0
1	90720000	90730000	0	0
1	90730000	90740000	0	0
1	90740000	90750000	0	0
1	90750000	90760000	0	0
1	90760000	90770000	0	0
1	90770000	90780000	0	0
1	90780000	90790000	0	0
1	90790000	90800000	0	0
1	90800000	90810000	0	0
1	90810000	90820000	0	0
1	90820000	90830000	0	0
1	90830000	90840000	0	0
1	90840000	90850000	0	0
1	90850000	90860000	0	0
1	90860000	90870000	0	0
1	90870000	90880000	0	0
1	90880000	90890000	0	0
1	90890000	90900000	0	0
1	90900000	90910000	0	0
1	90910000	90920000	0	0
1	90920000	90930000	0	0
1	90930000	90940000	0	0
1	90940000	90950000	0	0
1	90950000	90960000	0	0
1	90960000	90970000	0	0
1	90970000	90980000	0	0
1	90980000	90990000	0	0
1	90990000	91000000	0	0
1	91000000	91010000	0	0
1	91010000	91020000	0	0
1	91020000	91030000	0	0
1	91030000	91040000	0	0
1	91040000	91050000	0	0
1	91050000	91060000	0	0
1	91060000	91070000	0	0
1	91070000	91080000	0	0
1	91080000	91090000	0	0
1	91090000	91100000	0	0
1	91100000	91110000	0	0
1	91110000	91120000	0	0
1	91120000	91130000	0	0
1	91130000	91140000	0	0
1	91140000	91150000	0	0
1	91150000	91160000	0	0
1	91160000	91170000	0	0
1	91170000	91180000	0	0
1	91180000	91190000	0	0
1	91190000	91200000	0	0
1	91200000	91210000	0	0
1	91210000	91220000	0	0
1	91220000	91230000	0	0
1	91230000	91240000	0	0
1	91240000	91250000	0	0
1	91250000	91260000	0	0
1	91260000	91270000	0	0
1	91270000	91280000	0	0
1	91280000	91290000	0	0
1	91290000	91300000	0	0
1	91300000	91310000	0	0
1	91310000	91320000	0	0
1	91320000	91330000	0	0
1	91330000	91340000	0	0
1	91340000	91350000	0	0
1	91350000	91360000	0	0
1	91360000	91370000	0	0
1	91370000	91380000	0	0
1	91380000	91390000	0	0
1	91390000	91400000	0	0
1	91400000	91410000	0	0
1	91410000	91420000	0	0
1	91420000	91430000	0	0
1	91430000	91440000	0	0
1	91440000	91450000	0	0
1	91450000	91460000	0	0
1	91460000	91470000	0	0
1	91470000	91480000	0	0
1	91480000	91490000	0	0
1	91490000	91500000	0	0
1	91500000	91510000	0	0
1	91510000	91520000	0	0
1	91520000	91530000	0	0
1	91530000	91540000	0	0
1	91540000	91550000	0	0
1	91550000	91560000	0	0
1	91560000	91570000	0	0
1	91570000	91580000	0	0
1	91580000	91590000	0	0
1	91590000	91600000	0	0
1	91600000	91610000	0	0
1	91610000	91620000	0	0
1	91620000	91630000	0	0
1	91630000	91640000	0	0
1	91640000	91650000	0	0
1	91650000	91660000	0	0
1	91660000	91670000	0	0
1	91670000	91680000	0	0
1	91680000	91690000	0	0
1	91690000	91700000	0	0
1	91700000	91710000	0	0
1	91710000	91720000	0	0
1	91720000	91730000	0	0
1	91730000	91740000	0	0
1	91740000	91750000	0	0
1	91750000	91760000	0	0
1	91760000	91770000	0	0
1	91770000	91780000	0	0
1	91780000	91790000	0	0
1	91790000	91800000	0	0
1	91800000	91810000	0	0
1	91810000	91820000	0	0
1	91820000	91830000	0	0
1	91830000	91840000	0	0
1	91840000	91850000	0	0
1	91850000	91860000	0	0
1	91860000	91870000	0	0
1	91870000	91880000	0	0
1	91880000	91890000	0	0
1	91890000	91900000	0	0
1	91900000	91910000	0	0
1	91910000	91920000	0	0
1	91920000	91930000	0	0
1	91930000	91940000	0	0
1	91940000	91950000	0	0
1	91950000	91960000	0	0
1	91960000	91970000	0	0
1	91970000	91980000	0	0
1	91980000	91990000	0	0
1	91990000	92000000	0	0
1	92000000	92010000	0	0
1	92010000	92020000	0	0
1	92020000	92030000	0	0
1	92030000	92040000	0	0
1	92040000	92050000	0	0
1	92050000	92060000	0	0
1	92060000	92070000	0	0
1	92070000	92080000	0	0
1	92080000	92090000	0	0
1	92090000	92100000	0	0
1	92100000	92110000	0	0
1	92110000	92120000	0	0
1	92120000	92130000	0	0
1	92130000	92140000	0	0
1	92140000	92150000	0	0
1	92150000	92160000	0	0
1	92160000	92170000	0	0
1	92170000	92180000	0	0
1	92180000	92190000	0	0
1	92190000	92200000	0	0
1	92200000	92210000	0	0
1	92210000	92220000	0	0
1	92220000	92230000	0	0
1	92230000	92240000	0	0
1	92240000	92250000	0	0
1	92250000	92260000	0	0
1	92260000	92270000	0	0
1	92270000	92280000	0	0
1	92280000	92290000	0	0
1	92290000	92300000	0	0
1	92300000	92310000	0	0
1	92310000	92320000	0	0
1	92320000	92330000	0	0
1	92330000	92340000	0	0
1	92340000	92350000	0	0
1	92350000	92360000	0	0
1	92360000	92370000	0	0
1	92370000	92380000	0	0
1	92380000	92390000	0	0
1	92390000	92400000	0	0
1	92400000	92410000	0	0
1	92410000	92420000	0	0
1	92420000	92430000	0	0
1	92430000	92440000	0	0
1	92440000	92450000	0	0
1	92450000	92460000	0	0
1	92460000	92470000	0	0
1	92470000	92480000	0	0
1	92480000	92490000	0	0
1	92490000	92500000	0	0
1	92500000	92510000	0	0
1	92510000	92520000	0	0
1	92520000	92530000	0	0
1	92530000	92540000	0	0
1	92540000	92550000	0	0
1	92550000	92560000	0	0
1	92560000	92570000	0	0
1	92570000	92580000	0	0
1	92580000	92590000	0	0
1	92590000	92600000	0	0
1	92600000	92610000	0	0
1	92610000	92620000	0	0
1	92620000	92630000	0	0
1	92630000	92640000	0	0
1	92640000	92650000	0	0
1	92650000	92660000	0	0
1	92660000	92670000	0	0
1	92670000	92680000	0	0
1	92680000	92690000	0	0
1	92690000	92700000	0	0
1	92700000	92710000	0	0
1	92710000	92720000	0	0
1	92720000	92730000	0	0
1	92730000	92740000	0	0
1	92740000	92750000	0	0
1	92750000	92760000	0	0
1	92760000	92770000	0	0
1	92770000	92780000	0	0
1	92780000	92790000	0	0
1	92790000	92800000	0	0
1	92800000	92810000	0	0
1	92810000	92820000	0	0
1	92820000	92830000	0	0
1	92830000	92840000	0	0
1	92840000	92850000	0	0
1	92850000	92860000	0	0
1	92860000	92870000	0	0
1	92870000	92880000	0	0
1	92880000	92890000	0	0
1	92890000	92900000	0	0
1	92900000	92910000	0	0
1	92910000	92920000	0	0
1	92920000	92930000	0	0
1	92930000	92940000	0	0
1	92940000	92950000	0	0
1	92950000	92960000	0	0
1	92960000	92970000	0	0
1	92970000	92980000	0	0
1	92980000	92990000	0	0
1	92990000	93000000	0	0
1	93000000	93010000	0	0
1	93010000	93020000	0	0
1	93020000	93030000	0	0
1	93030000	93040000	0	0
1	93040000	93050000	0	0
1	93050000	93060000	0	0
1	93060000	93070000	0	0
1	93070000	93080000	0	0
1	93080000	93090000	0	0
1	93090000	93100000	0	0
1	93100000	93110000	0	0
1	93110000	93120000	0	0
1	93120000	93130000	0	0
1	93130000	93140000	0	0
1	93140000	93150000	0	0
1	93150000	93160000	0	0
1	93160000	93170000	0	0
1	93170000	93180000	0	0
1	93180000	93190000	0	0
1	93190000	93200000	0	0
1	93200000	93210000	0	0
1	93210000	93220000	0	0
1	93220000	93230000	0	0
1	93230000	93240000	0	0
1	93240000	93250000	0	0
1	93250000	93260000	0	0
1	93260000	93270000	0	0
1	93270000	93280000	0	0
1	93280000	93290000	0	0
1	93290000	93300000	0	0
1	93300000	93310000	0	0
1	93310000	93320000	0	0
1	93320000	93330000	0	0
1	93330000	93340000	0	0
1	93340000	93350000	0	0
1	93350000	93360000	0	0
1	93360000	93370000	0	0
1	93370000	93380000	0	0
1	93380000	93390000	0	0
1	93390000	93400000	0	0
1	93400000	93410000	0	0
1	93410000	93420000	0	0
1	93420000	93430000	0	0
1	93430000	93440000	0	0
1	93440000	93450000	0	0
1	93450000	93460000	0	0
1	93460000	93470000	0	0
1	93470000	93480000	0	0
1	93480000	93490000	0	0
1	93490000	93500000	0	0
1	93500000	93510000	0	0
1	93510000	93520000	0	0
1	93520000	93530000	0	0
1	93530000	93540000	0	0
1	93540000	93550000	0	0
1	93550000	93560000	0	0
1	93560000	93570000	0	0
1	93570000	93580000	0	0
1	93580000	93590000	0	0
1	93590000	93600000	0	0
1	93600000	93610000	0	0
1	93610000	93620000	0	0
1	93620000	93630000	0	0
1	93630000	93640000	0	0
1	93640000	93650000	0	0
1	93650000	93660000	0	0
1	93660000	93670000	0	0
1	93670000	93680000	0	0
1	93680000	93690000	0	0
1	93690000	93700000	0	0
1	93700000	93710000	0	0
1	93710000	93720000	0	0
1	93720000	93730000	0	0
1	93730000	93740000	0	0
1	93740000	93750000	0	0
1	93750000	93760000	0	0
1	93760000	93770000	0	0
1	93770000	93780000	0	0
1	93780000	93790000	0	0
1	93790000	93800000	0	0
1	93800000	93810000	0	0
1	93810000	93820000	0	0
1	93820000	93830000	0	0
1	93830000	93840000	0	0
1	93840000	93850000	0	0
1	93850000	93860000	0	0
1	93860000	93870000	0	0
1	93870000	93880000	0	0
1	93880000	93890000	0	0
1	93890000	93900000	0	0
1	93900000	93910000	0	0
1	93910000	93920000	0	0
1	93920000	93930000	0	0
1	93930000	93940000	0	0
1	93940000	93950000	0	0
1	93950000	93960000	0	0
1	93960000	93970000	0	0
1	93970000	93980000	0	0
1	93980000	93990000	0	0
1	93990000	94000000	0	0
1	94000000	94010000	0	0
1	94010000	94020000	0	0
1	94020000	94030000	0	0
1	94030000	94040000	0	0
1	94040000	94050000	0	0
1	94050000	94060000	0	0
1	94060000	94070000	0	0
1	94070000	94080000	0	0
1	94080000	94090000	0	0
1	94090000	94100000	0	0
1	94100000	94110000	0	0
1	94110000	94120000	0	0
1	94120000	94130000	0	0
1	94130000	94140000	0	0
1	94140000	94150000	0	0
1	94150000	94160000	0	0
1	94160000	94170000	0	0
1	94170000	94180000	0	0
1	94180000	94190000	0	0
1	94190000	94200000	0	0
1	94200000	94210000	0	0
1	94210000	94220000	0	0
1	94220000	94230000	0	0
1	94230000	94240000	0	0
1	94240000	94250000	0	0
1	94250000	94260000	0	0
1	94260000	94270000	0	0
1	94270000	94280000	0	0
1	94280000	94290000	0	0
1	94290000	94300000	0	0
1	94300000	94310000	0	0
1	94310000	94320000	0	0
1	94320000	94330000	0	0
1	94330000	94340000	0	0
1	94340000	94350000	0	0
1	94350000	94360000	0	0
1	94360000	94370000	0	0
1	94370000	94380000	0	0
1	94380000	94390000	0	0
1	94390000	94400000	0	0
1	94400000	94410000	0	0
1	94410000	94420000	0	0
1	94420000	94430000	0	0
1	94430000	94440000	0	0
1	94440000	94450000	0	0
1	94450000	94460000	0	0
1	94460000	94470000	0	0
1	94470000	94480000	0	0
1	94480000	94490000	0	0
1	94490000	94500000	0	0
1	94500000	94510000	0	0
1	94510000	94520000	0	0
1	94520000	94530000	0	0
1	94530000	94540000	0	0
1	94540000	94550000	0	0
1	94550000	94560000	0	0
1	94560000	94570000	0	0
1	94570000	94580000	0	0
1	94580000	94590000	0	0
1	94590000	94600000	0	0
1	94600000	94610000	0	0
1	94610000	94620000	0	0
1	94620000	94630000	0	0
1	94630000	94640000	0	0
1	94640000	94650000	0	0
1	94650000	94660000	0	0
1	94660000	94670000	0	0
1	94670000	94680000	0	0
1	94680000	94690000	0	0
1	94690000	94700000	0	0
1	94700000	94710000	0	0
1	94710000	94720000	0	0
1	94720000	94730000	0	0
1	94730000	94740000	0	0
1	94740000	94750000	0	0
1	94750000	94760000	0	0
1	94760000	94770000	0	0
1	94770000	94780000	0	0
1	94780000	94790000	0	0
1	94790000	94800000	0	0
1	94800000	94810000	0	0
1	94810000	94820000	0	0
1	94820000	94830000	0	0
1	94830000	94840000	0	0
1	94840000	94850000	0	0
1	94850000	94860000	0	0
1	94860000	94870000	0	0
1	94870000	94880000	0	0
1	94880000	94890000	0	0
1	94890000	94900000	0	0
1	94900000	94910000	0	0
1	94910000	94920000	0	0
1	94920000	94930000	0	0
1	94930000	94940000	0	0
1	94940000	94950000	0	0
1	94950000	94960000	0	0
1	94960000	94970000	0	0
1	94970000	94980000	0	0
1	94980000	94990000	0	0
1	94990000	95000000	0	0
1	95000000	95010000	0	0
1	95010000	95020000	0	0
1	95020000	95030000	0	0
1	95030000	95040000	0	0
1	95040000	95050000	0	0
1	95050000	95060000	0	0
1	95060000	95070000	0	0
1	95070000	95080000	0	0
1	95080000	95090000	0	0
1	95090000	95100000	0	0
1	95100000	95110000	0	0
1	95110000	95120000	0	0
1	95120000	95130000	0	0
1	95130000	95140000	0	0
1	95140000	95150000	0	0
1	95150000	95160000	0	0
1	95160000	95170000	0	0
1	95170000	95180000	0	0
1	95180000	95190000	0	0
1	95190000	95200000	0	0
1	95200000	95210000	0	0
1	95210000	95220000	0	0
1	95220000	95230000	0	0
1	95230000	95240000	0	0
1	95240000	95250000	0	0
1	95250000	95260000	0	0
1	95260000	95270000	0	0
1	95270000	95280000	0	0
1	95280000	95290000	0	0
1	95290000	95300000	0	0
1	95300000	95310000	0	0
1	95310000	95320000	0	0
1	95320000	95330000	0	0
1	95330000	95340000	0	0
1	95340000	95350000	0	0
1	95350000	95360000	0	0
1	95360000	95370000	0	0
1	95370000	95380000	0	0
1	95380000	95390000	0	0
1	95390000	95400000	0	0
1	95400000	95410000	0	0
1	95410000	95420000	0	0
1	95420000	95430000	0	0
1	95430000	95440000	0	0
1	95440000	95450000	0	0
1	95450000	95460000	0	0
1	95460000	95470000	0	0
1	95470000	95480000	0	0
1	95480000	95490000	0	0
1	95490000	95500000	0	0
1	95500000	95510000	0	0
1	95510000	95520000	0	0
1	95520000	95530000	0	0
1	95530000	95540000	0	0
1	95540000	95550000	0	0
1	95550000	95560000	0	0
1	95560000	95570000	0	0
1	95570000	95580000	0	0
1	95580000	95590000	0	0
1	95590000	95600000	0	0
1	95600000	95610000	0	0
1	95610000	95620000	0	0
1	95620000	95630000	0	0
1	95630000	95640000	0	0
1	95640000	95650000	0	0
1	95650000	95660000	0	0
1	95660000	95670000	0	0
1	95670000	95680000	0	0
1	95680000	95690000	0	0
1	95690000	95700000	0	0
1	95700000	95710000	0	0
1	95710000	95720000	0	0
1	95720000	95730000	0	0
1	95730000	95740000	0	0
1	95740000	95750000	0	0
1	95750000	95760000	0	0
1	95760000	95770000	0	0
1	95770000	95780000	0	0
1	95780000	95790000	0	0
1	95790000	95800000	0	0
1	95800000	95810000	0	0
1	95810000	95820000	0	0
1	95820000	95830000	0	0
1	95830000	95840000	0	0
1	95840000	95850000	0	0
1	95850000	95860000	0	0
1	95860000	95870000	0	0
1	95870000	95880000	0	0
1	95880000	95890000	0	0
1	95890000	95900000	0	0
1	95900000	95910000	0	0
1	95910000	95920000	0	0
1	95920000	95930000	0	0
1	95930000	95940000	0	0
1	95940000	95950000	0	0
1	95950000	95960000	0	0
1	95960000	95970000	0	0
1	95970000	95980000	0	0
1	95980000	95990000	0	0
1	95990000	96000000	0	0
1	96000000	96010000	0	0
1	96010000	96020000	0	0
1	96020000	96030000	0	0
1	96030000	96040000	0	0
1	96040000	96050000	0	0
1	96050000	96060000	0	0
1	96060000	96070000	0	0
1	96070000	96080000	0	0
1	96080000	96090000	0	0
1	96090000	96100000	0	0
1	96100000	96110000	0	0
1	96110000	96120000	0	0
1	96120000	96130000	0	0
1	96130000	96140000	0	0
1	96140000	96150000	0	0
1	96150000	96160000	0	0
1	96160000	96170000	0	0
1	96170000	96180000	0	0
1	96180000	96190000	0	0
1	96190000	96200000	0	0
1	96200000	96210000	0	0
1	96210000	96220000	0	0
1	96220000	96230000	0	0
1	96230000	96240000	0	0
1	96240000	96250000	0	0
1	96250000	96260000	0	0
1	96260000	96270000	0	0
1	96270000	96280000	0	0
1	96280000	96290000	0	0
1	96290000	96300000	0	0
1	96300000	96310000	0	0
1	96310000	96320000	0	0
1	96320000	96330000	0	0
1	96330000	96340000	0	0
1	96340000	96350000	0	0
1	96350000	96360000	0	0
1	96360000	96370000	0	0
1	96370000	96380000	0	0
1	96380000	96390000	0	0
1	96390000	96400000	0	0
1	96400000	96410000	0	0
1	96410000	96420000	0	0
1	96420000	96430000	0	0
1	96430000	96440000	0	0
1	96440000	96450000	0	0
1	96450000	96460000	0	0
1	96460000	96470000	0	0
1	96470000	96480000	0	0
1	96480000	96490000	0	0
1	96490000	96500000	0	0
1	96500000	96510000	0	0
1	96510000	96520000	0	0
1	96520000	96530000	0	0
1	96530000	96540000	0	0
1	96540000	96550000	0	0
1	96550000	96560000	0	0
1	96560000	96570000	0	0
1	96570000	96580000	0	0
1	96580000	96590000	0	0
1	96590000	96600000	0	0
1	96600000	96610000	0	0
1	96610000	96620000	0	0
1	96620000	96630000	0	0
1	96630000	96640000	0	0
1	96640000	96650000	0	0
1	96650000	96660000	0	0
1	96660000	96670000	0	0
1	96670000	96680000	0	0
1	96680000	96690000	0	0
1	96690000	96700000	0	0
1	96700000	96710000	0	0
1	96710000	96720000	0	0
1	96720000	96730000	0	0
1	96730000	96740000	0	0
1	96740000	96750000	0	0
1	96750000	96760000	0	0
1	96760000	96770000	0	0
1	96770000	96780000	0	0
1	96780000	96790000	0	0
1	96790000	96800000	0	0
1	96800000	96810000	0	0
1	96810000	96820000	0	0
1	96820000	96830000	0	0
1	96830000	96840000	0	0
1	96840000	96850000	0	0
1	96850000	96860000	0	0
1	96860000	96870000	0	0
1	96870000	96880000	0	0
1	96880000	96890000	0	0
1	96890000	96900000	0	0
1	96900000	96910000	0	0
1	96910000	96920000	0	0
1	96920000	96930000	0	0
1	96930000	96940000	0	0
1	96940000	96950000	0	0
1	96950000	96960000	0	0
1	96960000	96970000	0	0
1	96970000	96980000	0	0
1	96980000	96990000	0	0
1	96990000	97000000	0	0
1	97000000	97010000	0	0
1	97010000	97020000	0	0
1	97020000	97030000	0	0
1	97030000	97040000	0	0
1	97040000	97050000	0	0
1	97050000	97060000	0	0
1	97060000	97070000	0	0
1	97070000	97080000	0	0
1	97080000	97090000	0	0
1	97090000	97100000	0	0
1	97100000	97110000	0	0
1	97110000	97120000	0	0
1	97120000	97130000	0	0
1	97130000	97140000	0	0
1	97140000	97150000	0	0
1	97150000	97160000	0	0
1	97160000	97170000	0	0
1	97170000	97180000	0	0
1	97180000	97190000	0	0
1	97190000	97200000	0	0
1	97200000	97210000	0	0
1	97210000	97220000	0	0
1	97220000	97230000	0	0
1	97230000	97240000	0	0
1	97240000	97250000	0	0
1	97250000	97260000	0	0
1	97260000	97270000	0	0
1	97270000	97280000	0	0
1	97280000	97290000	0	0
1	97290000	97300000	0	0
1	97300000	97310000	0	0
1	97310000	97320000	0	0
1	97320000	97330000	0	0
1	97330000	97340000	0	0
1	97340000	97350000	0	0
1	97350000	97360000	0	0
1	97360000	97370000	0	0
1	97370000	97380000	0	0
1	97380000	97390000	0	0
1	97390000	97400000	0	0
1	97400000	97410000	0	0
1	97410000	97420000	0	0
1	97420000	97430000	0	0
1	97430000	97440000	0	0
1	97440000	97450000	0	0
1	97450000	97460000	0	0
1	97460000	97470000	0	0
1	97470000	97480000	0	0
1	97480000	97490000	0	0
1	97490000	97500000	0	0
1	97500000	97510000	0	0
1	97510000	97520000	0	0
1	97520000	97530000	0	0
1	97530000	97540000	0	0
1	97540000	97550000	0	0
1	97550000	97560000	0	0
1	97560000	97570000	0	0
1	97570000	97580000	0	0
1	97580000	97590000	0	0
1	97590000	97600000	0	0
1	97600000	97610000	0	0
1	97610000	97620000	0	0
1	97620000	97630000	0	0
1	97630000	97640000	0	0
1	97640000	97650000	0	0
1	97650000	97660000	0	0
1	97660000	97670000	0	0
1	97670000	97680000	0	0
1	97680000	97690000	0	0
1	97690000	97700000	0	0
1	97700000	97710000	0	0
1	97710000	97720000	0	0
1	97720000	97730000	0	0
1	97730000	97740000	0	0
1	97740000	97750000	0	0
1	97750000	97760000	0	0
1	97760000	97770000	0	0
1	97770000	97780000	0	0
1	97780000	97790000	0	0
1	97790000	97800000	0	0
1	97800000	97810000	0	0
1	97810000	97820000	0	0
1	97820000	97830000	0	0
1	97830000	97840000	0	0
1	97840000	97850000	0	0
1	97850000	97860000	0	0
1	97860000	97870000	0	0
1	97870000	97880000	0	0
1	97880000	97890000	0	0
1	97890000	97900000	0	0
1	97900000	97910000	0	0
1	97910000	97920000	0	0
1	97920000	97930000	0	0
1	97930000	97940000	0	0
1	97940000	97950000	0	0
1	97950000	97960000	0	0
1	97960000	97970000	0	0
1	97970000	97980000	0	0
1	97980000	97990000	0	0
1	97990000	98000000	0	0
1	98000000	98010000	0	0
1	98010000	98020000	0	0
1	98020000	98030000	0	0
1	98030000	98040000	0	0
1	98040000	98050000	0	0
1	98050000	98060000	0	0
1	98060000	98070000	0	0
1	98070000	98080000	0	0
1	98080000	98090000	0	0
1	98090000	98100000	0	0
1	98100000	98110000	0	0
1	98110000	98120000	0	0
1	98120000	98130000	0	0
1	98130000	98140000	0	0
1	98140000	98150000	0	0
1	98150000	98160000	0	0
1	98160000	98170000	0	0
1	98170000	98180000	0	0
1	98180000	98190000	0	0
1	98190000	98200000	0	0
1	98200000	98210000	0	0
1	98210000	98220000	0	0
1	98220000	98230000	0	0
1	98230000	98240000	0	0
1	98240000	98250000	0	0
1	98250000	98260000	0	0
1	98260000	98270000	0	0
1	98270000	98280000	0	0
1	98280000	98290000	0	0
1	98290000	98300000	0	0
1	98300000	98310000	0	0
1	98310000	98320000	0	0
1	98320000	98330000	0	0
1	98330000	98340000	0	0
1	98340000	98350000	0	0
1	98350000	98360000	0	0
1	98360000	98370000	0	0
1	98370000	98380000	0	0
1	98380000	98390000	0	0
1	98390000	98400000	0	0
1	98400000	98410000	0	0
1	98410000	98420000	0	0
1	98420000	98430000	0	0
1	98430000	98440000	0	0
1	98440000	98450000	0	0
1	98450000	98460000	0	0
1	98460000	98470000	0	0
1	98470000	98480000	0	0
1	98480000	98490000	0	0
1	98490000	98500000	0	0
1	98500000	98510000	0	0
1	98510000	98520000	0	0
1	98520000	98530000	0	0
1	98530000	98540000	0	0
1	98540000	98550000	0	0
1	98550000	98560000	0	0
1	98560000	98570000	0	0
1	98570000	98580000	0	0
1	98580000	98590000	0	0
1	98590000	98600000	0	0
1	98600000	98610000	0	0
1	98610000	98620000	0	0
1	98620000	98630000	0	0
1	98630000	98640000	0	0
1	98640000	98650000	0	0
1	98650000	98660000	0	0
1	98660000	98670000	0	0
1	98670000	98680000	0	0
1	98680000	98690000	0	0
1	98690000	98700000	0	0
1	98700000	98710000	0	0
1	98710000	98720000	0	0
1	98720000	98730000	0	0
1	98730000	98740000	0	0
1	98740000	98750000	0	0
1	98750000	98760000	0	0
1	98760000	98770000	0	0
1	98770000	98780000	0	0
1	98780000	98790000	0	0
1	98790000	98800000	0	0
1	98800000	98810000	0	0
1	98810000	98820000	0	0
1	98820000	98830000	0	0
1	98830000	98840000	0	0
1	98840000	98850000	0	0
1	98850000	98860000	0	0
1	98860000	98870000	0	0
1	98870000	98880000	0	0
1	98880000	98890000	0	0
1	98890000	98900000	0	0
1	98900000	98910000	0	0
1	98910000	98920000	0	0
1	98920000	98930000	0	0
1	98930000	98940000	0	0
1	98940000	98950000	0	0
1	98950000	98960000	0	0
1	98960000	98970000	0	0
1	98970000	98980000	0	0
1	98980000	98990000	0	0
1	98990000	99000000	0	0
1	99000000	99010000	0	0
1	99010000	99020000	0	0
1	99020000	99030000	0	0
1	99030000	99040000	0	0
1	99040000	99050000	0	0
1	99050000	99060000	0	0
1	99060000	99070000	0	0
1	99070000	99080000	0	0
1	99080000	99090000	0	0
1	99090000	99100000	0	0
1	99100000	99110000	0	0
1	99110000	99120000	0	0
1	99120000	99130000	0	0
1	99130000	99140000	0	0
1	99140000	99150000	0	0
1	99150000	99160000	0	0
1	99160000	99170000	0	0
1	99170000	99180000	0	0
1	99180000	99190000	0	0
1	99190000	99200000	0	0
1	99200000	99210000	0	0
1	99210000	99220000	0	0
1	99220000	99230000	0	0
1	99230000	99240000	0	0
1	99240000	99250000	0	0
1	99250000	99260000	0	0
1	99260000	99270000	0	0
1	99270000	99280000	0	0
1	99280000	99290000	0	0
1	99290000	99300000	0	0
1	99300000	99310000	0	0
1	99310000	99320000	0	0
1	99320000	99330000	0	0
1	99330000	99340000	0	0
1	99340000	99350000	0	0
1	99350000	99360000	0	0
1	99360000	99370000	0	0
1	99370000	99380000	0	0
1	99380000	99390000	0	0
1	99390000	99400000	0	0
1	99400000	99410000	0	0
1	99410000	99420000	0	0
1	99420000	99430000	0	0
1	99430000	99440000	0	0
1	99440000	99450000	0	0
1	99450000	99460000	0	0
1	99460000	99470000	0	0
1	99470000	99480000	0	0
1	99480000	99490000	0	0
1	99490000	99500000	0	0
1	99500000	99510000	0	0
1	99510000	99520000	0	0
1	99520000	99530000	0	0
1	99530000	99540000	0	0
1	99540000	99550000	0	0
1	99550000	99560000	0	0
1	99560000	99570000	0	0
1	99570000	99580000	0	0
1	99580000	99590000	0	0
1	99590000	99600000	0	0
1	99600000	99610000	0	0
1	99610000	99620000	0	0
1	99620000	99630000	0	0
1	99630000	99640000	0	0
1	99640000	99650000	0	0
1	99650000	99660000	0	0
1	99660000	99670000	0	0
1	99670000	99680000	0	0
1	99680000	99690000	0	0
1	99690000	99700000	0	0
1	99700000	99710000	0	0
1	99710000	99720000	0	0
1	99720000	99730000	0	0
1	99730000	99740000	0	0
1	99740000	99750000	0	0
1	99750000	99760000	0	0
1	99760000	99770000	0	0
1	99770000	99780000	0	0
1	99780000	99790000	0	0
1	99790000	99800000	0	0
1	99800000	99810000	0	0
1	99810000	99820000	0	0
1	99820000	99830000	0	0
1	99830000	99840000	0	0
1	99840000	99850000	0	0
1	99850000	99860000	0	0
1	99860000	99870000	0	0
1	99870000	99880000	0	0
1	99880000	99890000	0	0
1	99890000	99900000	0	0
1	99900000	99910000	0	0
1	99910000	99920000	0	0
1	99920000	99930000	0	0
1	99930000	99940000	0	0
1	99940000	99950000	0	0
1	99950000	99960000	0	0
1	99960000	99970000	0	0
1	99970000	99980000	0	0
1	99980000	99990000	0	0
1	99990000	100000000	0	0
1	100000000	100010000	0	0
1	100010000	100020000	0	0
1	100020000	100030000	0	0
1	100030000	100040000	0	0
1	100040000	100050000	0	0
1	100050000	100060000	0	0
1	100060000	100070000	0	0
1	100070000	100080000	0	0
1	100080000	100090000	0	0
1	100090000	100100000	0	0
1	100100000	100110000	0	0
1	100110000	100120000	0	0
1	100120000	100130000	0	0
1	100130000	100140000	0	0
1	100140000	100150000	0	0
1	100150000	100160000	0	0
1	100160000	100170000	0	0
1	100170000	100180000	0	0
1	100180000	100190000	0	0
1	100190000	100200000	0	0
1	100200000	100210000	0	0
1	100210000	100220000	0	0
1	100220000	100230000	0	0
1	100230000	100240000	0	0
1	100240000	100250000	0	0
1	100250000	100260000	0	0
1	100260000	100270000	0	0
1	100270000	100280000	0	0
1	100280000	100290000	0	0
1	100290000	100300000	0	0
1	100300000	100310000	0	0
1	100310000	100320000	0	0
1	100320000	100330000	0	0
1	100330000	100340000	0	0
1	100340000	100350000	0	0
1	100350000	100360000	0	0
1	100360000	100370000	0	0
1	100370000	100380000	0	0
1	100380000	100390000	0	0
1	100390000	100400000	0	0
1	100400000	100410000	0	0
1	100410000	100420000	0	0
1	100420000	100430000	0	0
1	100430000	100440000	0	0
1	100440000	100450000	0	0
1	100450000	100460000	0	0
1	100460000	100470000	0	0
1	100470000	100480000	0	0
1	100480000	100490000	0	0
1	100490000	100500000	0	0
1	100500000	100510000	0	0
1	100510000	100520000	0	0
1	100520000	100530000	0	0
1	100530000	100540000	0	0
1	100540000	100550000	0	0
1	100550000	100560000	0	0
1	100560000	100570000	0	0
1	100570000	100580000	0	0
1	100580000	100590000	0	0
1	100590000	100600000	0	0
1	100600000	100610000	0	0
1	100610000	100620000	0	0
1	100620000	100630000	0	0
1	100630000	100640000	0	0
1	100640000	100650000	0	0
1	100650000	100660000	0	0
1	100660000	100670000	0	0
1	100670000	100680000	0	0
1	100680000	100690000	0	0
1	100690000	100700000	0	0
1	100700000	100710000	0	0
1	100710000	100720000	0	0
1	100720000	100730000	0	0
1	100730000	100740000	0	0
1	100740000	100750000	0	0
1	100750000	100760000	0	0
1	100760000	100770000	0	0
1	100770000	100780000	0	0
1	100780000	100790000	0	0
1	100790000	100800000	0	0
1	100800000	100810000	0	0
1	100810000	100820000	0	0
1	100820000	100830000	0	0
1	100830000	100840000	0	0
1	100840000	100850000	0	0
1	100850000	100860000	0	0
1	100860000	100870000	0	0
1	100870000	100880000	0	0
1	100880000	100890000	0	0
1	100890000	100900000	0	0
1	100900000	100910000	0	0
1	100910000	100920000	0	0
1	100920000	100930000	0	0
1	100930000	100940000	0	0
1	100940000	100950000	0	0
1	100950000	100960000	0	0
1	100960000	100970000	0	0
1	100970000	100980000	0	0
1	100980000	100990000	0	0
1	100990000	101000000	0	0
1	101000000	101010000	0	0
1	101010000	101020000	0	0
1	101020000	101030000	0	0
1	101030000	101040000	0	0
1	101040000	101050000	0	0
1	101050000	101060000	0	0
1	101060000	101070000	0	0
1	101070000	101080000	0	0
1	101080000	101090000	0	0
1	101090000	101100000	0	0
1	101100000	101110000	0	0
1	101110000	101120000	0	0
1	101120000	101130000	0	0
1	101130000	101140000	0	0
1	101140000	101150000	0	0
1	101150000	101160000	0	0
1	101160000	101170000	0	0
1	101170000	101180000	0	0
1	101180000	101190000	0	0
1	101190000	101200000	0	0
1	101200000	101210000	0	0
1	101210000	101220000	0	0
1	101220000	101230000	0	0
1	101230000	101240000	0	0
1	101240000	101250000	0	0
1	101250000	101260000	0	0
1	101260000	101270000	0	0
1	101270000	101280000	0	0
1	101280000	101290000	0	0
1	101290000	101300000	0	0
1	101300000	101310000	0	0
1	101310000	101320000	0	0
1	101320000	101330000	0	0
1	101330000	101340000	0	0
1	101340000	101350000	0	0
1	101350000	101360000	0	0
1	101360000	101370000	0	0
1	101370000	101380000	0	0
1	101380000	101390000	0	0
1	101390000	101400000	0	0
1	101400000	101410000	0	0
1	101410000	101420000	0	0
1	101420000	101430000	0	0
1	101430000	101440000	0	0
1	101440000	101450000	0	0
1	101450000	101460000	0	0
1	101460000	101470000	0	0
1	101470000	101480000	0	0
1	101480000	101490000	0	0
1	101490000	101500000	0	0
1	101500000	101510000	0	0
1	101510000	101520000	0	0
1	101520000	101530000	0	0
1	101530000	101540000	0	0
1	101540000	101550000	0	0
1	101550000	101560000	0	0
1	101560000	101570000	0	0
1	101570000	101580000	0	0
1	101580000	101590000	0	0
1	101590000	101600000	0	0
1	101600000	101610000	0	0
1	101610000	101620000	0	0
1	101620000	101630000	0	0
1	101630000	101640000	0	0
1	101640000	101650000	0	0
1	101650000	101660000	0	0
1	101660000	101670000	0	0
1	101670000	101680000	0	0
1	101680000	101690000	0	0
1	101690000	101700000	0	0
1	101700000	101710000	0	0
1	101710000	101720000	0	0
1	101720000	101730000	0	0
1	101730000	101740000	0	0
1	101740000	101750000	0	0
1	101750000	101760000	0	0
1	101760000	101770000	0	0
1	101770000	101780000	0	0
1	101780000	101790000	0	0
1	101790000	101800000	0	0
1	101800000	101810000	0	0
1	101810000	101820000	0	0
1	101820000	101830000	0	0
1	101830000	101840000	0	0
1	101840000	101850000	0	0
1	101850000	101860000	0	0
1	101860000	101870000	0	0
1	101870000	101880000	0	0
1	101880000	101890000	0	0
1	101890000	101900000	0	0
1	101900000	101910000	0	0
1	101910000	101920000	0	0
1	101920000	101930000	0	0
1	101930000	101940000	0	0
1	101940000	101950000	0	0
1	101950000	101960000	0	0
1	101960000	101970000	0	0
1	101970000	101980000	0	0
1	101980000	101990000	0	0
1	101990000	102000000	0	0
1	102000000	102010000	0	0
1	102010000	102020000	0	0
1	102020000	102030000	0	0
1	102030000	102040000	0	0
1	102040000	102050000	0	0
1	102050000	102060000	0	0
1	102060000	102070000	0	0
1	102070000	102080000	0	0
1	102080000	102090000	0	0
1	102090000	102100000	0	0
1	102100000	102110000	0	0
1	102110000	102120000	0	0
1	102120000	102130000	0	0
1	102130000	102140000	0	0
1	102140000	102150000	0	0
1	102150000	102160000	0	0
1	102160000	102170000	0	0
1	102170000	102180000	0	0
1	102180000	102190000	0	0
1	102190000	102200000	0	0
1	102200000	102210000	0	0
1	102210000	102220000	0	0
1	102220000	102230000	0	0
1	102230000	102240000	0	0
1	102240000	102250000	0	0
1	102250000	102260000	0	0
1	102260000	102270000	0	0
1	102270000	102280000	0	0
1	102280000	102290000	0	0
1	102290000	102300000	0	0
1	102300000	102310000	0	0
1	102310000	102320000	0	0
1	102320000	102330000	0	0
1	102330000	102340000	0	0
1	102340000	102350000	0	0
1	102350000	102360000	0	0
1	102360000	102370000	0	0
1	102370000	102380000	0	0
1	102380000	102390000	0	0
1	102390000	102400000	0	0
1	102400000	102410000	0	0
1	102410000	102420000	0	0
1	102420000	102430000	0	0
1	102430000	102440000	0	0
1	102440000	102450000	0	0
1	102450000	102460000	0	0
1	102460000	102470000	0	0
1	102470000	102480000	0	0
1	102480000	102490000	0	0
1	102490000	102500000	0	0
1	102500000	102510000	0	0
1	102510000	102520000	0	0
1	102520000	102530000	0	0
1	102530000	102540000	0	0
1	102540000	102550000	0	0
1	102550000	102560000	0	0
1	102560000	102570000	0	0
1	102570000	102580000	0	0
1	102580000	102590000	0	0
1	102590000	102600000	0	0
1	102600000	102610000	0	0
1	102610000	102620000	0	0
1	102620000	102630000	0	0
1	102630000	102640000	0	0
1	102640000	102650000	0	0
1	102650000	102660000	0	0
1	102660000	102670000	0	0
1	102670000	102680000	0	0
1	102680000	102690000	0	0
1	102690000	102700000	0	0
1	102700000	102710000	0	0
1	102710000	102720000	0	0
1	102720000	102730000	0	0
1	102730000	102740000	0	0
1	102740000	102750000	0	0
1	102750000	102760000	0	0
1	102760000	102770000	0	0
1	102770000	102780000	0	0
1	102780000	102790000	0	0
1	102790000	102800000	0	0
1	102800000	102810000	0	0
1	102810000	102820000	0	0
1	102820000	102830000	0	0
1	102830000	102840000	0	0
1	102840000	102850000	0	0
1	102850000	102860000	0	0
1	102860000	102870000	0	0
1	102870000	102880000	0	0
1	102880000	102890000	0	0
1	102890000	102900000	0	0
1	102900000	102910000	0	0
1	102910000	102920000	0	0
1	102920000	102930000	0	0
1	102930000	102940000	0	0
1	102940000	102950000	0	0
1	102950000	102960000	0	0
1	102960000	102970000	0	0
1	102970000	102980000	0	0
1	102980000	102990000	0	0
1	102990000	103000000	0	0
1	103000000	103010000	0	0
1	103010000	103020000	0	0
1	103020000	103030000	0	0
1	103030000	103040000	0	0
1	103040000	103050000	0	0
1	103050000	103060000	0	0
1	103060000	103070000	0	0
1	103070000	103080000	0	0
1	103080000	103090000	0	0
1	103090000	103100000	0	0
1	103100000	103110000	0	0
1	103110000	103120000	0	0
1	103120000	103130000	0	0
1	103130000	103140000	0	0
1	103140000	103150000	0	0
1	103150000	103160000	0	0
1	103160000	103170000	0	0
1	103170000	103180000	0	0
1	103180000	103190000	0	0
1	103190000	103200000	0	0
1	103200000	103210000	0	0
1	103210000	103220000	0	0
1	103220000	103230000	0	0
1	103230000	103240000	0	0
1	103240000	103250000	0	0
1	103250000	103260000	0	0
1	103260000	103270000	0	0
1	103270000	103280000	0	0
1	103280000	103290000	0	0
1	103290000	103300000	0	0
1	103300000	103310000	0	0
1	103310000	103320000	0	0
1	103320000	103330000	0	0
1	103330000	103340000	0	0
1	103340000	103350000	0	0
1	103350000	103360000	0	0
1	103360000	103370000	0	0
1	103370000	103380000	0	0
1	103380000	103390000	0	0
1	103390000	103400000	0	0
1	103400000	103410000	0	0
1	103410000	103420000	0	0
1	103420000	103430000	0	0
1	103430000	103440000	0	0
1	103440000	103450000	0	0
1	103450000	103460000	0	0
1	103460000	103470000	0	0
1	103470000	103480000	0	0
1	103480000	103490000	0	0
1	103490000	103500000	0	0
1	103500000	103510000	0	0
1	103510000	103520000	0	0
1	103520000	103530000	0	0
1	103530000	103540000	0	0
1	103540000	103550000	0	0
1	103550000	103560000	0	0
1	103560000	103570000	0	0
1	103570000	103580000	0	0
1	103580000	103590000	0	0
1	103590000	103600000	0	0
1	103600000	103610000	0	0
1	103610000	103620000	0	0
1	103620000	103630000	0	0
1	103630000	103640000	0	0
1	103640000	103650000	0	0
1	103650000	103660000	0	0
1	103660000	103670000	0	0
1	103670000	103680000	0	0
1	103680000	103690000	0	0
1	103690000	103700000	0	0
1	103700000	103710000	0	0
1	103710000	103720000	0	0
1	103720000	103730000	0	0
1	103730000	103740000	0	0
1	103740000	103750000	0	0
1	103750000	103760000	0	0
1	103760000	103770000	0	0
1	103770000	103780000	0	0
1	103780000	103790000	0	0
1	103790000	103800000	0	0
1	103800000	103810000	0	0
1	103810000	103820000	0	0
1	103820000	103830000	0	0
1	103830000	103840000	0	0
1	103840000	103850000	0	0
1	103850000	103860000	0	0
1	103860000	103870000	0	0
1	103870000	103880000	0	0
1	103880000	103890000	0	0
1	103890000	103900000	0	0
1	103900000	103910000	0	0
1	103910000	103920000	0	0
1	103920000	103930000	0	0
1	103930000	103940000	0	0
1	103940000	103950000	0	0
1	103950000	103960000	0	0
1	103960000	103970000	0	0
1	103970000	103980000	0	0
1	103980000	103990000	0	0
1	103990000	104000000	0	0
1	104000000	104010000	0	0
1	104010000	104020000	0	0
1	104020000	104030000	0	0
1	104030000	104040000	0	0
1	104040000	104050000	0	0
1	104050000	104060000	0	0
1	104060000	104070000	0	0
1	104070000	104080000	0	0
1	104080000	104090000	0	0
1	104090000	104100000	0	0
1	104100000	104110000	0	0
1	104110000	104120000	0	0
1	104120000	104130000	0	0
1	104130000	104140000	0	0
1	104140000	104150000	0	0
1	104150000	104160000	0	0
1	104160000	104170000	0	0
1	104170000	104180000	0	0
1	104180000	104190000	0	0
1	104190000	104200000	0	0
1	104200000	104210000	0	0
1	104210000	104220000	0	0
1	104220000	104230000	0	0
1	104230000	104240000	0	0
1	104240000	104250000	0	0
1	104250000	104260000	0	0
1	104260000	104270000	0	0
1	104270000	104280000	0	0
1	104280000	104290000	0	0
1	104290000	104300000	0	0
1	104300000	104310000	0	0
1	104310000	104320000	0	0
1	104320000	104330000	0	0
1	104330000	104340000	0	0
1	104340000	104350000	0	0
1	104350000	104360000	0	0
1	104360000	104370000	0	0
1	104370000	104380000	0	0
1	104380000	104390000	0	0
1	104390000	104400000	0	0
1	104400000	104410000	0	0
1	104410000	104420000	0	0
1	104420000	104430000	0	0
1	104430000	104440000	0	0
1	104440000	104450000	0	0
1	104450000	104460000	0	0
1	104460000	104470000	0	0
1	104470000	104480000	0	0
1	104480000	104490000	0	0
1	104490000	104500000	0	0
1	104500000	104510000	0	0
1	104510000	104520000	0	0
1	104520000	104530000	0	0
1	104530000	104540000	0	0
1	104540000	104550000	0	0
1	104550000	104560000	0	0
1	104560000	104570000	0	0
1	104570000	104580000	0	0
1	104580000	104590000	0	0
1	104590000	104600000	0	0
1	104600000	104610000	0	0
1	104610000	104620000	0	0
1	104620000	104630000	0	0
1	104630000	104640000	0	0
1	104640000	104650000	0	0
1	104650000	104660000	0	0
1	104660000	104670000	0	0
1	104670000	104680000	0	0
1	104680000	104690000	0	0
1	104690000	104700000	0	0
1	104700000	104710000	0	0
1	104710000	104720000	0	0
1	104720000	104730000	0	0
1	104730000	104740000	0	0
1	104740000	104750000	0	0
1	104750000	104760000	0	0
1	104760000	104770000	0	0
1	104770000	104780000	0	0
1	104780000	104790000	0	0
1	104790000	104800000	0	0
1	104800000	104810000	0	0
1	104810000	104820000	0	0
1	104820000	104830000	0	0
1	104830000	104840000	0	0
1	104840000	104850000	0	0
1	104850000	104860000	0	0
1	104860000	104870000	0	0
1	104870000	104880000	0	0
1	104880000	104890000	0	0
1	104890000	104900000	0	0
1	104900000	104910000	0	0
1	104910000	104920000	0	0
1	104920000	104930000	0	0
1	104930000	104940000	0	0
1	104940000	104950000	0	0
1	104950000	104960000	0	0
1	104960000	104970000	0	0
1	104970000	104980000	0	0
1	104980000	104990000	0	0
1	104990000	105000000	0	0
1	105000000	105010000	0	0
1	105010000	105020000	0	0
1	105020000	105030000	0	0
1	105030000	105040000	0	0
1	105040000	105050000	0	0
1	105050000	105060000	0	0
1	105060000	105070000	0	0
1	105070000	105080000	0	0
1	105080000	105090000	0	0
1	105090000	105100000	0	0
1	105100000	105110000	0	0
1	105110000	105120000	0	0
1	105120000	105130000	0	0
1	105130000	105140000	0	0
1	105140000	105150000	0	0
1	105150000	105160000	0	0
1	105160000	105170000	0	0
1	105170000	105180000	0	0
1	105180000	105190000	0	0
1	105190000	105200000	0	0
1	105200000	105210000	0	0
1	105210000	105220000	0	0
1	105220000	105230000	0	0
1	105230000	105240000	0	0
1	105240000	105250000	0	0
1	105250000	105260000	0	0
1	105260000	105270000	0	0
1	105270000	105280000	0	0
1	105280000	105290000	0	0
1	105290000	105300000	0	0
1	105300000	105310000	0	0
1	105310000	105320000	0	0
1	105320000	105330000	0	0
1	105330000	105340000	0	0
1	105340000	105350000	0	0
1	105350000	105360000	0	0
1	105360000	105370000	0	0
1	105370000	105380000	0	0
1	105380000	105390000	0	0
1	105390000	105400000	0	0
1	105400000	105410000	0	0
1	105410000	105420000	0	0
1	105420000	105430000	0	0
1	105430000	105440000	0	0
1	105440000	105450000	0	0
1	105450000	105460000	0	0
1	105460000	105470000	0	0
1	105470000	105480000	0	0
1	105480000	105490000	0	0
1	105490000	105500000	0	0
1	105500000	105510000	0	0
1	105510000	105520000	0	0
1	105520000	105530000	0	0
1	105530000	105540000	0	0
1	105540000	105550000	0	0
1	105550000	105560000	0	0
1	105560000	105570000	0	0
1	105570000	105580000	0	0
1	105580000	105590000	0	0
1	105590000	105600000	0	0
1	105600000	105610000	0	0
1	105610000	105620000	0	0
1	105620000	105630000	0	0
1	105630000	105640000	0	0
1	105640000	105650000	0	0
1	105650000	105660000	0	0
1	105660000	105670000	0	0
1	105670000	105680000	0	0
1	105680000	105690000	0	0
1	105690000	105700000	0	0
1	105700000	105710000	0	0
1	105710000	105720000	0	0
1	105720000	105730000	0	0
1	105730000	105740000	0	0
1	105740000	105750000	0	0
1	105750000	105760000	0	0
1	105760000	105770000	0	0
1	105770000	105780000	0	0
1	105780000	105790000	0	0
1	105790000	105800000	0	0
1	105800000	105810000	0	0
1	105810000	105820000	0	0
1	105820000	105830000	0	0
1	105830000	105840000	0	0
1	105840000	105850000	0	0
1	105850000	105860000	0	0
1	105860000	105870000	0	0
1	105870000	105880000	0	0
1	105880000	105890000	0	0
1	105890000	105900000	0	0
1	105900000	105910000	0	0
1	105910000	105920000	0	0
1	105920000	105930000	0	0
1	105930000	105940000	0	0
1	105940000	105950000	0	0
1	105950000	105960000	0	0
1	105960000	105970000	0	0
1	105970000	105980000	0	0
1	105980000	105990000	0	0
1	105990000	106000000	0	0
1	106000000	106010000	0	0
1	106010000	106020000	0	0
1	106020000	106030000	0	0
1	106030000	106040000	0	0
1	106040000	106050000	0	0
1	106050000	106060000	0	0
1	106060000	106070000	0	0
1	106070000	106080000	0	0
1	106080000	106090000	0	0
1	106090000	106100000	0	0
1	106100000	106110000	0	0
1	106110000	106120000	0	0
1	106120000	106130000	0	0
1	106130000	106140000	0	0
1	106140000	106150000	0	0
1	106150000	106160000	0	0
1	106160000	106170000	0	0
1	106170000	106180000	0	0
1	106180000	106190000	0	0
1	106190000	106200000	0	0
1	106200000	106210000	0	0
1	106210000	106220000	0	0
1	106220000	106230000	0	0
1	106230000	106240000	0	0
1	106240000	106250000	0	0
1	106250000	106260000	0	0
1	106260000	106270000	0	0
1	106270000	106280000	0	0
1	106280000	106290000	0	0
1	106290000	106300000	0	0
1	106300000	106310000	0	0
1	106310000	106320000	0	0
1	106320000	106330000	0	0
1	106330000	106340000	0	0
1	106340000	106350000	0	0
1	106350000	106360000	0	0
1	106360000	106370000	0	0
1	106370000	106380000	0	0
1	106380000	106390000	0	0
1	106390000	106400000	0	0
1	106400000	106410000	0	0
1	106410000	106420000	0	0
1	106420000	106430000	0	0
1	106430000	106440000	0	0
1	106440000	106450000	0	0
1	106450000	106460000	0	0
1	106460000	106470000	0	0
1	106470000	106480000	0	0
1	106480000	106490000	0	0
1	106490000	106500000	0	0
1	106500000	106510000	0	0
1	106510000	106520000	0	0
1	106520000	106530000	0	0
1	106530000	106540000	0	0
1	106540000	106550000	0	0
1	106550000	106560000	0	0
1	106560000	106570000	0	0
1	106570000	106580000	0	0
1	106580000	106590000	0	0
1	106590000	106600000	0	0
1	106600000	106610000	0	0
1	106610000	106620000	0	0
1	106620000	106630000	0	0
1	106630000	106640000	0	0
1	106640000	106650000	0	0
1	106650000	106660000	0	0
1	106660000	106670000	0	0
1	106670000	106680000	0	0
1	106680000	106690000	0	0
1	106690000	106700000	0	0
1	106700000	106710000	0	0
1	106710000	106720000	0	0
1	106720000	106730000	0	0
1	106730000	106740000	0	0
1	106740000	106750000	0	0
1	106750000	106760000	0	0
1	106760000	106770000	0	0
1	106770000	106780000	0	0
1	106780000	106790000	0	0
1	106790000	106800000	0	0
1	106800000	106810000	0	0
1	106810000	106820000	0	0
1	106820000	106830000	0	0
1	106830000	106840000	0	0
1	106840000	106850000	0	0
1	106850000	106860000	0	0
1	106860000	106870000	0	0
1	106870000	106880000	0	0
1	106880000	106890000	0	0
1	106890000	106900000	0	0
1	106900000	106910000	0	0
1	106910000	106920000	0	0
1	106920000	106930000	0	0
1	106930000	106940000	0	0
1	106940000	106950000	0	0
1	106950000	106960000	0	0
1	106960000	106970000	0	0
1	106970000	106980000	0	0
1	106980000	106990000	0	0
1	106990000	107000000	0	0
1	107000000	107010000	0	0
1	107010000	107020000	0	0
1	107020000	107030000	0	0
1	107030000	107040000	0	0
1	107040000	107050000	0	0
1	107050000	107060000	0	0
1	107060000	107070000	0	0
1	107070000	107080000	0	0
1	107080000	107090000	0	0
1	107090000	107100000	0	0
1	107100000	107110000	0	0
1	107110000	107120000	0	0
1	107120000	107130000	0	0
1	107130000	107140000	0	0
1	107140000	107150000	0	0
1	107150000	107160000	0	0
1	107160000	107170000	0	0
1	107170000	107180000	0	0
1	107180000	107190000	0	0
1	107190000	107200000	0	0
1	107200000	107210000	0	0
1	107210000	107220000	0	0
1	107220000	107230000	0	0
1	107230000	107240000	0	0
1	107240000	107250000	0	0
1	107250000	107260000	0	0
1	107260000	107270000	0	0
1	107270000	107280000	0	0
1	107280000	107290000	0	0
1	107290000	107300000	0	0
1	107300000	107310000	0	0
1	107310000	107320000	0	0
1	107320000	107330000	0	0
1	107330000	107340000	0	0
1	107340000	107350000	0	0
1	107350000	107360000	0	0
1	107360000	107370000	0	0
1	107370000	107380000	0	0
1	107380000	107390000	0	0
1	107390000	107400000	0	0
1	107400000	107410000	0	0
1	107410000	107420000	0	0
1	107420000	107430000	0	0
1	107430000	107440000	0	0
1	107440000	107450000	0	0
1	107450000	107460000	0	0
1	107460000	107470000	0	0
1	107470000	107480000	0	0
1	107480000	107490000	0	0
1	107490000	107500000	0	0
1	107500000	107510000	0	0
1	107510000	107520000	0	0
1	107520000	107530000	0	0
1	107530000	107540000	0	0
1	107540000	107550000	0	0
1	107550000	107560000	0	0
1	107560000	107570000	0	0
1	107570000	107580000	0	0
1	107580000	107590000	0	0
1	107590000	107600000	0	0
1	107600000	107610000	0	0
1	107610000	107620000	0	0
1	107620000	107630000	0	0
1	107630000	107640000	0	0
1	107640000	107650000	0	0
1	107650000	107660000	0	0
1	107660000	107670000	0	0
1	107670000	107680000	0	0
1	107680000	107690000	0	0
1	107690000	107700000	0	0
1	107700000	107710000	0	0
1	107710000	107720000	0	0
1	107720000	107730000	0	0
1	107730000	107740000	0	0
1	107740000	107750000	0	0
1	107750000	107760000	0	0
1	107760000	107770000	0	0
1	107770000	107780000	0	0
1	107780000	107790000	0	0
1	107790000	107800000	0	0
1	107800000	107810000	0	0
1	107810000	107820000	0	0
1	107820000	107830000	0	0
1	107830000	107840000	0	0
1	107840000	107850000	0	0
1	107850000	107860000	0	0
1	107860000	107870000	0	0
1	107870000	107880000	0	0
1	107880000	107890000	0	0
1	107890000	107900000	0	0
1	107900000	107910000	0	0
1	107910000	107920000	0	0
1	107920000	107930000	0	0
1	107930000	107940000	0	0
1	107940000	107950000	0	0
1	107950000	107960000	0	0
1	107960000	107970000	0	0
1	107970000	107980000	0	0
1	107980000	107990000	0	0
1	107990000	108000000	0	0
1	108000000	108010000	0	0
1	108010000	108020000	0	0
1	108020000	108030000	0	0
1	108030000	108040000	0	0
1	108040000	108050000	0	0
1	108050000	108060000	0	0
1	108060000	108070000	0	0
1	108070000	108080000	0	0
1	108080000	108090000	0	0
1	108090000	108100000	0	0
1	108100000	108110000	0	0
1	108110000	108120000	0	0
1	108120000	108130000	0	0
1	108130000	108140000	0	0
1	108140000	108150000	0	0
1	108150000	108160000	0	0
1	108160000	108170000	0	0
1	108170000	108180000	0	0
1	108180000	108190000	0	0
1	108190000	108200000	0	0
1	108200000	108210000	0	0
1	108210000	108220000	0	0
1	108220000	108230000	0	0
1	108230000	108240000	0	0
1	108240000	108250000	0	0
1	108250000	108260000	0	0
1	108260000	108270000	0	0
1	108270000	108280000	0	0
1	108280000	108290000	0	0
1	108290000	108300000	0	0
1	108300000	108310000	0	0
1	108310000	108320000	0	0
1	108320000	108330000	0	0
1	108330000	108340000	0	0
1	108340000	108350000	0	0
1	108350000	108360000	0	0
1	108360000	108370000	0	0
1	108370000	108380000	0	0
1	108380000	108390000	0	0
1	108390000	108400000	0	0
1	108400000	108410000	0	0
1	108410000	108420000	0	0
1	108420000	108430000	0	0
1	108430000	108440000	0	0
1	108440000	108450000	0	0
1	108450000	108460000	0	0
1	108460000	108470000	0	0
1	108470000	108480000	0	0
1	108480000	108490000	0	0
1	108490000	108500000	0	0
1	108500000	108510000	0	0
1	108510000	108520000	0	0
1	108520000	108530000	0	0
1	108530000	108540000	0	0
1	108540000	108550000	0	0
1	108550000	108560000	0	0
1	108560000	108570000	0	0
1	108570000	108580000	0	0
1	108580000	108590000	0	0
1	108590000	108600000	0	0
1	108600000	108610000	0	0
1	108610000	108620000	0	0
1	108620000	108630000	0	0
1	108630000	108640000	0	0
1	108640000	108650000	0	0
1	108650000	108660000	0	0
1	108660000	108670000	0	0
1	108670000	108680000	0	0
1	108680000	108690000	0	0
1	108690000	108700000	0	0
1	108700000	108710000	0	0
1	108710000	108720000	0	0
1	108720000	108730000	0	0
1	108730000	108740000	0	0
1	108740000	108750000	0	0
1	108750000	108760000	0	0
1	108760000	108770000	0	0
1	108770000	108780000	0	0
1	108780000	108790000	0	0
1	108790000	108800000	0	0
1	108800000	108810000	0	0
1	108810000	108820000	0	0
1	108820000	108830000	0	0
1	108830000	108840000	0	0
1	108840000	108850000	0	0
1	108850000	108860000	0	0
1	108860000	108870000	0	0
1	108870000	108880000	0	0
1	108880000	108890000	0	0
1	108890000	108900000	0	0
1	108900000	108910000	0	0
1	108910000	108920000	0	0
1	108920000	108930000	0	0
1	108930000	108940000	0	0
1	108940000	108950000	0	0
1	108950000	108960000	0	0
1	108960000	108970000	0	0
1	108970000	108980000	0	0
1	108980000	108990000	0	0
1	108990000	109000000	0	0
1	109000000	109010000	0	0
1	109010000	109020000	0	0
1	109020000	109030000	0	0
1	109030000	109040000	0	0
1	109040000	109050000	0	0
1	109050000	109060000	0	0
1	109060000	109070000	0	0
1	109070000	109080000	0	0
1	109080000	109090000	0	0
1	109090000	109100000	0	0
1	109100000	109110000	0	0
1	109110000	109120000	0	0
1	109120000	109130000	0	0
1	109130000	109140000	0	0
1	109140000	109150000	0	0
1	109150000	109160000	0	0
1	109160000	109170000	0	0
1	109170000	109180000	0	0
1	109180000	109190000	0	0
1	109190000	109200000	0	0
1	109200000	109210000	0	0
1	109210000	109220000	0	0
1	109220000	109230000	0	0
1	109230000	109240000	0	0
1	109240000	109250000	0	0
1	109250000	109260000	0	0
1	109260000	109270000	0	0
1	109270000	109280000	0	0
1	109280000	109290000	0	0
1	109290000	109300000	0	0
1	109300000	109310000	0	0
1	109310000	109320000	0	0
1	109320000	109330000	0	0
1	109330000	109340000	0	0
1	109340000	109350000	0	0
1	109350000	109360000	0	0
1	109360000	109370000	0	0
1	109370000	109380000	0	0
1	109380000	109390000	0	0
1	109390000	109400000	0	0
1	109400000	109410000	0	0
1	109410000	109420000	0	0
1	109420000	109430000	0	0
1	109430000	109440000	0	0
1	109440000	109450000	0	0
1	109450000	109460000	0	0
1	109460000	109470000	0	0
1	109470000	109480000	0	0
1	109480000	109490000	0	0
1	109490000	109500000	0	0
1	109500000	109510000	0	0
1	109510000	109520000	0	0
1	109520000	109530000	0	0
1	109530000	109540000	0	0
1	109540000	109550000	0	0
1	109550000	109560000	0	0
1	109560000	109570000	0	0
1	109570000	109580000	0	0
1	109580000	109590000	0	0
1	109590000	109600000	0	0
1	109600000	109610000	0	0
1	109610000	109620000	0	0
1	109620000	109630000	0	0
1	109630000	109640000	0	0
1	109640000	109650000	0	0
1	109650000	109660000	0	0
1	109660000	109670000	0	0
1	109670000	109680000	0	0
1	109680000	109690000	0	0
1	109690000	109700000	0	0
1	109700000	109710000	0	0
1	109710000	109720000	0	0
1	109720000	109730000	0	0
1	109730000	109740000	0	0
1	109740000	109750000	0	0
1	109750000	109760000	0	0
1	109760000	109770000	0	0
1	109770000	109780000	0	0
1	109780000	109790000	0	0
1	109790000	109800000	0	0
1	109800000	109810000	0	0
1	109810000	109820000	0	0
1	109820000	109830000	0	0
1	109830000	109840000	0	0
1	109840000	109850000	0	0
1	109850000	109860000	0	0
1	109860000	109870000	0	0
1	109870000	109880000	0	0
1	109880000	109890000	0	0
1	109890000	109900000	0	0
1	109900000	109910000	0	0
1	109910000	109920000	0	0
1	109920000	109930000	0	0
1	109930000	109940000	0	0
1	109940000	109950000	0	0
1	109950000	109960000	0	0
1	109960000	109970000	0	0
1	109970000	109980000	0	0
1	109980000	109990000	0	0
1	109990000	110000000	0	0
1	110000000	110010000	0	0
1	110010000	110020000	0	0
1	110020000	110030000	0	0
1	110030000	110040000	0	0
1	110040000	110050000	0	0
1	110050000	110060000	0	0
1	110060000	110070000	0	0
1	110070000	110080000	0	0
1	110080000	110090000	0	0
1	110090000	110100000	0	0
1	110100000	110110000	0	0
1	110110000	110120000	0	0
1	110120000	110130000	0	0
1	110130000	110140000	0	0
1	110140000	110150000	0	0
1	110150000	110160000	0	0
1	110160000	110170000	0	0
1	110170000	110180000	0	0
1	110180000	110190000	0	0
1	110190000	110200000	0	0
1	110200000	110210000	0	0
1	110210000	110220000	0	0
1	110220000	110230000	0	0
1	110230000	110240000	0	0
1	110240000	110250000	0	0
1	110250000	110260000	0	0
1	110260000	110270000	0	0
1	110270000	110280000	0	0
1	110280000	110290000	0	0
1	110290000	110300000	0	0
1	110300000	110310000	0	0
1	110310000	110320000	0	0
1	110320000	110330000	0	0
1	110330000	110340000	0	0
1	110340000	110350000	0	0
1	110350000	110360000	0	0
1	110360000	110370000	0	0
1	110370000	110380000	0	0
1	110380000	110390000	0	0
1	110390000	110400000	0	0
1	110400000	110410000	0	0
1	110410000	110420000	0	0
1	110420000	110430000	0	0
1	110430000	110440000	0	0
1	110440000	110450000	0	0
1	110450000	110460000	0	0
1	110460000	110470000	0	0
1	110470000	110480000	0	0
1	110480000	110490000	0	0
1	110490000	110500000	0	0
1	110500000	110510000	0	0
1	110510000	110520000	0	0
1	110520000	110530000	0	0
1	110530000	110540000	0	0
1	110540000	110550000	0	0
1	110550000	110560000	0	0
1	110560000	110570000	0	0
1	110570000	110580000	0	0
1	110580000	110590000	0	0
1	110590000	110600000	0	0
1	110600000	110610000	0	0
1	110610000	110620000	0	0
1	110620000	110630000	0	0
1	110630000	110640000	0	0
1	110640000	110650000	0	0
1	110650000	110660000	0	0
1	110660000	110670000	0	0
1	110670000	110680000	0	0
1	110680000	110690000	0	0
1	110690000	110700000	0	0
1	110700000	110710000	0	0
1	110710000	110720000	0	0
1	110720000	110730000	0	0
1	110730000	110740000	0	0
1	110740000	110750000	0	0
1	110750000	110760000	0	0
1	110760000	110770000	0	0
1	110770000	110780000	0	0
1	110780000	110790000	0	0
1	110790000	110800000	0	0
1	110800000	110810000	0	0
1	110810000	110820000	0	0
1	110820000	110830000	0	0
1	110830000	110840000	0	0
1	110840000	110850000	0	0
1	110850000	110860000	0	0
1	110860000	110870000	0	0
1	110870000	110880000	0	0
1	110880000	110890000	0	0
1	110890000	110900000	0	0
1	110900000	110910000	0	0
1	110910000	110920000	0	0
1	110920000	110930000	0	0
1	110930000	110940000	0	0
1	110940000	110950000	0	0
1	110950000	110960000	0	0
1	110960000	110970000	0	0
1	110970000	110980000	0	0
1	110980000	110990000	0	0
1	110990000	111000000	0	0
1	111000000	111010000	0	0
1	111010000	111020000	0	0
1	111020000	111030000	0	0
1	111030000	111040000	0	0
1	111040000	111050000	0	0
1	111050000	111060000	0	0
1	111060000	111070000	0	0
1	111070000	111080000	0	0
1	111080000	111090000	0	0
1	111090000	111100000	0	0
1	111100000	111110000	0	0
1	111110000	111120000	0	0
1	111120000	111130000	0	0
1	111130000	111140000	0	0
1	111140000	111150000	0	0
1	111150000	111160000	0	0
1	111160000	111170000	0	0
1	111170000	111180000	0	0
1	111180000	111190000	0	0
1	111190000	111200000	0	0
1	111200000	111210000	0	0
1	111210000	111220000	0	0
1	111220000	111230000	0	0
1	111230000	111240000	0	0
1	111240000	111250000	0	0
1	111250000	111260000	0	0
1	111260000	111270000	0	0
1	111270000	111280000	0	0
1	111280000	111290000	0	0
1	111290000	111300000	0	0
1	111300000	111310000	0	0
1	111310000	111320000	0	0
1	111320000	111330000	0	0
1	111330000	111340000	0	0
1	111340000	111350000	0	0
1	111350000	111360000	0	0
1	111360000	111370000	0	0
1	111370000	111380000	0	0
1	111380000	111390000	0	0
1	111390000	111400000	0	0
1	111400000	111410000	0	0
1	111410000	111420000	0	0
1	111420000	111430000	0	0
1	111430000	111440000	0	0
1	111440000	111450000	0	0
1	111450000	111460000	0	0
1	111460000	111470000	0	0
1	111470000	111480000	0	0
1	111480000	111490000	0	0
1	111490000	111500000	0	0
1	111500000	111510000	0	0
1	111510000	111520000	0	0
1	111520000	111530000	0	0
1	111530000	111540000	0	0
1	111540000	111550000	0	0
1	111550000	111560000	0	0
1	111560000	111570000	0	0
1	111570000	111580000	0	0
1	111580000	111590000	0	0
1	111590000	111600000	0	0
1	111600000	111610000	0	0
1	111610000	111620000	0	0
1	111620000	111630000	0	0
1	111630000	111640000	0	0
1	111640000	111650000	0	0
1	111650000	111660000	0	0
1	111660000	111670000	0	0
1	111670000	111680000	0	0
1	111680000	111690000	0	0
1	111690000	111700000	0	0
1	111700000	111710000	0	0
1	111710000	111720000	0	0
1	111720000	111730000	0	0
1	111730000	111740000	0	0
1	111740000	111750000	0	0
1	111750000	111760000	0	0
1	111760000	111770000	0	0
1	111770000	111780000	0	0
1	111780000	111790000	0	0
1	111790000	111800000	0	0
1	111800000	111810000	0	0
1	111810000	111820000	0	0
1	111820000	111830000	0	0
1	111830000	111840000	0	0
1	111840000	111850000	0	0
1	111850000	111860000	0	0
1	111860000	111870000	0	0
1	111870000	111880000	0	0
1	111880000	111890000	0	0
1	111890000	111900000	0	0
1	111900000	111910000	0	0
1	111910000	111920000	0	0
1	111920000	111930000	0	0
1	111930000	111940000	0	0
1	111940000	111950000	0	0
1	111950000	111960000	0	0
1	111960000	111970000	0	0
1	111970000	111980000	0	0
1	111980000	111990000	0	0
1	111990000	112000000	0	0
1	112000000	112010000	0	0
1	112010000	112020000	0	0
1	112020000	112030000	0	0
1	112030000	112040000	0	0
1	112040000	112050000	0	0
1	112050000	112060000	0	0
1	112060000	112070000	0	0
1	112070000	112080000	0	0
1	112080000	112090000	0	0
1	112090000	112100000	0	0
1	112100000	112110000	0	0
1	112110000	112120000	0	0
1	112120000	112130000	0	0
1	112130000	112140000	0	0
1	112140000	112150000	0	0
1	112150000	112160000	0	0
1	112160000	112170000	0	0
1	112170000	112180000	0	0
1	112180000	112190000	0	0
1	112190000	112200000	0	0
1	112200000	112210000	0	0
1	112210000	112220000	0	0
1	112220000	112230000	0	0
1	112230000	112240000	0	0
1	112240000	112250000	0	0
1	112250000	112260000	0	0
1	112260000	112270000	0	0
1	112270000	112280000	0	0
1	112280000	112290000	0	0
1	112290000	112300000	0	0
1	112300000	112310000	0	0
1	112310000	112320000	0	0
1	112320000	112330000	0	0
1	112330000	112340000	0	0
1	112340000	112350000	0	0
1	112350000	112360000	0	0
1	112360000	112370000	0	0
1	112370000	112380000	0	0
1	112380000	112390000	0	0
1	112390000	112400000	0	0
1	112400000	112410000	0	0
1	112410000	112420000	0	0
1	112420000	112430000	0	0
1	112430000	112440000	0	0
1	112440000	112450000	0	0
1	112450000	112460000	0	0
1	112460000	112470000	0	0
1	112470000	112480000	0	0
1	112480000	112490000	0	0
1	112490000	112500000	0	0
1	112500000	112510000	0	0
1	112510000	112520000	0	0
1	112520000	112530000	0	0
1	112530000	112540000	0	0
1	112540000	112550000	0	0
1	112550000	112560000	0	0
1	112560000	112570000	0	0
1	112570000	112580000	0	0
1	112580000	112590000	0	0
1	112590000	112600000	0	0
1	112600000	112610000	0	0
1	112610000	112620000	0	0
1	112620000	112630000	0	0
1	112630000	112640000	0	0
1	112640000	112650000	0	0
1	112650000	112660000	0	0
1	112660000	112670000	0	0
1	112670000	112680000	0	0
1	112680000	112690000	0	0
1	112690000	112700000	0	0
1	112700000	112710000	0	0
1	112710000	112720000	0	0
1	112720000	112730000	0	0
1	112730000	112740000	0	0
1	112740000	112750000	0	0
1	112750000	112760000	0	0
1	112760000	112770000	0	0
1	112770000	112780000	0	0
1	112780000	112790000	0	0
1	112790000	112800000	0	0
1	112800000	112810000	0	0
1	112810000	112820000	0	0
1	112820000	112830000	0	0
1	112830000	112840000	0	0
1	112840000	112850000	0	0
1	112850000	112860000	0	0
1	112860000	112870000	0	0
1	112870000	112880000	0	0
1	112880000	112890000	0	0
1	112890000	112900000	0	0
1	112900000	112910000	0	0
1	112910000	112920000	0	0
1	112920000	112930000	0	0
1	112930000	112940000	0	0
1	112940000	112950000	0	0
1	112950000	112960000	0	0
1	112960000	112970000	0	0
1	112970000	112980000	0	0
1	112980000	112990000	0	0
1	112990000	113000000	0	0
1	113000000	113010000	0	0
1	113010000	113020000	0	0
1	113020000	113030000	0	0
1	113030000	113040000	0	0
1	113040000	113050000	0	0
1	113050000	113060000	0	0
1	113060000	113070000	0	0
1	113070000	113080000	0	0
1	113080000	113090000	0	0
1	113090000	113100000	0	0
1	113100000	113110000	0	0
1	113110000	113120000	0	0
1	113120000	113130000	0	0
1	113130000	113140000	0	0
1	113140000	113150000	0	0
1	113150000	113160000	0	0
1	113160000	113170000	0	0
1	113170000	113180000	0	0
1	113180000	113190000	0	0
1	113190000	113200000	0	0
1	113200000	113210000	0	0
1	113210000	113220000	0	0
1	113220000	113230000	0	0
1	113230000	113240000	0	0
1	113240000	113250000	0	0
1	113250000	113260000	0	0
1	113260000	113270000	0	0
1	113270000	113280000	0	0
1	113280000	113290000	0	0
1	113290000	113300000	0	0
1	113300000	113310000	0	0
1	113310000	113320000	0	0
1	113320000	113330000	0	0
1	113330000	113340000	0	0
1	113340000	113350000	0	0
1	113350000	113360000	0	0
1	113360000	113370000	0	0
1	113370000	113380000	0	0
1	113380000	113390000	0	0
1	113390000	113400000	0	0
1	113400000	113410000	0	0
1	113410000	113420000	0	0
1	113420000	113430000	0	0
1	113430000	113440000	0	0
1	113440000	113450000	0	0
1	113450000	113460000	0	0
1	113460000	113470000	0	0
1	113470000	113480000	0	0
1	113480000	113490000	0	0
1	113490000	113500000	0	0
1	113500000	113510000	0	0
1	113510000	113520000	0	0
1	113520000	113530000	0	0
1	113530000	113540000	0	0
1	113540000	113550000	0	0
1	113550000	113560000	0	0
1	113560000	113570000	0	0
1	113570000	113580000	0	0
1	113580000	113590000	0	0
1	113590000	113600000	0	0
1	113600000	113610000	0	0
1	113610000	113620000	0	0
1	113620000	113630000	0	0
1	113630000	113640000	0	0
1	113640000	113650000	0	0
1	113650000	113660000	0	0
1	113660000	113670000	0	0
1	113670000	113680000	0	0
1	113680000	113690000	0	0
1	113690000	113700000	0	0
1	113700000	113710000	0	0
1	113710000	113720000	0	0
1	113720000	113730000	0	0
1	113730000	113740000	0	0
1	113740000	113750000	0	0
1	113750000	113760000	0	0
1	113760000	113770000	0	0
1	113770000	113780000	0	0
1	113780000	113790000	0	0
1	113790000	113800000	0	0
1	113800000	113810000	0	0
1	113810000	113820000	0	0
1	113820000	113830000	0	0
1	113830000	113840000	0	0
1	113840000	113850000	0	0
1	113850000	113860000	0	0
1	113860000	113870000	0	0
1	113870000	113880000	0	0
1	113880000	113890000	0	0
1	113890000	113900000	0	0
1	113900000	113910000	0	0
1	113910000	113920000	0	0
1	113920000	113930000	0	0
1	113930000	113940000	0	0
1	113940000	113950000	0	0
1	113950000	113960000	0	0
1	113960000	113970000	0	0
1	113970000	113980000	0	0
1	113980000	113990000	0	0
1	113990000	114000000	0	0
1	114000000	114010000	0	0
1	114010000	114020000	0	0
1	114020000	114030000	0	0
1	114030000	114040000	0	0
1	114040000	114050000	0	0
1	114050000	114060000	0	0
1	114060000	114070000	0	0
1	114070000	114080000	0	0
1	114080000	114090000	0	0
1	114090000	114100000	0	0
1	114100000	114110000	0	0
1	114110000	114120000	0	0
1	114120000	114130000	0	0
1	114130000	114140000	0	0
1	114140000	114150000	0	0
1	114150000	114160000	0	0
1	114160000	114170000	0	0
1	114170000	114180000	0	0
1	114180000	114190000	0	0
1	114190000	114200000	0	0
1	114200000	114210000	0	0
1	114210000	114220000	0	0
1	114220000	114230000	0	0
1	114230000	114240000	0	0
1	114240000	114250000	0	0
1	114250000	114260000	0	0
1	114260000	114270000	0	0
1	114270000	114280000	0	0
1	114280000	114290000	0	0
1	114290000	114300000	0	0
1	114300000	114310000	0	0
1	114310000	114320000	0	0
1	114320000	114330000	0	0
1	114330000	114340000	0	0
1	114340000	114350000	0	0
1	114350000	114360000	0	0
1	114360000	114370000	0	0
1	114370000	114380000	0	0
1	114380000	114390000	0	0
1	114390000	114400000	0	0
1	114400000	114410000	0	0
1	114410000	114420000	0	0
1	114420000	114430000	0	0
1	114430000	114440000	0	0
1	114440000	114450000	0	0
1	114450000	114460000	0	0
1	114460000	114470000	0	0
1	114470000	114480000	0	0
1	114480000	114490000	0	0
1	114490000	114500000	0	0
1	114500000	114510000	0	0
1	114510000	114520000	0	0
1	114520000	114530000	0	0
1	114530000	114540000	0	0
1	114540000	114550000	0	0
1	114550000	114560000	0	0
1	114560000	114570000	0	0
1	114570000	114580000	0	0
1	114580000	114590000	0	0
1	114590000	114600000	0	0
1	114600000	114610000	0	0
1	114610000	114620000	0	0
1	114620000	114630000	0	0
1	114630000	114640000	0	0
1	114640000	114650000	0	0
1	114650000	114660000	0	0
1	114660000	114670000	0	0
1	114670000	114680000	0	0
1	114680000	114690000	0	0
1	114690000	114700000	0	0
1	114700000	114710000	0	0
1	114710000	114720000	0	0
1	114720000	114730000	0	0
1	114730000	114740000	0	0
1	114740000	114750000	0	0
1	114750000	114760000	0	0
1	114760000	114770000	0	0
1	114770000	114780000	0	0
1	114780000	114790000	0	0
1	114790000	114800000	0	0
1	114800000	114810000	0	0
1	114810000	114820000	0	0
1	114820000	114830000	0	0
1	114830000	114840000	0	0
1	114840000	114850000	0	0
1	114850000	114860000	0	0
1	114860000	114870000	0	0
1	114870000	114880000	0	0
1	114880000	114890000	0	0
1	114890000	114900000	0	0
1	114900000	114910000	0	0
1	114910000	114920000	0	0
1	114920000	114930000	0	0
1	114930000	114940000	0	0
1	114940000	114950000	0	0
1	114950000	114960000	0	0
1	114960000	114970000	0	0
1	114970000	114980000	0	0
1	114980000	114990000	0	0
1	114990000	115000000	0	0
1	115000000	115010000	0	0
1	115010000	115020000	0	0
1	115020000	115030000	0	0
1	115030000	115040000	0	0
1	115040000	115050000	0	0
1	115050000	115060000	0	0
1	115060000	115070000	0	0
1	115070000	115080000	0	0
1	115080000	115090000	0	0
1	115090000	115100000	0	0
1	115100000	115110000	0	0
1	115110000	115120000	0	0
1	115120000	115130000	0	0
1	115130000	115140000	0	0
1	115140000	115150000	0	0
1	115150000	115160000	0	0
1	115160000	115170000	0	0
1	115170000	115180000	0	0
1	115180000	115190000	0	0
1	115190000	115200000	0	0
1	115200000	115210000	0	0
1	115210000	115220000	0	0
1	115220000	115230000	0	0
1	115230000	115240000	0	0
1	115240000	115250000	0	0
1	115250000	115260000	0	0
1	115260000	115270000	0	0
1	115270000	115280000	0	0
1	115280000	115290000	0	0
1	115290000	115300000	0	0
1	115300000	115310000	0	0
1	115310000	115320000	0	0
1	115320000	115330000	0	0
1	115330000	115340000	0	0
1	115340000	115350000	0	0
1	115350000	115360000	0	0
1	115360000	115370000	0	0
1	115370000	115380000	0	0
1	115380000	115390000	0	0
1	115390000	115400000	0	0
1	115400000	115410000	0	0
1	115410000	115420000	0	0
1	115420000	115430000	0	0
1	115430000	115440000	0	0
1	115440000	115450000	0	0
1	115450000	115460000	0	0
1	115460000	115470000	0	0
1	115470000	115480000	0	0
1	115480000	115490000	0	0
1	115490000	115500000	0	0
1	115500000	115510000	0	0
1	115510000	115520000	0	0
1	115520000	115530000	0	0
1	115530000	115540000	0	0
1	115540000	115550000	0	0
1	115550000	115560000	0	0
1	115560000	115570000	0	0
1	115570000	115580000	0	0
1	115580000	115590000	0	0
1	115590000	115600000	0	0
1	115600000	115610000	0	0
1	115610000	115620000	0	0
1	115620000	115630000	0	0
1	115630000	115640000	0	0
1	115640000	115650000	0	0
1	115650000	115660000	0	0
1	115660000	115670000	0	0
1	115670000	115680000	0	0
1	115680000	115690000	0	0
1	115690000	115700000	0	0
1	115700000	115710000	0	0
1	115710000	115720000	0	0
1	115720000	115730000	0	0
1	115730000	115740000	0	0
1	115740000	115750000	0	0
1	115750000	115760000	0	0
1	115760000	115770000	0	0
1	115770000	115780000	0	0
1	115780000	115790000	0	0
1	115790000	115800000	0	0
1	115800000	115810000	0	0
1	115810000	115820000	0	0
1	115820000	115830000	0	0
1	115830000	115840000	0	0
1	115840000	115850000	0	0
1	115850000	115860000	0	0
1	115860000	115870000	0	0
1	115870000	115880000	0	0
1	115880000	115890000	0	0
1	115890000	115900000	0	0
1	115900000	115910000	0	0
1	115910000	115920000	0	0
1	115920000	115930000	0	0
1	115930000	115940000	0	0
1	115940000	115950000	0	0
1	115950000	115960000	0	0
1	115960000	115970000	0	0
1	115970000	115980000	0	0
1	115980000	115990000	0	0
1	115990000	116000000	0	0
1	116000000	116010000	0	0
1	116010000	116020000	0	0
1	116020000	116030000	0	0
1	116030000	116040000	0	0
1	116040000	116050000	0	0
1	116050000	116060000	0	0
1	116060000	116070000	0	0
1	116070000	116080000	0	0
1	116080000	116090000	0	0
1	116090000	116100000	0	0
1	116100000	116110000	0	0
1	116110000	116120000	0	0
1	116120000	116130000	0	0
1	116130000	116140000	0	0
1	116140000	116150000	0	0
1	116150000	116160000	0	0
1	116160000	116170000	0	0
1	116170000	116180000	0	0
1	116180000	116190000	0	0
1	116190000	116200000	0	0
1	116200000	116210000	0	0
1	116210000	116220000	0	0
1	116220000	116230000	0	0
1	116230000	116240000	0	0
1	116240000	116250000	0	0
1	116250000	116260000	0	0
1	116260000	116270000	0	0
1	116270000	116280000	0	0
1	116280000	116290000	0	0
1	116290000	116300000	0	0
1	116300000	116310000	0	0
1	116310000	116320000	0	0
1	116320000	116330000	0	0
1	116330000	116340000	0	0
1	116340000	116350000	0	0
1	116350000	116360000	0	0
1	116360000	116370000	0	0
1	116370000	116380000	0	0
1	116380000	116390000	0	0
1	116390000	116400000	0	0
1	116400000	116410000	0	0
1	116410000	116420000	0	0
1	116420000	116430000	0	0
1	116430000	116440000	0	0
1	116440000	116450000	0	0
1	116450000	116460000	0	0
1	116460000	116470000	0	0
1	116470000	116480000	0	0
1	116480000	116490000	0	0
1	116490000	116500000	0	0
1	116500000	116510000	0	0
1	116510000	116520000	0	0
1	116520000	116530000	0	0
1	116530000	116540000	0	0
1	116540000	116550000	0	0
1	116550000	116560000	0	0
1	116560000	116570000	0	0
1	116570000	116580000	0	0
1	116580000	116590000	0	0
1	116590000	116600000	0	0
1	116600000	116610000	0	0
1	116610000	116620000	0	0
1	116620000	116630000	0	0
1	116630000	116640000	0	0
1	116640000	116650000	0	0
1	116650000	116660000	0	0
1	116660000	116670000	0	0
1	116670000	116680000	0	0
1	116680000	116690000	0	0
1	116690000	116700000	0	0
1	116700000	116710000	0	0
1	116710000	116720000	0	0
1	116720000	116730000	0	0
1	116730000	116740000	0	0
1	116740000	116750000	0	0
1	116750000	116760000	0	0
1	116760000	116770000	0	0
1	116770000	116780000	0	0
1	116780000	116790000	0	0
1	116790000	116800000	0	0
1	116800000	116810000	0	0
1	116810000	116820000	0	0
1	116820000	116830000	0	0
1	116830000	116840000	0	0
1	116840000	116850000	0	0
1	116850000	116860000	0	0
1	116860000	116870000	0	0
1	116870000	116880000	0	0
1	116880000	116890000	0	0
1	116890000	116900000	0	0
1	116900000	116910000	0	0
1	116910000	116920000	0	0
1	116920000	116930000	0	0
1	116930000	116940000	0	0
1	116940000	116950000	0	0
1	116950000	116960000	0	0
1	116960000	116970000	0	0
1	116970000	116980000	0	0
1	116980000	116990000	0	0
1	116990000	117000000	0	0
1	117000000	117010000	0	0
1	117010000	117020000	0	0
1	117020000	117030000	0	0
1	117030000	117040000	0	0
1	117040000	117050000	0	0
1	117050000	117060000	0	0
1	117060000	117070000	0	0
1	117070000	117080000	0	0
1	117080000	117090000	0	0
1	117090000	117100000	0	0
1	117100000	117110000	0	0
1	117110000	117120000	0	0
1	117120000	117130000	0	0
1	117130000	117140000	0	0
1	117140000	117150000	0	0
1	117150000	117160000	0	0
1	117160000	117170000	0	0
1	117170000	117180000	0	0
1	117180000	117190000	0	0
1	117190000	117200000	0	0
1	117200000	117210000	0	0
1	117210000	117220000	0	0
1	117220000	117230000	0	0
1	117230000	117240000	0	0
1	117240000	117250000	0	0
1	117250000	117260000	0	0
1	117260000	117270000	0	0
1	117270000	117280000	0	0
1	117280000	117290000	0	0
1	117290000	117300000	0	0
1	117300000	117310000	0	0
1	117310000	117320000	0	0
1	117320000	117330000	0	0
1	117330000	117340000	0	0
1	117340000	117350000	0	0
1	117350000	117360000	0	0
1	117360000	117370000	0	0
1	117370000	117380000	0	0
1	117380000	117390000	0	0
1	117390000	117400000	0	0
1	117400000	117410000	0	0
1	117410000	117420000	0	0
1	117420000	117430000	0	0
1	117430000	117440000	0	0
1	117440000	117450000	0	0
1	117450000	117460000	0	0
1	117460000	117470000	0	0
1	117470000	117480000	0	0
1	117480000	117490000	0	0
1	117490000	117500000	0	0
1	117500000	117510000	0	0
1	117510000	117520000	0	0
1	117520000	117530000	0	0
1	117530000	117540000	0	0
1	117540000	117550000	0	0
1	117550000	117560000	0	0
1	117560000	117570000	0	0
1	117570000	117580000	0	0
1	117580000	117590000	0	0
1	117590000	117600000	0	0
1	117600000	117610000	0	0
1	117610000	117620000	0	0
1	117620000	117630000	0	0
1	117630000	117640000	0	0
1	117640000	117650000	0	0
1	117650000	117660000	0	0
1	117660000	117670000	0	0
1	117670000	117680000	0	0
1	117680000	117690000	0	0
1	117690000	117700000	0	0
1	117700000	117710000	0	0
1	117710000	117720000	0	0
1	117720000	117730000	0	0
1	117730000	117740000	0	0
1	117740000	117750000	0	0
1	117750000	117760000	0	0
1	117760000	117770000	0	0
1	117770000	117780000	0	0
1	117780000	117790000	0	0
1	117790000	117800000	0	0
1	117800000	117810000	0	0
1	117810000	117820000	0	0
1	117820000	117830000	0	0
1	117830000	117840000	0	0
1	117840000	117850000	0	0
1	117850000	117860000	0	0
1	117860000	117870000	0	0
1	117870000	117880000	0	0
1	117880000	117890000	0	0
1	117890000	117900000	0	0
1	117900000	117910000	0	0
1	117910000	117920000	0	0
1	117920000	117930000	0	0
1	117930000	117940000	0	0
1	117940000	117950000	0	0
1	117950000	117960000	0	0
1	117960000	117970000	0	0
1	117970000	117980000	0	0
1	117980000	117990000	0	0
1	117990000	118000000	0	0
1	118000000	118010000	0	0
1	118010000	118020000	0	0
1	118020000	118030000	0	0
1	118030000	118040000	0	0
1	118040000	118050000	0	0
1	118050000	118060000	0	0
1	118060000	118070000	0	0
1	118070000	118080000	0	0
1	118080000	118090000	0	0
1	118090000	118100000	0	0
1	118100000	118110000	0	0
1	118110000	118120000	0	0
1	118120000	118130000	0	0
1	118130000	118140000	0	0
1	118140000	118150000	0	0
1	118150000	118160000	0	0
1	118160000	118170000	0	0
1	118170000	118180000	0	0
1	118180000	118190000	0	0
1	118190000	118200000	0	0
1	118200000	118210000	0	0
1	118210000	118220000	0	0
1	118220000	118230000	0	0
1	118230000	118240000	0	0
1	118240000	118250000	0	0
1	118250000	118260000	0	0
1	118260000	118270000	0	0
1	118270000	118280000	0	0
1	118280000	118290000	0	0
1	118290000	118300000	0	0
1	118300000	118310000	0	0
1	118310000	118320000	0	0
1	118320000	118330000	0	0
1	118330000	118340000	0	0
1	118340000	118350000	0	0
1	118350000	118360000	0	0
1	118360000	118370000	0	0
1	118370000	118380000	0	0
1	118380000	118390000	0	0
1	118390000	118400000	0	0
1	118400000	118410000	0	0
1	118410000	118420000	0	0
1	118420000	118430000	0	0
1	118430000	118440000	0	0
1	118440000	118450000	0	0
1	118450000	118460000	0	0
1	118460000	118470000	0	0
1	118470000	118480000	0	0
1	118480000	118490000	0	0
1	118490000	118500000	0	0
1	118500000	118510000	0	0
1	118510000	118520000	0	0
1	118520000	118530000	0	0
1	118530000	118540000	0	0
1	118540000	118550000	0	0
1	118550000	118560000	0	0
1	118560000	118570000	0	0
1	118570000	118580000	0	0
1	118580000	118590000	0	0
1	118590000	118600000	0	0
1	118600000	118610000	0	0
1	118610000	118620000	0	0
1	118620000	118630000	0	0
1	118630000	118640000	0	0
1	118640000	118650000	0	0
1	118650000	118660000	0	0
1	118660000	118670000	0	0
1	118670000	118680000	0	0
1	118680000	118690000	0	0
1	118690000	118700000	0	0
1	118700000	118710000	0	0
1	118710000	118720000	0	0
1	118720000	118730000	0	0
1	118730000	118740000	0	0
1	118740000	118750000	0	0
1	118750000	118760000	0	0
1	118760000	118770000	0	0
1	118770000	118780000	0	0
1	118780000	118790000	0	0
1	118790000	118800000	0	0
1	118800000	118810000	0	0
1	118810000	118820000	0	0
1	118820000	118830000	0	0
1	118830000	118840000	0	0
1	118840000	118850000	0	0
1	118850000	118860000	0	0
1	118860000	118870000	0	0
1	118870000	118880000	0	0
1	118880000	118890000	0	0
1	118890000	118900000	0	0
1	118900000	118910000	0	0
1	118910000	118920000	0	0
1	118920000	118930000	0	0
1	118930000	118940000	0	0
1	118940000	118950000	0	0
1	118950000	118960000	0	0
1	118960000	118970000	0	0
1	118970000	118980000	0	0
1	118980000	118990000	0	0
1	118990000	119000000	0	0
1	119000000	119010000	0	0
1	119010000	119020000	0	0
1	119020000	119030000	0	0
1	119030000	119040000	0	0
1	119040000	119050000	0	0
1	119050000	119060000	0	0
1	119060000	119070000	0	0
1	119070000	119080000	0	0
1	119080000	119090000	0	0
1	119090000	119100000	0	0
1	119100000	119110000	0	0
1	119110000	119120000	0	0
1	119120000	119130000	0	0
1	119130000	119140000	0	0
1	119140000	119150000	0	0
1	119150000	119160000	0	0
1	119160000	119170000	0	0
1	119170000	119180000	0	0
1	119180000	119190000	0	0
1	119190000	119200000	0	0
1	119200000	119210000	0	0
1	119210000	119220000	0	0
1	119220000	119230000	0	0
1	119230000	119240000	0	0
1	119240000	119250000	0	0
1	119250000	119260000	0	0
1	119260000	119270000	0	0
1	119270000	119280000	0	0
1	119280000	119290000	0	0
1	119290000	119300000	0	0
1	119300000	119310000	0	0
1	119310000	119320000	0	0
1	119320000	119330000	0	0
1	119330000	119340000	0	0
1	119340000	119350000	0	0
1	119350000	119360000	0	0
1	119360000	119370000	0	0
1	119370000	119380000	0	0
1	119380000	119390000	0	0
1	119390000	119400000	0	0
1	119400000	119410000	0	0
1	119410000	119420000	0	0
1	119420000	119430000	0	0
1	119430000	119440000	0	0
1	119440000	119450000	0	0
1	119450000	119460000	0	0
1	119460000	119470000	0	0
1	119470000	119480000	0	0
1	119480000	119490000	0	0
1	119490000	119500000	0	0
1	119500000	119510000	0	0
1	119510000	119520000	0	0
1	119520000	119530000	0	0
1	119530000	119540000	0	0
1	119540000	119550000	0	0
1	119550000	119560000	0	0
1	119560000	119570000	0	0
1	119570000	119580000	0	0
1	119580000	119590000	0	0
1	119590000	119600000	0	0
1	119600000	119610000	0	0
1	119610000	119620000	0	0
1	119620000	119630000	0	0
1	119630000	119640000	0	0
1	119640000	119650000	0	0
1	119650000	119660000	0	0
1	119660000	119670000	0	0
1	119670000	119680000	0	0
1	119680000	119690000	0	0
1	119690000	119700000	0	0
1	119700000	119710000	0	0
1	119710000	119720000	0	0
1	119720000	119730000	0	0
1	119730000	119740000	0	0
1	119740000	119750000	0	0
1	119750000	119760000	0	0
1	119760000	119770000	0	0
1	119770000	119780000	0	0
1	119780000	119790000	0	0
1	119790000	119800000	0	0
1	119800000	119810000	0	0
1	119810000	119820000	0	0
1	119820000	119830000	0	0
1	119830000	119840000	0	0
1	119840000	119850000	0	0
1	119850000	119860000	0	0
1	119860000	119870000	0	0
1	119870000	119880000	0	0
1	119880000	119890000	0	0
1	119890000	119900000	0	0
1	119900000	119910000	0	0
1	119910000	119920000	0	0
1	119920000	119930000	0	0
1	119930000	119940000	0	0
1	119940000	119950000	0	0
1	119950000	119960000	0	0
1	119960000	119970000	0	0
1	119970000	119980000	0	0
1	119980000	119990000	0	0
1	119990000	120000000	0	0
1	120000000	120010000	0	0
1	120010000	120020000	0	0
1	120020000	120030000	0	0
1	120030000	120040000	0	0
1	120040000	120050000	0	0
1	120050000	120060000	0	0
1	120060000	120070000	0	0
1	120070000	120080000	0	0
1	120080000	120090000	0	0
1	120090000	120100000	0	0
1	120100000	120110000	0	0
1	120110000	120120000	0	0
1	120120000	120130000	0	0
1	120130000	120140000	0	0
1	120140000	120150000	0	0
1	120150000	120160000	0	0
1	120160000	120170000	0	0
1	120170000	120180000	0	0
1	120180000	120190000	0	0
1	120190000	120200000	0	0
1	120200000	120210000	0	0
1	120210000	120220000	0	0
1	120220000	120230000	0	0
1	120230000	120240000	0	0
1	120240000	120250000	0	0
1	120250000	120260000	0	0
1	120260000	120270000	0	0
1	120270000	120280000	0	0
1	120280000	120290000	0	0
1	120290000	120300000	0	0
1	120300000	120310000	0	0
1	120310000	120320000	0	0
1	120320000	120330000	0	0
1	120330000	120340000	0	0
1	120340000	120350000	0	0
1	120350000	120360000	0	0
1	120360000	120370000	0	0
1	120370000	120380000	0	0
1	120380000	120390000	0	0
1	120390000	120400000	0	0
1	120400000	120410000	0	0
1	120410000	120420000	0	0
1	120420000	120430000	0	0
1	120430000	120440000	0	0
1	120440000	120450000	0	0
1	120450000	120460000	0	0
1	120460000	120470000	0	0
1	120470000	120480000	0	0
1	120480000	120490000	0	0
1	120490000	120500000	0	0
1	120500000	120510000	0	0
1	120510000	120520000	0	0
1	120520000	120530000	0	0
1	120530000	120540000	0	0
1	120540000	120550000	0	0
1	120550000	120560000	0	0
1	120560000	120570000	0	0
1	120570000	120580000	0	0
1	120580000	120590000	0	0
1	120590000	120600000	0	0
1	120600000	120610000	0	0
1	120610000	120620000	0	0
1	120620000	120630000	0	0
1	120630000	120640000	0	0
1	120640000	120650000	0	0
1	120650000	120660000	0	0
1	120660000	120670000	0	0
1	120670000	120680000	0	0
1	120680000	120690000	0	0
1	120690000	120700000	0	0
1	120700000	120710000	0	0
1	120710000	120720000	0	0
1	120720000	120730000	0	0
1	120730000	120740000	0	0
1	120740000	120750000	0	0
1	120750000	120760000	0	0
1	120760000	120770000	0	0
1	120770000	120780000	0	0
1	120780000	120790000	0	0
1	120790000	120800000	0	0
1	120800000	120810000	0	0
1	120810000	120820000	0	0
1	120820000	120830000	0	0
1	120830000	120840000	0	0
1	120840000	120850000	0	0
1	120850000	120860000	0	0
1	120860000	120870000	0	0
1	120870000	120880000	0	0
1	120880000	120890000	0	0
1	120890000	120900000	0	0
1	120900000	120910000	0	0
1	120910000	120920000	0	0
1	120920000	120930000	0	0
1	120930000	120940000	0	0
1	120940000	120950000	0	0
1	120950000	120960000	0	0
1	120960000	120970000	0	0
1	120970000	120980000	0	0
1	120980000	120990000	0	0
1	120990000	121000000	0	0
1	121000000	121010000	0	0
1	121010000	121020000	0	0
1	121020000	121030000	0	0
1	121030000	121040000	0	0
1	121040000	121050000	0	0
1	121050000	121060000	0	0
1	121060000	121070000	0	0
1	121070000	121080000	0	0
1	121080000	121090000	0	0
1	121090000	121100000	0	0
1	121100000	121110000	0	0
1	121110000	121120000	0	0
1	121120000	121130000	0	0
1	121130000	121140000	0	0
1	121140000	121150000	0	0
1	121150000	121160000	0	0
1	121160000	121170000	0	0
1	121170000	121180000	0	0
1	121180000	121190000	0	0
1	121190000	121200000	0	0
1	121200000	121210000	0	0
1	121210000	121220000	0	0
1	121220000	121230000	0	0
1	121230000	121240000	0	0
1	121240000	121250000	0	0
1	121250000	121260000	0	0
1	121260000	121270000	0	0
1	121270000	121280000	0	0
1	121280000	121290000	0	0
1	121290000	121300000	0	0
1	121300000	121310000	0	0
1	121310000	121320000	0	0
1	121320000	121330000	0	0
1	121330000	121340000	0	0
1	121340000	121350000	0	0
1	121350000	121360000	0	0
1	121360000	121370000	0	0
1	121370000	121380000	0	0
1	121380000	121390000	0	0
1	121390000	121400000	0	0
1	121400000	121410000	0	0
1	121410000	121420000	0	0
1	121420000	121430000	0	0
1	121430000	121440000	0	0
1	121440000	121450000	0	0
1	121450000	121460000	0	0
1	121460000	121470000	0	0
1	121470000	121480000	0	0
1	121480000	121490000	0	0
1	121490000	121500000	0	0
1	121500000	121510000	0	0
1	121510000	121520000	0	0
1	121520000	121530000	0	0
1	121530000	121540000	0	0
1	121540000	121550000	0	0
1	121550000	121560000	0	0
1	121560000	121570000	0	0
1	121570000	121580000	0	0
1	121580000	121590000	0	0
1	121590000	121600000	0	0
1	121600000	121610000	0	0
1	121610000	121620000	0	0
1	121620000	121630000	0	0
1	121630000	121640000	0	0
1	121640000	121650000	0	0
1	121650000	121660000	0	0
1	121660000	121670000	0	0
1	121670000	121680000	0	0
1	121680000	121690000	0	0
1	121690000	121700000	0	0
1	121700000	121710000	0	0
1	121710000	121720000	0	0
1	121720000	121730000	0	0
1	121730000	121740000	0	0
1	121740000	121750000	0	0
1	121750000	121760000	0	0
1	121760000	121770000	0	0
1	121770000	121780000	0	0
1	121780000	121790000	0	0
1	121790000	121800000	0	0
1	121800000	121810000	0	0
1	121810000	121820000	0	0
1	121820000	121830000	0	0
1	121830000	121840000	0	0
1	121840000	121850000	0	0
1	121850000	121860000	0	0
1	121860000	121870000	0	0
1	121870000	121880000	0	0
1	121880000	121890000	0	0
1	121890000	121900000	0	0
1	121900000	121910000	0	0
1	121910000	121920000	0	0
1	121920000	121930000	0	0
1	121930000	121940000	0	0
1	121940000	121950000	0	0
1	121950000	121960000	0	0
1	121960000	121970000	0	0
1	121970000	121980000	0	0
1	121980000	121990000	0	0
1	121990000	122000000	0	0
1	122000000	122010000	0	0
1	122010000	122020000	0	0
1	122020000	122030000	0	0
1	122030000	122040000	0	0
1	122040000	122050000	0	0
1	122050000	122060000	0	0
1	122060000	122070000	0	0
1	122070000	122080000	0	0
1	122080000	122090000	0	0
1	122090000	122100000	0	0
1	122100000	122110000	0	0
1	122110000	122120000	0	0
1	122120000	122130000	0	0
1	122130000	122140000	0	0
1	122140000	122150000	0	0
1	122150000	122160000	0	0
1	122160000	122170000	0	0
1	122170000	122180000	0	0
1	122180000	122190000	0	0
1	122190000	122200000	0	0
1	122200000	122210000	0	0
1	122210000	122220000	0	0
1	122220000	122230000	0	0
1	122230000	122240000	0	0
1	122240000	122250000	0	0
1	122250000	122260000	0	0
1	122260000	122270000	0	0
1	122270000	122280000	0	0
1	122280000	122290000	0	0
1	122290000	122300000	0	0
1	122300000	122310000	0	0
1	122310000	122320000	0	0
1	122320000	122330000	0	0
1	122330000	122340000	0	0
1	122340000	122350000	0	0
1	122350000	122360000	0	0
1	122360000	122370000	0	0
1	122370000	122380000	0	0
1	122380000	122390000	0	0
1	122390000	122400000	0	0
1	122400000	122410000	0	0
1	122410000	122420000	0	0
1	122420000	122430000	0	0
1	122430000	122440000	0	0
1	122440000	122450000	0	0
1	122450000	122460000	0	0
1	122460000	122470000	0	0
1	122470000	122480000	0	0
1	122480000	122490000	0	0
1	122490000	122500000	0	0
1	122500000	122510000	0	0
1	122510000	122520000	0	0
1	122520000	122530000	0	0
1	122530000	122540000	0	0
1	122540000	122550000	0	0
1	122550000	122560000	0	0
1	122560000	122570000	0	0
1	122570000	122580000	0	0
1	122580000	122590000	0	0
1	122590000	122600000	0	0
1	122600000	122610000	0	0
1	122610000	122620000	0	0
1	122620000	122630000	0	0
1	122630000	122640000	0	0
1	122640000	122650000	0	0
1	122650000	122660000	0	0
1	122660000	122670000	0	0
1	122670000	122680000	0	0
1	122680000	122690000	0	0
1	122690000	122700000	0	0
1	122700000	122710000	0	0
1	122710000	122720000	0	0
1	122720000	122730000	0	0
1	122730000	122740000	0	0
1	122740000	122750000	0	0
1	122750000	122760000	0	0
1	122760000	122770000	0	0
1	122770000	122780000	0	0
1	122780000	122790000	0	0
1	122790000	122800000	0	0
1	122800000	122810000	0	0
1	122810000	122820000	0	0
1	122820000	122830000	0	0
1	122830000	122840000	0	0
1	122840000	122850000	0	0
1	122850000	122860000	0	0
1	122860000	122870000	0	0
1	122870000	122880000	0	0
1	122880000	122890000	0	0
1	122890000	122900000	0	0
1	122900000	122910000	0	0
1	122910000	122920000	0	0
1	122920000	122930000	0	0
1	122930000	122940000	0	0
1	122940000	122950000	0	0
1	122950000	122960000	0	0
1	122960000	122970000	0	0
1	122970000	122980000	0	0
1	122980000	122990000	0	0
1	122990000	123000000	0	0
1	123000000	123010000	0	0
1	123010000	123020000	0	0
1	123020000	123030000	0	0
1	123030000	123040000	0	0
1	123040000	123050000	0	0
1	123050000	123060000	0	0
1	123060000	123070000	0	0
1	123070000	123080000	0	0
1	123080000	123090000	0	0
1	123090000	123100000	0	0
1	123100000	123110000	0	0
1	123110000	123120000	0	0
1	123120000	123130000	0	0
1	123130000	123140000	0	0
1	123140000	123150000	0	0
1	123150000	123160000	0	0
1	123160000	123170000	0	0
1	123170000	123180000	0	0
1	123180000	123190000	0	0
1	123190000	123200000	0	0
1	123200000	123210000	0	0
1	123210000	123220000	0	0
1	123220000	123230000	0	0
1	123230000	123240000	0	0
1	123240000	123250000	0	0
1	123250000	123260000	0	0
1	123260000	123270000	0	0
1	123270000	123280000	0	0
1	123280000	123290000	0	0
1	123290000	123300000	0	0
1	123300000	123310000	0	0
1	123310000	123320000	0	0
1	123320000	123330000	0	0
1	123330000	123340000	0	0
1	123340000	123350000	0	0
1	123350000	123360000	0	0
1	123360000	123370000	0	0
1	123370000	123380000	0	0
1	123380000	123390000	0	0
1	123390000	123400000	0	0
1	123400000	123410000	0	0
1	123410000	123420000	0	0
1	123420000	123430000	0	0
1	123430000	123440000	0	0
1	123440000	123450000	0	0
1	123450000	123460000	0	0
1	123460000	123470000	0	0
1	123470000	123480000	0	0
1	123480000	123490000	0	0
1	123490000	123500000	0	0
1	123500000	123510000	0	0
1	123510000	123520000	0	0
1	123520000	123530000	0	0
1	123530000	123540000	0	0
1	123540000	123550000	0	0
1	123550000	123560000	0	0
1	123560000	123570000	0	0
1	123570000	123580000	0	0
1	123580000	123590000	0	0
1	123590000	123600000	0	0
1	123600000	123610000	0	0
1	123610000	123620000	0	0
1	123620000	123630000	0	0
1	123630000	123640000	0	0
1	123640000	123650000	0	0
1	123650000	123660000	0	0
1	123660000	123670000	0	0
1	123670000	123680000	0	0
1	123680000	123690000	0	0
1	123690000	123700000	0	0
1	123700000	123710000	0	0
1	123710000	123720000	0	0
1	123720000	123730000	0	0
1	123730000	123740000	0	0
1	123740000	123750000	0	0
1	123750000	123760000	0	0
1	123760000	123770000	0	0
1	123770000	123780000	0	0
1	123780000	123790000	0	0
1	123790000	123800000	0	0
1	123800000	123810000	0	0
1	123810000	123820000	0	0
1	123820000	123830000	0	0
1	123830000	123840000	0	0
1	123840000	123850000	0	0
1	123850000	123860000	0	0
1	123860000	123870000	0	0
1	123870000	123880000	0	0
1	123880000	123890000	0	0
1	123890000	123900000	0	0
1	123900000	123910000	0	0
1	123910000	123920000	0	0
1	123920000	123930000	0	0
1	123930000	123940000	0	0
1	123940000	123950000	0	0
1	123950000	123960000	0	0
1	123960000	123970000	0	0
1	123970000	123980000	0	0
1	123980000	123990000	0	0
1	123990000	124000000	0	0
1	124000000	124010000	0	0
1	124010000	124020000	0	0
1	124020000	124030000	0	0
1	124030000	124040000	0	0
1	124040000	124050000	0	0
1	124050000	124060000	0	0
1	124060000	124070000	0	0
1	124070000	124080000	0	0
1	124080000	124090000	0	0
1	124090000	124100000	0	0
1	124100000	124110000	0	0
1	124110000	124120000	0	0
1	124120000	124130000	0	0
1	124130000	124140000	0	0
1	124140000	124150000	0	0
1	124150000	124160000	0	0
1	124160000	124170000	0	0
1	124170000	124180000	0	0
1	124180000	124190000	0	0
1	124190000	124200000	0	0
1	124200000	124210000	0	0
1	124210000	124220000	0	0
1	124220000	124230000	0	0
1	124230000	124240000	0	0
1	124240000	124250000	0	0
1	124250000	124260000	0	0
1	124260000	124270000	0	0
1	124270000	124280000	0	0
1	124280000	124290000	0	0
1	124290000	124300000	0	0
1	124300000	124310000	0	0
1	124310000	124320000	0	0
1	124320000	124330000	0	0
1	124330000	124340000	0	0
1	124340000	124350000	0	0
1	124350000	124360000	0	0
1	124360000	124370000	0	0
1	124370000	124380000	0	0
1	124380000	124390000	0	0
1	124390000	124400000	0	0
1	124400000	124410000	0	0
1	124410000	124420000	0	0
1	124420000	124430000	0	0
1	124430000	124440000	0	0
1	124440000	124450000	0	0
1	124450000	124460000	0	0
1	124460000	124470000	0	0
1	124470000	124480000	0	0
1	124480000	124490000	0	0
1	124490000	124500000	0	0
1	124500000	124510000	0	0
1	124510000	124520000	0	0
1	124520000	124530000	0	0
1	124530000	124540000	0	0
1	124540000	124550000	0	0
1	124550000	124560000	0	0
1	124560000	124570000	0	0
1	124570000	124580000	0	0
1	124580000	124590000	0	0
1	124590000	124600000	0	0
1	124600000	124610000	0	0
1	124610000	124620000	0	0
1	124620000	124630000	0	0
1	124630000	124640000	0	0
1	124640000	124650000	0	0
1	124650000	124660000	0	0
1	124660000	124670000	0	0
1	124670000	124680000	0	0
1	124680000	124690000	0	0
1	124690000	124700000	0	0
1	124700000	124710000	0	0
1	124710000	124720000	0	0
1	124720000	124730000	0	0
1	124730000	124740000	0	0
1	124740000	124750000	0	0
1	124750000	124760000	0	0
1	124760000	124770000	0	0
1	124770000	124780000	0	0
1	124780000	124790000	0	0
1	124790000	124800000	0	0
1	124800000	124810000	0	0
1	124810000	124820000	0	0
1	124820000	124830000	0	0
1	124830000	124840000	0	0
1	124840000	124850000	0	0
1	124850000	124860000	0	0
1	124860000	124870000	0	0
1	124870000	124880000	0	0
1	124880000	124890000	0	0
1	124890000	124900000	0	0
1	124900000	124910000	0	0
1	124910000	124920000	0	0
1	124920000	124930000	0	0
1	124930000	124940000	0	0
1	124940000	124950000	0	0
1	124950000	124960000	0	0
1	124960000	124970000	0	0
1	124970000	124980000	0	0
1	124980000	124990000	0	0
1	124990000	125000000	0	0
1	125000000	125010000	0	0
1	125010000	125020000	0	0
1	125020000	125030000	0	0
1	125030000	125040000	0	0
1	125040000	125050000	0	0
1	125050000	125060000	0	0
1	125060000	125070000	0	0
1	125070000	125080000	0	0
1	125080000	125090000	0	0
1	125090000	125100000	0	0
1	125100000	125110000	0	0
1	125110000	125120000	0	0
1	125120000	125130000	0	0
1	125130000	125140000	0	0
1	125140000	125150000	0	0
1	125150000	125160000	0	0
1	125160000	125170000	0	0
1	125170000	125180000	0	0
1	125180000	125190000	0	0
1	125190000	125200000	0	0
1	125200000	125210000	0	0
1	125210000	125220000	0	0
1	125220000	125230000	0	0
1	125230000	125240000	0	0
1	125240000	125250000	0	0
1	125250000	125260000	0	0
1	125260000	125270000	0	0
1	125270000	125280000	0	0
1	125280000	125290000	0	0
1	125290000	125300000	0	0
1	125300000	125310000	0	0
1	125310000	125320000	0	0
1	125320000	125330000	0	0
1	125330000	125340000	0	0
1	125340000	125350000	0	0
1	125350000	125360000	0	0
1	125360000	125370000	0	0
1	125370000	125380000	0	0
1	125380000	125390000	0	0
1	125390000	125400000	0	0
1	125400000	125410000	0	0
1	125410000	125420000	0	0
1	125420000	125430000	0	0
1	125430000	125440000	0	0
1	125440000	125450000	0	0
1	125450000	125460000	0	0
1	125460000	125470000	0	0
1	125470000	125480000	0	0
1	125480000	125490000	0	0
1	125490000	125500000	0	0
1	125500000	125510000	0	0
1	125510000	125520000	0	0
1	125520000	125530000	0	0
1	125530000	125540000	0	0
1	125540000	125550000	0	0
1	125550000	125560000	0	0
1	125560000	125570000	0	0
1	125570000	125580000	0	0
1	125580000	125590000	0	0
1	125590000	125600000	0	0
1	125600000	125610000	0	0
1	125610000	125620000	0	0
1	125620000	125630000	0	0
1	125630000	125640000	0	0
1	125640000	125650000	0	0
1	125650000	125660000	0	0
1	125660000	125670000	0	0
1	125670000	125680000	0	0
1	125680000	125690000	0	0
1	125690000	125700000	0	0
1	125700000	125710000	0	0
1	125710000	125720000	0	0
1	125720000	125730000	0	0
1	125730000	125740000	0	0
1	125740000	125750000	0	0
1	125750000	125760000	0	0
1	125760000	125770000	0	0
1	125770000	125780000	0	0
1	125780000	125790000	0	0
1	125790000	125800000	0	0
1	125800000	125810000	0	0
1	125810000	125820000	0	0
1	125820000	125830000	0	0
1	125830000	125840000	0	0
1	125840000	125850000	0	0
1	125850000	125860000	0	0
1	125860000	125870000	0	0
1	125870000	125880000	0	0
1	125880000	125890000	0	0
1	125890000	125900000	0	0
1	125900000	125910000	0	0
1	125910000	125920000	0	0
1	125920000	125930000	0	0
1	125930000	125940000	0	0
1	125940000	125950000	0	0
1	125950000	125960000	0	0
1	125960000	125970000	0	0
1	125970000	125980000	0	0
1	125980000	125990000	0	0
1	125990000	126000000	0	0
1	126000000	126010000	0	0
1	126010000	126020000	0	0
1	126020000	126030000	0	0
1	126030000	126040000	0	0
1	126040000	126050000	0	0
1	126050000	126060000	0	0
1	126060000	126070000	0	0
1	126070000	126080000	0	0
1	126080000	126090000	0	0
1	126090000	126100000	0	0
1	126100000	126110000	0	0
1	126110000	126120000	0	0
1	126120000	126130000	0	0
1	126130000	126140000	0	0
1	126140000	126150000	0	0
1	126150000	126160000	0	0
1	126160000	126170000	0	0
1	126170000	126180000	0	0
1	126180000	126190000	0	0
1	126190000	126200000	0	0
1	126200000	126210000	0	0
1	126210000	126220000	0	0
1	126220000	126230000	0	0
1	126230000	126240000	0	0
1	126240000	126250000	0	0
1	126250000	126260000	0	0
1	126260000	126270000	0	0
1	126270000	126280000	0	0
1	126280000	126290000	0	0
1	126290000	126300000	0	0
1	126300000	126310000	0	0
1	126310000	126320000	0	0
1	126320000	126330000	0	0
1	126330000	126340000	0	0
1	126340000	126350000	0	0
1	126350000	126360000	0	0
1	126360000	126370000	0	0
1	126370000	126380000	0	0
1	126380000	126390000	0	0
1	126390000	126400000	0	0
1	126400000	126410000	0	0
1	126410000	126420000	0	0
1	126420000	126430000	0	0
1	126430000	126440000	0	0
1	126440000	126450000	0	0
1	126450000	126460000	0	0
1	126460000	126470000	0	0
1	126470000	126480000	0	0
1	126480000	126490000	0	0
1	126490000	126500000	0	0
1	126500000	126510000	0	0
1	126510000	126520000	0	0
1	126520000	126530000	0	0
1	126530000	126540000	0	0
1	126540000	126550000	0	0
1	126550000	126560000	0	0
1	126560000	126570000	0	0
1	126570000	126580000	0	0
1	126580000	126590000	0	0
1	126590000	126600000	0	0
1	126600000	126610000	0	0
1	126610000	126620000	0	0
1	126620000	126630000	0	0
1	126630000	126640000	0	0
1	126640000	126650000	0	0
1	126650000	126660000	0	0
1	126660000	126670000	0	0
1	126670000	126680000	0	0
1	126680000	126690000	0	0
1	126690000	126700000	0	0
1	126700000	126710000	0	0
1	126710000	126720000	0	0
1	126720000	126730000	0	0
1	126730000	126740000	0	0
1	126740000	126750000	0	0
1	126750000	126760000	0	0
1	126760000	126770000	0	0
1	126770000	126780000	0	0
1	126780000	126790000	0	0
1	126790000	126800000	0	0
1	126800000	126810000	0	0
1	126810000	126820000	0	0
1	126820000	126830000	0	0
1	126830000	126840000	0	0
1	126840000	126850000	0	0
1	126850000	126860000	0	0
1	126860000	126870000	0	0
1	126870000	126880000	0	0
1	126880000	126890000	0	0
1	126890000	126900000	0	0
1	126900000	126910000	0	0
1	126910000	126920000	0	0
1	126920000	126930000	0	0
1	126930000	126940000	0	0
1	126940000	126950000	0	0
1	126950000	126960000	0	0
1	126960000	126970000	0	0
1	126970000	126980000	0	0
1	126980000	126990000	0	0
1	126990000	127000000	0	0
1	127000000	127010000	0	0
1	127010000	127020000	0	0
1	127020000	127030000	0	0
1	127030000	127040000	0	0
1	127040000	127050000	0	0
1	127050000	127060000	0	0
1	127060000	127070000	0	0
1	127070000	127080000	0	0
1	127080000	127090000	0	0
1	127090000	127100000	0	0
1	127100000	127110000	0	0
1	127110000	127120000	0	0
1	127120000	127130000	0	0
1	127130000	127140000	0	0
1	127140000	127150000	0	0
1	127150000	127160000	0	0
1	127160000	127170000	0	0
1	127170000	127180000	0	0
1	127180000	127190000	0	0
1	127190000	127200000	0	0
1	127200000	127210000	0	0
1	127210000	127220000	0	0
1	127220000	127230000	0	0
1	127230000	127240000	0	0
1	127240000	127250000	0	0
1	127250000	127260000	0	0
1	127260000	127270000	0	0
1	127270000	127280000	0	0
1	127280000	127290000	0	0
1	127290000	127300000	0	0
1	127300000	127310000	0	0
1	127310000	127320000	0	0
1	127320000	127330000	0	0
1	127330000	127340000	0	0
1	127340000	127350000	0	0
1	127350000	127360000	0	0
1	127360000	127370000	0	0
1	127370000	127380000	0	0
1	127380000	127390000	0	0
1	127390000	127400000	0	0
1	127400000	127410000	0	0
1	127410000	127420000	0	0
1	127420000	127430000	0	0
1	127430000	127440000	0	0
1	127440000	127450000	0	0
1	127450000	127460000	0	0
1	127460000	127470000	0	0
1	127470000	127480000	0	0
1	127480000	127490000	0	0
1	127490000	127500000	0	0
1	127500000	127510000	0	0
1	127510000	127520000	0	0
1	127520000	127530000	0	0
1	127530000	127540000	0	0
1	127540000	127550000	0	0
1	127550000	127560000	0	0
1	127560000	127570000	0	0
1	127570000	127580000	0	0
1	127580000	127590000	0	0
1	127590000	127600000	0	0
1	127600000	127610000	0	0
1	127610000	127620000	0	0
1	127620000	127630000	0	0
1	127630000	127640000	0	0
1	127640000	127650000	0	0
1	127650000	127660000	0	0
1	127660000	127670000	0	0
1	127670000	127680000	0	0
1	127680000	127690000	0	0
1	127690000	127700000	0	0
1	127700000	127710000	0	0
1	127710000	127720000	0	0
1	127720000	127730000	0	0
1	127730000	127740000	0	0
1	127740000	127750000	0	0
1	127750000	127760000	0	0
1	127760000	127770000	0	0
1	127770000	127780000	0	0
1	127780000	127790000	0	0
1	127790000	127800000	0	0
1	127800000	127810000	0	0
1	127810000	127820000	0	0
1	127820000	127830000	0	0
1	127830000	127840000	0	0
1	127840000	127850000	0	0
1	127850000	127860000	0	0
1	127860000	127870000	0	0
1	127870000	127880000	0	0
1	127880000	127890000	0	0
1	127890000	127900000	0	0
1	127900000	127910000	0	0
1	127910000	127920000	0	0
1	127920000	127930000	0	0
1	127930000	127940000	0	0
1	127940000	127950000	0	0
1	127950000	127960000	0	0
1	127960000	127970000	0	0
1	127970000	127980000	0	0
1	127980000	127990000	0	0
1	127990000	128000000	0	0
1	128000000	128010000	0	0
1	128010000	128020000	0	0
1	128020000	128030000	0	0
1	128030000	128040000	0	0
1	128040000	128050000	0	0
1	128050000	128060000	0	0
1	128060000	128070000	0	0
1	128070000	128080000	0	0
1	128080000	128090000	0	0
1	128090000	128100000	0	0
1	128100000	128110000	0	0
1	128110000	128120000	0	0
1	128120000	128130000	0	0
1	128130000	128140000	0	0
1	128140000	128150000	0	0
1	128150000	128160000	0	0
1	128160000	128170000	0	0
1	128170000	128180000	0	0
1	128180000	128190000	0	0
1	128190000	128200000	0	0
1	128200000	128210000	0	0
1	128210000	128220000	0	0
1	128220000	128230000	0	0
1	128230000	128240000	0	0
1	128240000	128250000	0	0
1	128250000	128260000	0	0
1	128260000	128270000	0	0
1	128270000	128280000	0	0
1	128280000	128290000	0	0
1	128290000	128300000	0	0
1	128300000	128310000	0	0
1	128310000	128320000	0	0
1	128320000	128330000	0	0
1	128330000	128340000	0	0
1	128340000	128350000	0	0
1	128350000	128360000	0	0
1	128360000	128370000	0	0
1	128370000	128380000	0	0
1	128380000	128390000	0	0
1	128390000	128400000	0	0
1	128400000	128410000	0	0
1	128410000	128420000	0	0
1	128420000	128430000	0	0
1	128430000	128440000	0	0
1	128440000	128450000	0	0
1	128450000	128460000	0	0
1	128460000	128470000	0	0
1	128470000	128480000	0	0
1	128480000	128490000	0	0
1	128490000	128500000	0	0
1	128500000	128510000	0	0
1	128510000	128520000	0	0
1	128520000	128530000	0	0
1	128530000	128540000	0	0
1	128540000	128550000	0	0
1	128550000	128560000	0	0
1	128560000	128570000	0	0
1	128570000	128580000	0	0
1	128580000	128590000	0	0
1	128590000	128600000	0	0
1	128600000	128610000	0	0
1	128610000	128620000	0	0
1	128620000	128630000	0	0
1	128630000	128640000	0	0
1	128640000	128650000	0	0
1	128650000	128660000	0	0
1	128660000	128670000	0	0
1	128670000	128680000	0	0
1	128680000	128690000	0	0
1	128690000	128700000	0	0
1	128700000	128710000	0	0
1	128710000	128720000	0	0
1	128720000	128730000	0	0
1	128730000	128740000	0	0
1	128740000	128750000	0	0
1	128750000	128760000	0	0
1	128760000	128770000	0	0
1	128770000	128780000	0	0
1	128780000	128790000	0	0
1	128790000	128800000	0	0
1	128800000	128810000	0	0
1	128810000	128820000	0	0
1	128820000	128830000	0	0
1	128830000	128840000	0	0
1	128840000	128850000	0	0
1	128850000	128860000	0	0
1	128860000	128870000	0	0
1	128870000	128880000	0	0
1	128880000	128890000	0	0
1	128890000	128900000	0	0
1	128900000	128910000	0	0
1	128910000	128920000	0	0
1	128920000	128930000	0	0
1	128930000	128940000	0	0
1	128940000	128950000	0	0
1	128950000	128960000	0	0
1	128960000	128970000	0	0
1	128970000	128980000	0	0
1	128980000	128990000	0	0
1	128990000	129000000	0	0
1	129000000	129010000	0	0
1	129010000	129020000	0	0
1	129020000	129030000	0	0
1	129030000	129040000	0	0
1	129040000	129050000	0	0
1	129050000	129060000	0	0
1	129060000	129070000	0	0
1	129070000	129080000	0	0
1	129080000	129090000	0	0
1	129090000	129100000	0	0
1	129100000	129110000	0	0
1	129110000	129120000	0	0
1	129120000	129130000	0	0
1	129130000	129140000	0	0
1	129140000	129150000	0	0
1	129150000	129160000	0	0
1	129160000	129170000	0	0
1	129170000	129180000	0	0
1	129180000	129190000	0	0
1	129190000	129200000	0	0
1	129200000	129210000	0	0
1	129210000	129220000	0	0
1	129220000	129230000	0	0
1	129230000	129240000	0	0
1	129240000	129250000	0	0
1	129250000	129260000	0	0
1	129260000	129270000	0	0
1	129270000	129280000	0	0
1	129280000	129290000	0	0
1	129290000	129300000	0	0
1	129300000	129310000	0	0
1	129310000	129320000	0	0
1	129320000	129330000	0	0
1	129330000	129340000	0	0
1	129340000	129350000	0	0
1	129350000	129360000	0	0
1	129360000	129370000	0	0
1	129370000	129380000	0	0
1	129380000	129390000	0	0
1	129390000	129400000	0	0
1	129400000	129410000	0	0
1	129410000	129420000	0	0
1	129420000	129430000	0	0
1	129430000	129440000	0	0
1	129440000	129450000	0	0
1	129450000	129460000	0	0
1	129460000	129470000	0	0
1	129470000	129480000	0	0
1	129480000	129490000	0	0
1	129490000	129500000	0	0
1	129500000	129510000	0	0
1	129510000	129520000	0	0
1	129520000	129530000	0	0
1	129530000	129540000	0	0
1	129540000	129550000	0	0
1	129550000	129560000	0	0
1	129560000	129570000	0	0
1	129570000	129580000	0	0
1	129580000	129590000	0	0
1	129590000	129600000	0	0
1	129600000	129610000	0	0
1	129610000	129620000	0	0
1	129620000	129630000	0	0
1	129630000	129640000	0	0
1	129640000	129650000	0	0
1	129650000	129660000	0	0
1	129660000	129670000	0	0
1	129670000	129680000	0	0
1	129680000	129690000	0	0
1	129690000	129700000	0	0
1	129700000	129710000	0	0
1	129710000	129720000	0	0
1	129720000	129730000	0	0
1	129730000	129740000	0	0
1	129740000	129750000	0	0
1	129750000	129760000	0	0
1	129760000	129770000	0	0
1	129770000	129780000	0	0
1	129780000	129790000	0	0
1	129790000	129800000	0	0
1	129800000	129810000	0	0
1	129810000	129820000	0	0
1	129820000	129830000	0	0
1	129830000	129840000	0	0
1	129840000	129850000	0	0
1	129850000	129860000	0	0
1	129860000	129870000	0	0
1	129870000	129880000	0	0
1	129880000	129890000	0	0
1	129890000	129900000	0	0
1	129900000	129910000	0	0
1	129910000	129920000	0	0
1	129920000	129930000	0	0
1	129930000	129940000	0	0
1	129940000	129950000	0	0
1	129950000	129960000	0	0
1	129960000	129970000	0	0
1	129970000	129980000	0	0
1	129980000	129990000	0	0
1	129990000	130000000	0	0
1	130000000	130010000	0	0
1	130010000	130020000	0	0
1	130020000	130030000	0	0
1	130030000	130040000	0	0
1	130040000	130050000	0	0
1	130050000	130060000	0	0
1	130060000	130070000	0	0
1	130070000	130080000	0	0
1	130080000	130090000	0	0
1	130090000	130100000	0	0
1	130100000	130110000	0	0
1	130110000	130120000	0	0
1	130120000	130130000	0	0
1	130130000	130140000	0	0
1	130140000	130150000	0	0
1	130150000	130160000	0	0
1	130160000	130170000	0	0
1	130170000	130180000	0	0
1	130180000	130190000	0	0
1	130190000	130200000	0	0
1	130200000	130210000	0	0
1	130210000	130220000	0	0
1	130220000	130230000	0	0
1	130230000	130240000	0	0
1	130240000	130250000	0	0
1	130250000	130260000	0	0
1	130260000	130270000	0	0
1	130270000	130280000	0	0
1	130280000	130290000	0	0
1	130290000	130300000	0	0
1	130300000	130310000	0	0
1	130310000	130320000	0	0
1	130320000	130330000	0	0
1	130330000	130340000	0	0
1	130340000	130350000	0	0
1	130350000	130360000	0	0
1	130360000	130370000	0	0
1	130370000	130380000	0	0
1	130380000	130390000	0	0
1	130390000	130400000	0	0
1	130400000	130410000	0	0
1	130410000	130420000	0	0
1	130420000	130430000	0	0
1	130430000	130440000	0	0
1	130440000	130450000	0	0
1	130450000	130460000	0	0
1	130460000	130470000	0	0
1	130470000	130480000	0	0
1	130480000	130490000	0	0
1	130490000	130500000	0	0
1	130500000	130510000	0	0
1	130510000	130520000	0	0
1	130520000	130530000	0	0
1	130530000	130540000	0	0
1	130540000	130550000	0	0
1	130550000	130560000	0	0
1	130560000	130570000	0	0
1	130570000	130580000	0	0
1	130580000	130590000	0	0
1	130590000	130600000	0	0
1	130600000	130610000	0	0
1	130610000	130620000	0	0
1	130620000	130630000	0	0
1	130630000	130640000	0	0
1	130640000	130650000	0	0
1	130650000	130660000	0	0
1	130660000	130670000	0	0
1	130670000	130680000	0	0
1	130680000	130690000	0	0
1	130690000	130700000	0	0
1	130700000	130710000	0	0
1	130710000	130720000	0	0
1	130720000	130730000	0	0
1	130730000	130740000	0	0
1	130740000	130750000	0	0
1	130750000	130760000	0	0
1	130760000	130770000	0	0
1	130770000	130780000	0	0
1	130780000	130790000	0	0
1	130790000	130800000	0	0
1	130800000	130810000	0	0
1	130810000	130820000	0	0
1	130820000	130830000	0	0
1	130830000	130840000	0	0
1	130840000	130850000	0	0
1	130850000	130860000	0	0
1	130860000	130870000	0	0
1	130870000	130880000	0	0
1	130880000	130890000	0	0
1	130890000	130900000	0	0
1	130900000	130910000	0	0
1	130910000	130920000	0	0
1	130920000	130930000	0	0
1	130930000	130940000	0	0
1	130940000	130950000	0	0
1	130950000	130960000	0	0
1	130960000	130970000	0	0
1	130970000	130980000	0	0
1	130980000	130990000	0	0
1	130990000	131000000	0	0
1	131000000	131010000	0	0
1	131010000	131020000	0	0
1	131020000	131030000	0	0
1	131030000	131040000	0	0
1	131040000	131050000	0	0
1	131050000	131060000	0	0
1	131060000	131070000	0	0
1	131070000	131080000	0	0
1	131080000	131090000	0	0
1	131090000	131100000	0	0
1	131100000	131110000	0	0
1	131110000	131120000	0	0
1	131120000	131130000	0	0
1	131130000	131140000	0	0
1	131140000	131150000	0	0
1	131150000	131160000	0	0
1	131160000	131170000	0	0
1	131170000	131180000	0	0
1	131180000	131190000	0	0
1	131190000	131200000	0	0
1	131200000	131210000	0	0
1	131210000	131220000	0	0
1	131220000	131230000	0	0
1	131230000	131240000	0	0
1	131240000	131250000	0	0
1	131250000	131260000	0	0
1	131260000	131270000	0	0
1	131270000	131280000	0	0
1	131280000	131290000	0	0
1	131290000	131300000	0	0
1	131300000	131310000	0	0
1	131310000	131320000	0	0
1	131320000	131330000	0	0
1	131330000	131340000	0	0
1	131340000	131350000	0	0
1	131350000	131360000	0	0
1	131360000	131370000	0	0
1	131370000	131380000	0	0
1	131380000	131390000	0	0
1	131390000	131400000	0	0
1	131400000	131410000	0	0
1	131410000	131420000	0	0
1	131420000	131430000	0	0
1	131430000	131440000	0	0
1	131440000	131450000	0	0
1	131450000	131460000	0	0
1	131460000	131470000	0	0
1	131470000	131480000	0	0
1	131480000	131490000	0	0
1	131490000	131500000	0	0
1	131500000	131510000	0	0
1	131510000	131520000	0	0
1	131520000	131530000	0	0
1	131530000	131540000	0	0
1	131540000	131550000	0	0
1	131550000	131560000	0	0
1	131560000	131570000	0	0
1	131570000	131580000	0	0
1	131580000	131590000	0	0
1	131590000	131600000	0	0
1	131600000	131610000	0	0
1	131610000	131620000	0	0
1	131620000	131630000	0	0
1	131630000	131640000	0	0
1	131640000	131650000	0	0
1	131650000	131660000	0	0
1	131660000	131670000	0	0
1	131670000	131680000	0	0
1	131680000	131690000	0	0
1	131690000	131700000	0	0
1	131700000	131710000	0	0
1	131710000	131720000	0	0
1	131720000	131730000	0	0
1	131730000	131740000	0	0
1	131740000	131750000	0	0
1	131750000	131760000	0	0
1	131760000	131770000	0	0
1	131770000	131780000	0	0
1	131780000	131790000	0	0
1	131790000	131800000	0	0
1	131800000	131810000	0	0
1	131810000	131820000	0	0
1	131820000	131830000	0	0
1	131830000	131840000	0	0
1	131840000	131850000	0	0
1	131850000	131860000	0	0
1	131860000	131870000	0	0
1	131870000	131880000	0	0
1	131880000	131890000	0	0
1	131890000	131900000	0	0
1	131900000	131910000	0	0
1	131910000	131920000	0	0
1	131920000	131930000	0	0
1	131930000	131940000	0	0
1	131940000	131950000	0	0
1	131950000	131960000	0	0
1	131960000	131970000	0	0
1	131970000	131980000	0	0
1	131980000	131990000	0	0
1	131990000	132000000	0	0
1	132000000	132010000	0	0
1	132010000	132020000	0	0
1	132020000	132030000	0	0
1	132030000	132040000	0	0
1	132040000	132050000	0	0
1	132050000	132060000	0	0
1	132060000	132070000	0	0
1	132070000	132080000	0	0
1	132080000	132090000	0	0
1	132090000	132100000	0	0
1	132100000	132110000	0	0
1	132110000	132120000	0	0
1	132120000	132130000	0	0
1	132130000	132140000	0	0
1	132140000	132150000	0	0
1	132150000	132160000	0	0
1	132160000	132170000	0	0
1	132170000	132180000	0	0
1	132180000	132190000	0	0
1	132190000	132200000	0	0
1	132200000	132210000	0	0
1	132210000	132220000	0	0
1	132220000	132230000	0	0
1	132230000	132240000	0	0
1	132240000	132250000	0	0
1	132250000	132260000	0	0
1	132260000	132270000	0	0
1	132270000	132280000	0	0
1	132280000	132290000	0	0
1	132290000	132300000	0	0
1	132300000	132310000	0	0
1	132310000	132320000	0	0
1	132320000	132330000	0	0
1	132330000	132340000	0	0
1	132340000	132350000	0	0
1	132350000	132360000	0	0
1	132360000	132370000	0	0
1	132370000	132380000	0	0
1	132380000	132390000	0	0
1	132390000	132400000	0	0
1	132400000	132410000	0	0
1	132410000	132420000	0	0
1	132420000	132430000	0	0
1	132430000	132440000	0	0
1	132440000	132450000	0	0
1	132450000	132460000	0	0
1	132460000	132470000	0	0
1	132470000	132480000	0	0
1	132480000	132490000	0	0
1	132490000	132500000	0	0
1	132500000	132510000	0	0
1	132510000	132520000	0	0
1	132520000	132530000	0	0
1	132530000	132540000	0	0
1	132540000	132550000	0	0
1	132550000	132560000	0	0
1	132560000	132570000	0	0
1	132570000	132580000	0	0
1	132580000	132590000	0	0
1	132590000	132600000	0	0
1	132600000	132610000	0	0
1	132610000	132620000	0	0
1	132620000	132630000	0	0
1	132630000	132640000	0	0
1	132640000	132650000	0	0
1	132650000	132660000	0	0
1	132660000	132670000	0	0
1	132670000	132680000	0	0
1	132680000	132690000	0	0
1	132690000	132700000	0	0
1	132700000	132710000	0	0
1	132710000	132720000	0	0
1	132720000	132730000	0	0
1	132730000	132740000	0	0
1	132740000	132750000	0	0
1	132750000	132760000	0	0
1	132760000	132770000	0	0
1	132770000	132780000	0	0
1	132780000	132790000	0	0
1	132790000	132800000	0	0
1	132800000	132810000	0	0
1	132810000	132820000	0	0
1	132820000	132830000	0	0
1	132830000	132840000	0	0
1	132840000	132850000	0	0
1	132850000	132860000	0	0
1	132860000	132870000	0	0
1	132870000	132880000	0	0
1	132880000	132890000	0	0
1	132890000	132900000	0	0
1	132900000	132910000	0	0
1	132910000	132920000	0	0
1	132920000	132930000	0	0
1	132930000	132940000	0	0
1	132940000	132950000	0	0
1	132950000	132960000	0	0
1	132960000	132970000	0	0
1	132970000	132980000	0	0
1	132980000	132990000	0	0
1	132990000	133000000	0	0
1	133000000	133010000	0	0
1	133010000	133020000	0	0
1	133020000	133030000	0	0
1	133030000	133040000	0	0
1	133040000	133050000	0	0
1	133050000	133060000	0	0
1	133060000	133070000	0	0
1	133070000	133080000	0	0
1	133080000	133090000	0	0
1	133090000	133100000	0	0
1	133100000	133110000	0	0
1	133110000	133120000	0	0
1	133120000	133130000	0	0
1	133130000	133140000	0	0
1	133140000	133150000	0	0
1	133150000	133160000	0	0
1	133160000	133170000	0	0
1	133170000	133180000	0	0
1	133180000	133190000	0	0
1	133190000	133200000	0	0
1	133200000	133210000	0	0
1	133210000	133220000	0	0
1	133220000	133230000	0	0
1	133230000	133240000	0	0
1	133240000	133250000	0	0
1	133250000	133260000	0	0
1	133260000	133270000	0	0
1	133270000	133280000	0	0
1	133280000	133290000	0	0
1	133290000	133300000	0	0
1	133300000	133310000	0	0
1	133310000	133320000	0	0
1	133320000	133330000	0	0
1	133330000	133340000	0	0
1	133340000	133350000	0	0
1	133350000	133360000	0	0
1	133360000	133370000	0	0
1	133370000	133380000	0	0
1	133380000	133390000	0	0
1	133390000	133400000	0	0
1	133400000	133410000	0	0
1	133410000	133420000	0	0
1	133420000	133430000	0	0
1	133430000	133440000	0	0
1	133440000	133450000	0	0
1	133450000	133460000	0	0
1	133460000	133470000	0	0
1	133470000	133480000	0	0
1	133480000	133490000	0	0
1	133490000	133500000	0	0
1	133500000	133510000	0	0
1	133510000	133520000	0	0
1	133520000	133530000	0	0
1	133530000	133540000	0	0
1	133540000	133550000	0	0
1	133550000	133560000	0	0
1	133560000	133570000	0	0
1	133570000	133580000	0	0
1	133580000	133590000	0	0
1	133590000	133600000	0	0
1	133600000	133610000	0	0
1	133610000	133620000	0	0
1	133620000	133630000	0	0
1	133630000	133640000	0	0
1	133640000	133650000	0	0
1	133650000	133660000	0	0
1	133660000	133670000	0	0
1	133670000	133680000	0	0
1	133680000	133690000	0	0
1	133690000	133700000	0	0
1	133700000	133710000	0	0
1	133710000	133720000	0	0
1	133720000	133730000	0	0
1	133730000	133740000	0	0
1	133740000	133750000	0	0
1	133750000	133760000	0	0
1	133760000	133770000	0	0
1	133770000	133780000	0	0
1	133780000	133790000	0	0
1	133790000	133800000	0	0
1	133800000	133810000	0	0
1	133810000	133820000	0	0
1	133820000	133830000	0	0
1	133830000	133840000	0	0
1	133840000	133850000	0	0
1	133850000	133860000	0	0
1	133860000	133870000	0	0
1	133870000	133880000	0	0
1	133880000	133890000	0	0
1	133890000	133900000	0	0
1	133900000	133910000	0	0
1	133910000	133920000	0	0
1	133920000	133930000	0	0
1	133930000	133940000	0	0
1	133940000	133950000	0	0
1	133950000	133960000	0	0
1	133960000	133970000	0	0
1	133970000	133980000	0	0
1	133980000	133990000	0	0
1	133990000	134000000	0	0
1	134000000	134010000	0	0
1	134010000	134020000	0	0
1	134020000	134030000	0	0
1	134030000	134040000	0	0
1	134040000	134050000	0	0
1	134050000	134060000	0	0
1	134060000	134070000	0	0
1	134070000	134080000	0	0
1	134080000	134090000	0	0
1	134090000	134100000	0	0
1	134100000	134110000	0	0
1	134110000	134120000	0	0
1	134120000	134130000	0	0
1	134130000	134140000	0	0
1	134140000	134150000	0	0
1	134150000	134160000	0	0
1	134160000	134170000	0	0
1	134170000	134180000	0	0
1	134180000	134190000	0	0
1	134190000	134200000	0	0
1	134200000	134210000	0	0
1	134210000	134220000	0	0
1	134220000	134230000	0	0
1	134230000	134240000	0	0
1	134240000	134250000	0	0
1	134250000	134260000	0	0
1	134260000	134270000	0	0
1	134270000	134280000	0	0
1	134280000	134290000	0	0
1	134290000	134300000	0	0
1	134300000	134310000	0	0
1	134310000	134320000	0	0
1	134320000	134330000	0	0
1	134330000	134340000	0	0
1	134340000	134350000	0	0
1	134350000	134360000	0	0
1	134360000	134370000	0	0
1	134370000	134380000	0	0
1	134380000	134390000	0	0
1	134390000	134400000	0	0
1	134400000	134410000	0	0
1	134410000	134420000	0	0
1	134420000	134430000	0	0
1	134430000	134440000	0	0
1	134440000	134450000	0	0
1	134450000	134460000	0	0
1	134460000	134470000	0	0
1	134470000	134480000	0	0
1	134480000	134490000	0	0
1	134490000	134500000	0	0
1	134500000	134510000	0	0
1	134510000	134520000	0	0
1	134520000	134530000	0	0
1	134530000	134540000	0	0
1	134540000	134550000	0	0
1	134550000	134560000	0	0
1	134560000	134570000	0	0
1	134570000	134580000	0	0
1	134580000	134590000	0	0
1	134590000	134600000	0	0
1	134600000	134610000	0	0
1	134610000	134620000	0	0
1	134620000	134630000	0	0
1	134630000	134640000	0	0
1	134640000	134650000	0	0
1	134650000	134660000	0	0
1	134660000	134670000	0	0
1	134670000	134680000	0	0
1	134680000	134690000	0	0
1	134690000	134700000	0	0
1	134700000	134710000	0	0
1	134710000	134720000	0	0
1	134720000	134730000	0	0
1	134730000	134740000	0	0
1	134740000	134750000	0	0
1	134750000	134760000	0	0
1	134760000	134770000	0	0
1	134770000	134780000	0	0
1	134780000	134790000	0	0
1	134790000	134800000	0	0
1	134800000	134810000	0	0
1	134810000	134820000	0	0
1	134820000	134830000	0	0
1	134830000	134840000	0	0
1	134840000	134850000	0	0
1	134850000	134860000	0	0
1	134860000	134870000	0	0
1	134870000	134880000	0	0
1	134880000	134890000	0	0
1	134890000	134900000	0	0
1	134900000	134910000	0	0
1	134910000	134920000	0	0
1	134920000	134930000	0	0
1	134930000	134940000	0	0
1	134940000	134950000	0	0
1	134950000	134960000	0	0
1	134960000	134970000	0	0
1	134970000	134980000	0	0
1	134980000	134990000	0	0
1	134990000	135000000	0	0
1	135000000	135010000	0	0
1	135010000	135020000	0	0
1	135020000	135030000	0	0
1	135030000	135040000	0	0
1	135040000	135050000	0	0
1	135050000	135060000	0	0
1	135060000	135070000	0	0
1	135070000	135080000	0	0
1	135080000	135090000	0	0
1	135090000	135100000	0	0
1	135100000	135110000	0	0
1	135110000	135120000	0	0
1	135120000	135130000	0	0
1	135130000	135140000	0	0
1	135140000	135150000	0	0
1	135150000	135160000	0	0
1	135160000	135170000	0	0
1	135170000	135180000	0	0
1	135180000	135190000	0	0
1	135190000	135200000	0	0
1	135200000	135210000	0	0
1	135210000	135220000	0	0
1	135220000	135230000	0	0
1	135230000	135240000	0	0
1	135240000	135250000	0	0
1	135250000	135260000	0	0
1	135260000	135270000	0	0
1	135270000	135280000	0	0
1	135280000	135290000	0	0
1	135290000	135300000	0	0
1	135300000	135310000	0	0
1	135310000	135320000	0	0
1	135320000	135330000	0	0
1	135330000	135340000	0	0
1	135340000	135350000	0	0
1	135350000	135360000	0	0
1	135360000	135370000	0	0
1	135370000	135380000	0	0
1	135380000	135390000	0	0
1	135390000	135400000	0	0
1	135400000	135410000	0	0
1	135410000	135420000	0	0
1	135420000	135430000	0	0
1	135430000	135440000	0	0
1	135440000	135450000	0	0
1	135450000	135460000	0	0
1	135460000	135470000	0	0
1	135470000	135480000	0	0
1	135480000	135490000	0	0
1	135490000	135500000	0	0
1	135500000	135510000	0	0
1	135510000	135520000	0	0
1	135520000	135530000	0	0
1	135530000	135540000	0	0
1	135540000	135550000	0	0
1	135550000	135560000	0	0
1	135560000	135570000	0	0
1	135570000	135580000	0	0
1	135580000	135590000	0	0
1	135590000	135600000	0	0
1	135600000	135610000	0	0
1	135610000	135620000	0	0
1	135620000	135630000	0	0
1	135630000	135640000	0	0
1	135640000	135650000	0	0
1	135650000	135660000	0	0
1	135660000	135670000	0	0
1	135670000	135680000	0	0
1	135680000	135690000	0	0
1	135690000	135700000	0	0
1	135700000	135710000	0	0
1	135710000	135720000	0	0
1	135720000	135730000	0	0
1	135730000	135740000	0	0
1	135740000	135750000	0	0
1	135750000	135760000	0	0
1	135760000	135770000	0	0
1	135770000	135780000	0	0
1	135780000	135790000	0	0
1	135790000	135800000	0	0
1	135800000	135810000	0	0
1	135810000	135820000	0	0
1	135820000	135830000	0	0
1	135830000	135840000	0	0
1	135840000	135850000	0	0
1	135850000	135860000	0	0
1	135860000	135870000	0	0
1	135870000	135880000	0	0
1	135880000	135890000	0	0
1	135890000	135900000	0	0
1	135900000	135910000	0	0
1	135910000	135920000	0	0
1	135920000	135930000	0	0
1	135930000	135940000	0	0
1	135940000	135950000	0	0
1	135950000	135960000	0	0
1	135960000	135970000	0	0
1	135970000	135980000	0	0
1	135980000	135990000	0	0
1	135990000	136000000	0	0
1	136000000	136010000	0	0
1	136010000	136020000	0	0
1	136020000	136030000	0	0
1	136030000	136040000	0	0
1	136040000	136050000	0	0
1	136050000	136060000	0	0
1	136060000	136070000	0	0
1	136070000	136080000	0	0
1	136080000	136090000	0	0
1	136090000	136100000	0	0
1	136100000	136110000	0	0
1	136110000	136120000	0	0
1	136120000	136130000	0	0
1	136130000	136140000	0	0
1	136140000	136150000	0	0
1	136150000	136160000	0	0
1	136160000	136170000	0	0
1	136170000	136180000	0	0
1	136180000	136190000	0	0
1	136190000	136200000	0	0
1	136200000	136210000	0	0
1	136210000	136220000	0	0
1	136220000	136230000	0	0
1	136230000	136240000	0	0
1	136240000	136250000	0	0
1	136250000	136260000	0	0
1	136260000	136270000	0	0
1	136270000	136280000	0	0
1	136280000	136290000	0	0
1	136290000	136300000	0	0
1	136300000	136310000	0	0
1	136310000	136320000	0	0
1	136320000	136330000	0	0
1	136330000	136340000	0	0
1	136340000	136350000	0	0
1	136350000	136360000	0	0
1	136360000	136370000	0	0
1	136370000	136380000	0	0
1	136380000	136390000	0	0
1	136390000	136400000	0	0
1	136400000	136410000	0	0
1	136410000	136420000	0	0
1	136420000	136430000	0	0
1	136430000	136440000	0	0
1	136440000	136450000	0	0
1	136450000	136460000	0	0
1	136460000	136470000	0	0
1	136470000	136480000	0	0
1	136480000	136490000	0	0
1	136490000	136500000	0	0
1	136500000	136510000	0	0
1	136510000	136520000	0	0
1	136520000	136530000	0	0
1	136530000	136540000	0	0
1	136540000	136550000	0	0
1	136550000	136560000	0	0
1	136560000	136570000	0	0
1	136570000	136580000	0	0
1	136580000	136590000	0	0
1	136590000	136600000	0	0
1	136600000	136610000	0	0
1	136610000	136620000	0	0
1	136620000	136630000	0	0
1	136630000	136640000	0	0
1	136640000	136650000	0	0
1	136650000	136660000	0	0
1	136660000	136670000	0	0
1	136670000	136680000	0	0
1	136680000	136690000	0	0
1	136690000	136700000	0	0
1	136700000	136710000	0	0
1	136710000	136720000	0	0
1	136720000	136730000	0	0
1	136730000	136740000	0	0
1	136740000	136750000	0	0
1	136750000	136760000	0	0
1	136760000	136770000	0	0
1	136770000	136780000	0	0
1	136780000	136790000	0	0
1	136790000	136800000	0	0
1	136800000	136810000	0	0
1	136810000	136820000	0	0
1	136820000	136830000	0	0
1	136830000	136840000	0	0
1	136840000	136850000	0	0
1	136850000	136860000	0	0
1	136860000	136870000	0	0
1	136870000	136880000	0	0
1	136880000	136890000	0	0
1	136890000	136900000	0	0
1	136900000	136910000	0	0
1	136910000	136920000	0	0
1	136920000	136930000	0	0
1	136930000	136940000	0	0
1	136940000	136950000	0	0
1	136950000	136960000	0	0
1	136960000	136970000	0	0
1	136970000	136980000	0	0
1	136980000	136990000	0	0
1	136990000	137000000	0	0
1	137000000	137010000	0	0
1	137010000	137020000	0	0
1	137020000	137030000	0	0
1	137030000	137040000	0	0
1	137040000	137050000	0	0
1	137050000	137060000	0	0
1	137060000	137070000	0	0
1	137070000	137080000	0	0
1	137080000	137090000	0	0
1	137090000	137100000	0	0
1	137100000	137110000	0	0
1	137110000	137120000	0	0
1	137120000	137130000	0	0
1	137130000	137140000	0	0
1	137140000	137150000	0	0
1	137150000	137160000	0	0
1	137160000	137170000	0	0
1	137170000	137180000	0	0
1	137180000	137190000	0	0
1	137190000	137200000	0	0
1	137200000	137210000	0	0
1	137210000	137220000	0	0
1	137220000	137230000	0	0
1	137230000	137240000	0	0
1	137240000	137250000	0	0
1	137250000	137260000	0	0
1	137260000	137270000	0	0
1	137270000	137280000	0	0
1	137280000	137290000	0	0
1	137290000	137300000	0	0
1	137300000	137310000	0	0
1	137310000	137320000	0	0
1	137320000	137330000	0	0
1	137330000	137340000	0	0
1	137340000	137350000	0	0
1	137350000	137360000	0	0
1	137360000	137370000	0	0
1	137370000	137380000	0	0
1	137380000	137390000	0	0
1	137390000	137400000	0	0
1	137400000	137410000	0	0
1	137410000	137420000	0	0
1	137420000	137430000	0	0
1	137430000	137440000	0	0
1	137440000	137450000	0	0
1	137450000	137460000	0	0
1	137460000	137470000	0	0
1	137470000	137480000	0	0
1	137480000	137490000	0	0
1	137490000	137500000	0	0
1	137500000	137510000	0	0
1	137510000	137520000	0	0
1	137520000	137530000	0	0
1	137530000	137540000	0	0
1	137540000	137550000	0	0
1	137550000	137560000	0	0
1	137560000	137570000	0	0
1	137570000	137580000	0	0
1	137580000	137590000	0	0
1	137590000	137600000	0	0
1	137600000	137610000	0	0
1	137610000	137620000	0	0
1	137620000	137630000	0	0
1	137630000	137640000	0	0
1	137640000	137650000	0	0
1	137650000	137660000	0	0
1	137660000	137670000	0	0
1	137670000	137680000	0	0
1	137680000	137690000	0	0
1	137690000	137700000	0	0
1	137700000	137710000	0	0
1	137710000	137720000	0	0
1	137720000	137730000	0	0
1	137730000	137740000	0	0
1	137740000	137750000	0	0
1	137750000	137760000	0	0
1	137760000	137770000	0	0
1	137770000	137780000	0	0
1	137780000	137790000	0	0
1	137790000	137800000	0	0
1	137800000	137810000	0	0
1	137810000	137820000	0	0
1	137820000	137830000	0	0
1	137830000	137840000	0	0
1	137840000	137850000	0	0
1	137850000	137860000	0	0
1	137860000	137870000	0	0
1	137870000	137880000	0	0
1	137880000	137890000	0	0
1	137890000	137900000	0	0
1	137900000	137910000	0	0
1	137910000	137920000	0	0
1	137920000	137930000	0	0
1	137930000	137940000	0	0
1	137940000	137950000	0	0
1	137950000	137960000	0	0
1	137960000	137970000	0	0
1	137970000	137980000	0	0
1	137980000	137990000	0	0
1	137990000	138000000	0	0
1	138000000	138010000	0	0
1	138010000	138020000	0	0
1	138020000	138030000	0	0
1	138030000	138040000	0	0
1	138040000	138050000	0	0
1	138050000	138060000	0	0
1	138060000	138070000	0	0
1	138070000	138080000	0	0
1	138080000	138090000	0	0
1	138090000	138100000	0	0
1	138100000	138110000	0	0
1	138110000	138120000	0	0
1	138120000	138130000	0	0
1	138130000	138140000	0	0
1	138140000	138150000	0	0
1	138150000	138160000	0	0
1	138160000	138170000	0	0
1	138170000	138180000	0	0
1	138180000	138190000	0	0
1	138190000	138200000	0	0
1	138200000	138210000	0	0
1	138210000	138220000	0	0
1	138220000	138230000	0	0
1	138230000	138240000	0	0
1	138240000	138250000	0	0
1	138250000	138260000	0	0
1	138260000	138270000	0	0
1	138270000	138280000	0	0
1	138280000	138290000	0	0
1	138290000	138300000	0	0
1	138300000	138310000	0	0
1	138310000	138320000	0	0
1	138320000	138330000	0	0
1	138330000	138340000	0	0
1	138340000	138350000	0	0
1	138350000	138360000	0	0
1	138360000	138370000	0	0
1	138370000	138380000	0	0
1	138380000	138390000	0	0
1	138390000	138400000	0	0
1	138400000	138410000	0	0
1	138410000	138420000	0	0
1	138420000	138430000	0	0
1	138430000	138440000	0	0
1	138440000	138450000	0	0
1	138450000	138460000	0	0
1	138460000	138470000	0	0
1	138470000	138480000	0	0
1	138480000	138490000	0	0
1	138490000	138500000	0	0
1	138500000	138510000	0	0
1	138510000	138520000	0	0
1	138520000	138530000	0	0
1	138530000	138540000	0	0
1	138540000	138550000	0	0
1	138550000	138560000	0	0
1	138560000	138570000	0	0
1	138570000	138580000	0	0
1	138580000	138590000	0	0
1	138590000	138600000	0	0
1	138600000	138610000	0	0
1	138610000	138620000	0	0
1	138620000	138630000	0	0
1	138630000	138640000	0	0
1	138640000	138650000	0	0
1	138650000	138660000	0	0
1	138660000	138670000	0	0
1	138670000	138680000	0	0
1	138680000	138690000	0	0
1	138690000	138700000	0	0
1	138700000	138710000	0	0
1	138710000	138720000	0	0
1	138720000	138730000	0	0
1	138730000	138740000	0	0
1	138740000	138750000	0	0
1	138750000	138760000	0	0
1	138760000	138770000	0	0
1	138770000	138780000	0	0
1	138780000	138790000	0	0
1	138790000	138800000	0	0
1	138800000	138810000	0	0
1	138810000	138820000	0	0
1	138820000	138830000	0	0
1	138830000	138840000	0	0
1	138840000	138850000	0	0
1	138850000	138860000	0	0
1	138860000	138870000	0	0
1	138870000	138880000	0	0
1	138880000	138890000	0	0
1	138890000	138900000	0	0
1	138900000	138910000	0	0
1	138910000	138920000	0	0
1	138920000	138930000	0	0
1	138930000	138940000	0	0
1	138940000	138950000	0	0
1	138950000	138960000	0	0
1	138960000	138970000	0	0
1	138970000	138980000	0	0
1	138980000	138990000	0	0
1	138990000	139000000	0	0
1	139000000	139010000	0	0
1	139010000	139020000	0	0
1	139020000	139030000	0	0
1	139030000	139040000	0	0
1	139040000	139050000	0	0
1	139050000	139060000	0	0
1	139060000	139070000	0	0
1	139070000	139080000	0	0
1	139080000	139090000	0	0
1	139090000	139100000	0	0
1	139100000	139110000	0	0
1	139110000	139120000	0	0
1	139120000	139130000	0	0
1	139130000	139140000	0	0
1	139140000	139150000	0	0
1	139150000	139160000	0	0
1	139160000	139170000	0	0
1	139170000	139180000	0	0
1	139180000	139190000	0	0
1	139190000	139200000	0	0
1	139200000	139210000	0	0
1	139210000	139220000	0	0
1	139220000	139230000	0	0
1	139230000	139240000	0	0
1	139240000	139250000	0	0
1	139250000	139260000	0	0
1	139260000	139270000	0	0
1	139270000	139280000	0	0
1	139280000	139290000	0	0
1	139290000	139300000	0	0
1	139300000	139310000	0	0
1	139310000	139320000	0	0
1	139320000	139330000	0	0
1	139330000	139340000	0	0
1	139340000	139350000	0	0
1	139350000	139360000	0	0
1	139360000	139370000	0	0
1	139370000	139380000	0	0
1	139380000	139390000	0	0
1	139390000	139400000	0	0
1	139400000	139410000	0	0
1	139410000	139420000	0	0
1	139420000	139430000	0	0
1	139430000	139440000	0	0
1	139440000	139450000	0	0
1	139450000	139460000	0	0
1	139460000	139470000	0	0
1	139470000	139480000	0	0
1	139480000	139490000	0	0
1	139490000	139500000	0	0
1	139500000	139510000	0	0
1	139510000	139520000	0	0
1	139520000	139530000	0	0
1	139530000	139540000	0	0
1	139540000	139550000	0	0
1	139550000	139560000	0	0
1	139560000	139570000	0	0
1	139570000	139580000	0	0
1	139580000	139590000	0	0
1	139590000	139600000	0	0
1	139600000	139610000	0	0
1	139610000	139620000	0	0
1	139620000	139630000	0	0
1	139630000	139640000	0	0
1	139640000	139650000	0	0
1	139650000	139660000	0	0
1	139660000	139670000	0	0
1	139670000	139680000	0	0
1	139680000	139690000	0	0
1	139690000	139700000	0	0
1	139700000	139710000	0	0
1	139710000	139720000	0	0
1	139720000	139730000	0	0
1	139730000	139740000	0	0
1	139740000	139750000	0	0
1	139750000	139760000	0	0
1	139760000	139770000	0	0
1	139770000	139780000	0	0
1	139780000	139790000	0	0
1	139790000	139800000	0	0
1	139800000	139810000	0	0
1	139810000	139820000	0	0
1	139820000	139830000	0	0
1	139830000	139840000	0	0
1	139840000	139850000	0	0
1	139850000	139860000	0	0
1	139860000	139870000	0	0
1	139870000	139880000	0	0
1	139880000	139890000	0	0
1	139890000	139900000	0	0
1	139900000	139910000	0	0
1	139910000	139920000	0	0
1	139920000	139930000	0	0
1	139930000	139940000	0	0
1	139940000	139950000	0	0
1	139950000	139960000	0	0
1	139960000	139970000	0	0
1	139970000	139980000	0	0
1	139980000	139990000	0	0
1	139990000	140000000	0	0
1	140000000	140010000	0	0
1	140010000	140020000	0	0
1	140020000	140030000	0	0
1	140030000	140040000	0	0
1	140040000	140050000	0	0
1	140050000	140060000	0	0
1	140060000	140070000	0	0
1	140070000	140080000	0	0
1	140080000	140090000	0	0
1	140090000	140100000	0	0
1	140100000	140110000	0	0
1	140110000	140120000	0	0
1	140120000	140130000	0	0
1	140130000	140140000	0	0
1	140140000	140150000	0	0
1	140150000	140160000	0	0
1	140160000	140170000	0	0
1	140170000	140180000	0	0
1	140180000	140190000	0	0
1	140190000	140200000	0	0
1	140200000	140210000	0	0
1	140210000	140220000	0	0
1	140220000	140230000	0	0
1	140230000	140240000	0	0
1	140240000	140250000	0	0
1	140250000	140260000	0	0
1	140260000	140270000	0	0
1	140270000	140280000	0	0
1	140280000	140290000	0	0
1	140290000	140300000	0	0
1	140300000	140310000	0	0
1	140310000	140320000	0	0
1	140320000	140330000	0	0
1	140330000	140340000	0	0
1	140340000	140350000	0	0
1	140350000	140360000	0	0
1	140360000	140370000	0	0
1	140370000	140380000	0	0
1	140380000	140390000	0	0
1	140390000	140400000	0	0
1	140400000	140410000	0	0
1	140410000	140420000	0	0
1	140420000	140430000	0	0
1	140430000	140440000	0	0
1	140440000	140450000	0	0
1	140450000	140460000	0	0
1	140460000	140470000	0	0
1	140470000	140480000	0	0
1	140480000	140490000	0	0
1	140490000	140500000	0	0
1	140500000	140510000	0	0
1	140510000	140520000	0	0
1	140520000	140530000	0	0
1	140530000	140540000	0	0
1	140540000	140550000	0	0
1	140550000	140560000	0	0
1	140560000	140570000	0	0
1	140570000	140580000	0	0
1	140580000	140590000	0	0
1	140590000	140600000	0	0
1	140600000	140610000	0	0
1	140610000	140620000	0	0
1	140620000	140630000	0	0
1	140630000	140640000	0	0
1	140640000	140650000	0	0
1	140650000	140660000	0	0
1	140660000	140670000	0	0
1	140670000	140680000	0	0
1	140680000	140690000	0	0
1	140690000	140700000	0	0
1	140700000	140710000	0	0
1	140710000	140720000	0	0
1	140720000	140730000	0	0
1	140730000	140740000	0	0
1	140740000	140750000	0	0
1	140750000	140760000	0	0
1	140760000	140770000	0	0
1	140770000	140780000	0	0
1	140780000	140790000	0	0
1	140790000	140800000	0	0
1	140800000	140810000	0	0
1	140810000	140820000	0	0
1	140820000	140830000	0	0
1	140830000	140840000	0	0
1	140840000	140850000	0	0
1	140850000	140860000	0	0
1	140860000	140870000	0	0
1	140870000	140880000	0	0
1	140880000	140890000	0	0
1	140890000	140900000	0	0
1	140900000	140910000	0	0
1	140910000	140920000	0	0
1	140920000	140930000	0	0
1	140930000	140940000	0	0
1	140940000	140950000	0	0
1	140950000	140960000	0	0
1	140960000	140970000	0	0
1	140970000	140980000	0	0
1	140980000	140990000	0	0
1	140990000	141000000	0	0
1	141000000	141010000	0	0
1	141010000	141020000	0	0
1	141020000	141030000	0	0
1	141030000	141040000	0	0
1	141040000	141050000	0	0
1	141050000	141060000	0	0
1	141060000	141070000	0	0
1	141070000	141080000	0	0
1	141080000	141090000	0	0
1	141090000	141100000	0	0
1	141100000	141110000	0	0
1	141110000	141120000	0	0
1	141120000	141130000	0	0
1	141130000	141140000	0	0
1	141140000	141150000	0	0
1	141150000	141160000	0	0
1	141160000	141170000	0	0
1	141170000	141180000	0	0
1	141180000	141190000	0	0
1	141190000	141200000	0	0
1	141200000	141210000	0	0
1	141210000	141220000	0	0
1	141220000	141230000	0	0
1	141230000	141240000	0	0
1	141240000	141250000	0	0
1	141250000	141260000	0	0
1	141260000	141270000	0	0
1	141270000	141280000	0	0
1	141280000	141290000	0	0
1	141290000	141300000	0	0
1	141300000	141310000	0	0
1	141310000	141320000	0	0
1	141320000	141330000	0	0
1	141330000	141340000	0	0
1	141340000	141350000	0	0
1	141350000	141360000	0	0
1	141360000	141370000	0	0
1	141370000	141380000	0	0
1	141380000	141390000	0	0
1	141390000	141400000	0	0
1	141400000	141410000	0	0
1	141410000	141420000	0	0
1	141420000	141430000	0	0
1	141430000	141440000	0	0
1	141440000	141450000	0	0
1	141450000	141460000	0	0
1	141460000	141470000	0	0
1	141470000	141480000	0	0
1	141480000	141490000	0	0
1	141490000	141500000	0	0
1	141500000	141510000	0	0
1	141510000	141520000	0	0
1	141520000	141530000	0	0
1	141530000	141540000	0	0
1	141540000	141550000	0	0
1	141550000	141560000	0	0
1	141560000	141570000	0	0
1	141570000	141580000	0	0
1	141580000	141590000	0	0
1	141590000	141600000	0	0
1	141600000	141610000	0	0
1	141610000	141620000	0	0
1	141620000	141630000	0	0
1	141630000	141640000	0	0
1	141640000	141650000	0	0
1	141650000	141660000	0	0
1	141660000	141670000	0	0
1	141670000	141680000	0	0
1	141680000	141690000	0	0
1	141690000	141700000	0	0
1	141700000	141710000	0	0
1	141710000	141720000	0	0
1	141720000	141730000	0	0
1	141730000	141740000	0	0
1	141740000	141750000	0	0
1	141750000	141760000	0	0
1	141760000	141770000	0	0
1	141770000	141780000	0	0
1	141780000	141790000	0	0
1	141790000	141800000	0	0
1	141800000	141810000	0	0
1	141810000	141820000	0	0
1	141820000	141830000	0	0
1	141830000	141840000	0	0
1	141840000	141850000	0	0
1	141850000	141860000	0	0
1	141860000	141870000	0	0
1	141870000	141880000	0	0
1	141880000	141890000	0	0
1	141890000	141900000	0	0
1	141900000	141910000	0	0
1	141910000	141920000	0	0
1	141920000	141930000	0	0
1	141930000	141940000	0	0
1	141940000	141950000	0	0
1	141950000	141960000	0	0
1	141960000	141970000	0	0
1	141970000	141980000	0	0
1	141980000	141990000	0	0
1	141990000	142000000	0	0
1	142000000	142010000	0	0
1	142010000	142020000	0	0
1	142020000	142030000	0	0
1	142030000	142040000	0	0
1	142040000	142050000	0	0
1	142050000	142060000	0	0
1	142060000	142070000	0	0
1	142070000	142080000	0	0
1	142080000	142090000	0	0
1	142090000	142100000	0	0
1	142100000	142110000	0	0
1	142110000	142120000	0	0
1	142120000	142130000	0	0
1	142130000	142140000	0	0
1	142140000	142150000	0	0
1	142150000	142160000	0	0
1	142160000	142170000	0	0
1	142170000	142180000	0	0
1	142180000	142190000	0	0
1	142190000	142200000	0	0
1	142200000	142210000	0	0
1	142210000	142220000	0	0
1	142220000	142230000	0	0
1	142230000	142240000	0	0
1	142240000	142250000	0	0
1	142250000	142260000	0	0
1	142260000	142270000	0	0
1	142270000	142280000	0	0
1	142280000	142290000	0	0
1	142290000	142300000	0	0
1	142300000	142310000	0	0
1	142310000	142320000	0	0
1	142320000	142330000	0	0
1	142330000	142340000	0	0
1	142340000	142350000	0	0
1	142350000	142360000	0	0
1	142360000	142370000	0	0
1	142370000	142380000	0	0
1	142380000	142390000	0	0
1	142390000	142400000	0	0
1	142400000	142410000	0	0
1	142410000	142420000	0	0
1	142420000	142430000	0	0
1	142430000	142440000	0	0
1	142440000	142450000	0	0
1	142450000	142460000	0	0
1	142460000	142470000	0	0
1	142470000	142480000	0	0
1	142480000	142490000	0	0
1	142490000	142500000	0	0
1	142500000	142510000	0	0
1	142510000	142520000	0	0
1	142520000	142530000	0	0
1	142530000	142540000	0	0
1	142540000	142550000	0	0
1	142550000	142560000	0	0
1	142560000	142570000	0	0
1	142570000	142580000	0	0
1	142580000	142590000	0	0
1	142590000	142600000	0	0
1	142600000	142610000	0	0
1	142610000	142620000	0	0
1	142620000	142630000	0	0
1	142630000	142640000	0	0
1	142640000	142650000	0	0
1	142650000	142660000	0	0
1	142660000	142670000	0	0
1	142670000	142680000	0	0
1	142680000	142690000	0	0
1	142690000	142700000	0	0
1	142700000	142710000	0	0
1	142710000	142720000	0	0
1	142720000	142730000	0	0
1	142730000	142740000	0	0
1	142740000	142750000	0	0
1	142750000	142760000	0	0
1	142760000	142770000	0	0
1	142770000	142780000	0	0
1	142780000	142790000	0	0
1	142790000	142800000	0	0
1	142800000	142810000	0	0
1	142810000	142820000	0	0
1	142820000	142830000	0	0
1	142830000	142840000	0	0
1	142840000	142850000	0	0
1	142850000	142860000	0	0
1	142860000	142870000	0	0
1	142870000	142880000	0	0
1	142880000	142890000	0	0
1	142890000	142900000	0	0
1	142900000	142910000	0	0
1	142910000	142920000	0	0
1	142920000	142930000	0	0
1	142930000	142940000	0	0
1	142940000	142950000	0	0
1	142950000	142960000	0	0
1	142960000	142970000	0	0
1	142970000	142980000	0	0
1	142980000	142990000	0	0
1	142990000	143000000	0	0
1	143000000	143010000	0	0
1	143010000	143020000	0	0
1	143020000	143030000	0	0
1	143030000	143040000	0	0
1	143040000	143050000	0	0
1	143050000	143060000	0	0
1	143060000	143070000	0	0
1	143070000	143080000	0	0
1	143080000	143090000	0	0
1	143090000	143100000	0	0
1	143100000	143110000	0	0
1	143110000	143120000	0	0
1	143120000	143130000	0	0
1	143130000	143140000	0	0
1	143140000	143150000	0	0
1	143150000	143160000	0	0
1	143160000	143170000	0	0
1	143170000	143180000	0	0
1	143180000	143190000	0	0
1	143190000	143200000	0	0
1	143200000	143210000	0	0
1	143210000	143220000	0	0
1	143220000	143230000	0	0
1	143230000	143240000	0	0
1	143240000	143250000	0	0
1	143250000	143260000	0	0
1	143260000	143270000	0	0
1	143270000	143280000	0	0
1	143280000	143290000	0	0
1	143290000	143300000	0	0
1	143300000	143310000	0	0
1	143310000	143320000	0	0
1	143320000	143330000	0	0
1	143330000	143340000	0	0
1	143340000	143350000	0	0
1	143350000	143360000	0	0
1	143360000	143370000	0	0
1	143370000	143380000	0	0
1	143380000	143390000	0	0
1	143390000	143400000	0	0
1	143400000	143410000	0	0
1	143410000	143420000	0	0
1	143420000	143430000	0	0
1	143430000	143440000	0	0
1	143440000	143450000	0	0
1	143450000	143460000	0	0
1	143460000	143470000	0	0
1	143470000	143480000	0	0
1	143480000	143490000	0	0
1	143490000	143500000	0	0
1	143500000	143510000	0	0
1	143510000	143520000	0	0
1	143520000	143530000	0	0
1	143530000	143540000	0	0
1	143540000	143550000	0	0
1	143550000	143560000	0	0
1	143560000	143570000	0	0
1	143570000	143580000	0	0
1	143580000	143590000	0	0
1	143590000	143600000	0	0
1	143600000	143610000	0	0
1	143610000	143620000	0	0
1	143620000	143630000	0	0
1	143630000	143640000	0	0
1	143640000	143650000	0	0
1	143650000	143660000	0	0
1	143660000	143670000	0	0
1	143670000	143680000	0	0
1	143680000	143690000	0	0
1	143690000	143700000	0	0
1	143700000	143710000	0	0
1	143710000	143720000	0	0
1	143720000	143730000	0	0
1	143730000	143740000	0	0
1	143740000	143750000	0	0
1	143750000	143760000	0	0
1	143760000	143770000	0	0
1	143770000	143780000	0	0
1	143780000	143790000	0	0
1	143790000	143800000	0	0
1	143800000	143810000	0	0
1	143810000	143820000	0	0
1	143820000	143830000	0	0
1	143830000	143840000	0	0
1	143840000	143850000	0	0
1	143850000	143860000	0	0
1	143860000	143870000	0	0
1	143870000	143880000	0	0
1	143880000	143890000	0	0
1	143890000	143900000	0	0
1	143900000	143910000	0	0
1	143910000	143920000	0	0
1	143920000	143930000	0	0
1	143930000	143940000	0	0
1	143940000	143950000	0	0
1	143950000	143960000	0	0
1	143960000	143970000	0	0
1	143970000	143980000	0	0
1	143980000	143990000	0	0
1	143990000	144000000	0	0
1	144000000	144010000	0	0
1	144010000	144020000	0	0
1	144020000	144030000	0	0
1	144030000	144040000	0	0
1	144040000	144050000	0	0
1	144050000	144060000	0	0
1	144060000	144070000	0	0
1	144070000	144080000	0	0
1	144080000	144090000	0	0
1	144090000	144100000	0	0
1	144100000	144110000	0	0
1	144110000	144120000	0	0
1	144120000	144130000	0	0
1	144130000	144140000	0	0
1	144140000	144150000	0	0
1	144150000	144160000	0	0
1	144160000	144170000	0	0
1	144170000	144180000	0	0
1	144180000	144190000	0	0
1	144190000	144200000	0	0
1	144200000	144210000	0	0
1	144210000	144220000	0	0
1	144220000	144230000	0	0
1	144230000	144240000	0	0
1	144240000	144250000	0	0
1	144250000	144260000	0	0
1	144260000	144270000	0	0
1	144270000	144280000	0	0
1	144280000	144290000	0	0
1	144290000	144300000	0	0
1	144300000	144310000	0	0
1	144310000	144320000	0	0
1	144320000	144330000	0	0
1	144330000	144340000	0	0
1	144340000	144350000	0	0
1	144350000	144360000	0	0
1	144360000	144370000	0	0
1	144370000	144380000	0	0
1	144380000	144390000	0	0
1	144390000	144400000	0	0
1	144400000	144410000	0	0
1	144410000	144420000	0	0
1	144420000	144430000	0	0
1	144430000	144440000	0	0
1	144440000	144450000	0	0
1	144450000	144460000	0	0
1	144460000	144470000	0	0
1	144470000	144480000	0	0
1	144480000	144490000	0	0
1	144490000	144500000	0	0
1	144500000	144510000	0	0
1	144510000	144520000	0	0
1	144520000	144530000	0	0
1	144530000	144540000	0	0
1	144540000	144550000	0	0
1	144550000	144560000	0	0
1	144560000	144570000	0	0
1	144570000	144580000	0	0
1	144580000	144590000	0	0
1	144590000	144600000	0	0
1	144600000	144610000	0	0
1	144610000	144620000	0	0
1	144620000	144630000	0	0
1	144630000	144640000	0	0
1	144640000	144650000	0	0
1	144650000	144660000	0	0
1	144660000	144670000	0	0
1	144670000	144680000	0	0
1	144680000	144690000	0	0
1	144690000	144700000	0	0
1	144700000	144710000	0	0
1	144710000	144720000	0	0
1	144720000	144730000	0	0
1	144730000	144740000	0	0
1	144740000	144750000	0	0
1	144750000	144760000	0	0
1	144760000	144770000	0	0
1	144770000	144780000	0	0
1	144780000	144790000	0	0
1	144790000	144800000	0	0
1	144800000	144810000	0	0
1	144810000	144820000	0	0
1	144820000	144830000	0	0
1	144830000	144840000	0	0
1	144840000	144850000	0	0
1	144850000	144860000	0	0
1	144860000	144870000	0	0
1	144870000	144880000	0	0
1	144880000	144890000	0	0
1	144890000	144900000	0	0
1	144900000	144910000	0	0
1	144910000	144920000	0	0
1	144920000	144930000	0	0
1	144930000	144940000	0	0
1	144940000	144950000	0	0
1	144950000	144960000	0	0
1	144960000	144970000	0	0
1	144970000	144980000	0	0
1	144980000	144990000	0	0
1	144990000	145000000	0	0
1	145000000	145010000	0	0
1	145010000	145020000	0	0
1	145020000	145030000	0	0
1	145030000	145040000	0	0
1	145040000	145050000	0	0
1	145050000	145060000	0	0
1	145060000	145070000	0	0
1	145070000	145080000	0	0
1	145080000	145090000	0	0
1	145090000	145100000	0	0
1	145100000	145110000	0	0
1	145110000	145120000	0	0
1	145120000	145130000	0	0
1	145130000	145140000	0	0
1	145140000	145150000	0	0
1	145150000	145160000	0	0
1	145160000	145170000	0	0
1	145170000	145180000	0	0
1	145180000	145190000	0	0
1	145190000	145200000	0	0
1	145200000	145210000	0	0
1	145210000	145220000	0	0
1	145220000	145230000	0	0
1	145230000	145240000	0	0
1	145240000	145250000	0	0
1	145250000	145260000	0	0
1	145260000	145270000	0	0
1	145270000	145280000	0	0
1	145280000	145290000	0	0
1	145290000	145300000	0	0
1	145300000	145310000	0	0
1	145310000	145320000	0	0
1	145320000	145330000	0	0
1	145330000	145340000	0	0
1	145340000	145350000	0	0
1	145350000	145360000	0	0
1	145360000	145370000	0	0
1	145370000	145380000	0	0
1	145380000	145390000	0	0
1	145390000	145400000	0	0
1	145400000	145410000	0	0
1	145410000	145420000	0	0
1	145420000	145430000	0	0
1	145430000	145440000	0	0
1	145440000	145450000	0	0
1	145450000	145460000	0	0
1	145460000	145470000	0	0
1	145470000	145480000	0	0
1	145480000	145490000	0	0
1	145490000	145500000	0	0
1	145500000	145510000	0	0
1	145510000	145520000	0	0
1	145520000	145530000	0	0
1	145530000	145540000	0	0
1	145540000	145550000	0	0
1	145550000	145560000	0	0
1	145560000	145570000	0	0
1	145570000	145580000	0	0
1	145580000	145590000	0	0
1	145590000	145600000	0	0
1	145600000	145610000	0	0
1	145610000	145620000	0	0
1	145620000	145630000	0	0
1	145630000	145640000	0	0
1	145640000	145650000	0	0
1	145650000	145660000	0	0
1	145660000	145670000	0	0
1	145670000	145680000	0	0
1	145680000	145690000	0	0
1	145690000	145700000	0	0
1	145700000	145710000	0	0
1	145710000	145720000	0	0
1	145720000	145730000	0	0
1	145730000	145740000	0	0
1	145740000	145750000	0	0
1	145750000	145760000	0	0
1	145760000	145770000	0	0
1	145770000	145780000	0	0
1	145780000	145790000	0	0
1	145790000	145800000	0	0
1	145800000	145810000	0	0
1	145810000	145820000	0	0
1	145820000	145830000	0	0
1	145830000	145840000	0	0
1	145840000	145850000	0	0
1	145850000	145860000	0	0
1	145860000	145870000	0	0
1	145870000	145880000	0	0
1	145880000	145890000	0	0
1	145890000	145900000	0	0
1	145900000	145910000	0	0
1	145910000	145920000	0	0
1	145920000	145930000	0	0
1	145930000	145940000	0	0
1	145940000	145950000	0	0
1	145950000	145960000	0	0
1	145960000	145970000	0	0
1	145970000	145980000	0	0
1	145980000	145990000	0	0
1	145990000	146000000	0	0
1	146000000	146010000	0	0
1	146010000	146020000	0	0
1	146020000	146030000	0	0
1	146030000	146040000	0	0
1	146040000	146050000	0	0
1	146050000	146060000	0	0
1	146060000	146070000	0	0
1	146070000	146080000	0	0
1	146080000	146090000	0	0
1	146090000	146100000	0	0
1	146100000	146110000	0	0
1	146110000	146120000	0	0
1	146120000	146130000	0	0
1	146130000	146140000	0	0
1	146140000	146150000	0	0
1	146150000	146160000	0	0
1	146160000	146170000	0	0
1	146170000	146180000	0	0
1	146180000	146190000	0	0
1	146190000	146200000	0	0
1	146200000	146210000	0	0
1	146210000	146220000	0	0
1	146220000	146230000	0	0
1	146230000	146240000	0	0
1	146240000	146250000	0	0
1	146250000	146260000	0	0
1	146260000	146270000	0	0
1	146270000	146280000	0	0
1	146280000	146290000	0	0
1	146290000	146300000	0	0
1	146300000	146310000	0	0
1	146310000	146320000	0	0
1	146320000	146330000	0	0
1	146330000	146340000	0	0
1	146340000	146350000	0	0
1	146350000	146360000	0	0
1	146360000	146370000	0	0
1	146370000	146380000	0	0
1	146380000	146390000	0	0
1	146390000	146400000	0	0
1	146400000	146410000	0	0
1	146410000	146420000	0	0
1	146420000	146430000	0	0
1	146430000	146440000	0	0
1	146440000	146450000	0	0
1	146450000	146460000	0	0
1	146460000	146470000	0	0
1	146470000	146480000	0	0
1	146480000	146490000	0	0
1	146490000	146500000	0	0
1	146500000	146510000	0	0
1	146510000	146520000	0	0
1	146520000	146530000	0	0
1	146530000	146540000	0	0
1	146540000	146550000	0	0
1	146550000	146560000	0	0
1	146560000	146570000	0	0
1	146570000	146580000	0	0
1	146580000	146590000	0	0
1	146590000	146600000	0	0
1	146600000	146610000	0	0
1	146610000	146620000	0	0
1	146620000	146630000	0	0
1	146630000	146640000	0	0
1	146640000	146650000	0	0
1	146650000	146660000	0	0
1	146660000	146670000	0	0
1	146670000	146680000	0	0
1	146680000	146690000	0	0
1	146690000	146700000	0	0
1	146700000	146710000	0	0
1	146710000	146720000	0	0
1	146720000	146730000	0	0
1	146730000	146740000	0	0
1	146740000	146750000	0	0
1	146750000	146760000	0	0
1	146760000	146770000	0	0
1	146770000	146780000	0	0
1	146780000	146790000	0	0
1	146790000	146800000	0	0
1	146800000	146810000	0	0
1	146810000	146820000	0	0
1	146820000	146830000	0	0
1	146830000	146840000	0	0
1	146840000	146850000	0	0
1	146850000	146860000	0	0
1	146860000	146870000	0	0
1	146870000	146880000	0	0
1	146880000	146890000	0	0
1	146890000	146900000	0	0
1	146900000	146910000	0	0
1	146910000	146920000	0	0
1	146920000	146930000	0	0
1	146930000	146940000	0	0
1	146940000	146950000	0	0
1	146950000	146960000	0	0
1	146960000	146970000	0	0
1	146970000	146980000	0	0
1	146980000	146990000	0	0
1	146990000	147000000	0	0
1	147000000	147010000	0	0
1	147010000	147020000	0	0
1	147020000	147030000	0	0
1	147030000	147040000	0	0
1	147040000	147050000	0	0
1	147050000	147060000	0	0
1	147060000	147070000	0	0
1	147070000	147080000	0	0
1	147080000	147090000	0	0
1	147090000	147100000	0	0
1	147100000	147110000	0	0
1	147110000	147120000	0	0
1	147120000	147130000	0	0
1	147130000	147140000	0	0
1	147140000	147150000	0	0
1	147150000	147160000	0	0
1	147160000	147170000	0	0
1	147170000	147180000	0	0
1	147180000	147190000	0	0
1	147190000	147200000	0	0
1	147200000	147210000	0	0
1	147210000	147220000	0	0
1	147220000	147230000	0	0
1	147230000	147240000	0	0
1	147240000	147250000	0	0
1	147250000	147260000	0	0
1	147260000	147270000	0	0
1	147270000	147280000	0	0
1	147280000	147290000	0	0
1	147290000	147300000	0	0
1	147300000	147310000	0	0
1	147310000	147320000	0	0
1	147320000	147330000	0	0
1	147330000	147340000	0	0
1	147340000	147350000	0	0
1	147350000	147360000	0	0
1	147360000	147370000	0	0
1	147370000	147380000	0	0
1	147380000	147390000	0	0
1	147390000	147400000	0	0
1	147400000	147410000	0	0
1	147410000	147420000	0	0
1	147420000	147430000	0	0
1	147430000	147440000	0	0
1	147440000	147450000	0	0
1	147450000	147460000	0	0
1	147460000	147470000	0	0
1	147470000	147480000	0	0
1	147480000	147490000	0	0
1	147490000	147500000	0	0
1	147500000	147510000	0	0
1	147510000	147520000	0	0
1	147520000	147530000	0	0
1	147530000	147540000	0	0
1	147540000	147550000	0	0
1	147550000	147560000	0	0
1	147560000	147570000	0	0
1	147570000	147580000	0	0
1	147580000	147590000	0	0
1	147590000	147600000	0	0
1	147600000	147610000	0	0
1	147610000	147620000	0	0
1	147620000	147630000	0	0
1	147630000	147640000	0	0
1	147640000	147650000	0	0
1	147650000	147660000	0	0
1	147660000	147670000	0	0
1	147670000	147680000	0	0
1	147680000	147690000	0	0
1	147690000	147700000	0	0
1	147700000	147710000	0	0
1	147710000	147720000	0	0
1	147720000	147730000	0	0
1	147730000	147740000	0	0
1	147740000	147750000	0	0
1	147750000	147760000	0	0
1	147760000	147770000	0	0
1	147770000	147780000	0	0
1	147780000	147790000	0	0
1	147790000	147800000	0	0
1	147800000	147810000	0	0
1	147810000	147820000	0	0
1	147820000	147830000	0	0
1	147830000	147840000	0	0
1	147840000	147850000	0	0
1	147850000	147860000	0	0
1	147860000	147870000	0	0
1	147870000	147880000	0	0
1	147880000	147890000	0	0
1	147890000	147900000	0	0
1	147900000	147910000	0	0
1	147910000	147920000	0	0
1	147920000	147930000	0	0
1	147930000	147940000	0	0
1	147940000	147950000	0	0
1	147950000	147960000	0	0
1	147960000	147970000	0	0
1	147970000	147980000	0	0
1	147980000	147990000	0	0
1	147990000	148000000	0	0
1	148000000	148010000	0	0
1	148010000	148020000	0	0
1	148020000	148030000	0	0
1	148030000	148040000	0	0
1	148040000	148050000	0	0
1	148050000	148060000	0	0
1	148060000	148070000	0	0
1	148070000	148080000	0	0
1	148080000	148090000	0	0
1	148090000	148100000	0	0
1	148100000	148110000	0	0
1	148110000	148120000	0	0
1	148120000	148130000	0	0
1	148130000	148140000	0	0
1	148140000	148150000	0	0
1	148150000	148160000	0	0
1	148160000	148170000	0	0
1	148170000	148180000	0	0
1	148180000	148190000	0	0
1	148190000	148200000	0	0
1	148200000	148210000	0	0
1	148210000	148220000	0	0
1	148220000	148230000	0	0
1	148230000	148240000	0	0
1	148240000	148250000	0	0
1	148250000	148260000	0	0
1	148260000	148270000	0	0
1	148270000	148280000	0	0
1	148280000	148290000	0	0
1	148290000	148300000	0	0
1	148300000	148310000	0	0
1	148310000	148320000	0	0
1	148320000	148330000	0	0
1	148330000	148340000	0	0
1	148340000	148350000	0	0
1	148350000	148360000	0	0
1	148360000	148370000	0	0
1	148370000	148380000	0	0
1	148380000	148390000	0	0
1	148390000	148400000	0	0
1	148400000	148410000	0	0
1	148410000	148420000	0	0
1	148420000	148430000	0	0
1	148430000	148440000	0	0
1	148440000	148450000	0	0
1	148450000	148460000	0	0
1	148460000	148470000	0	0
1	148470000	148480000	0	0
1	148480000	148490000	0	0
1	148490000	148500000	0	0
1	148500000	148510000	0	0
1	148510000	148520000	0	0
1	148520000	148530000	0	0
1	148530000	148540000	0	0
1	148540000	148550000	0	0
1	148550000	148560000	0	0
1	148560000	148570000	0	0
1	148570000	148580000	0	0
1	148580000	148590000	0	0
1	148590000	148600000	0	0
1	148600000	148610000	0	0
1	148610000	148620000	0	0
1	148620000	148630000	0	0
1	148630000	148640000	0	0
1	148640000	148650000	0	0
1	148650000	148660000	0	0
1	148660000	148670000	0	0
1	148670000	148680000	0	0
1	148680000	148690000	0	0
1	148690000	148700000	0	0
1	148700000	148710000	0	0
1	148710000	148720000	0	0
1	148720000	148730000	0	0
1	148730000	148740000	0	0
1	148740000	148750000	0	0
1	148750000	148760000	0	0
1	148760000	148770000	0	0
1	148770000	148780000	0	0
1	148780000	148790000	0	0
1	148790000	148800000	0	0
1	148800000	148810000	0	0
1	148810000	148820000	0	0
1	148820000	148830000	0	0
1	148830000	148840000	0	0
1	148840000	148850000	0	0
1	148850000	148860000	0	0
1	148860000	148870000	0	0
1	148870000	148880000	0	0
1	148880000	148890000	0	0
1	148890000	148900000	0	0
1	148900000	148910000	0	0
1	148910000	148920000	0	0
1	148920000	148930000	0	0
1	148930000	148940000	0	0
1	148940000	148950000	0	0
1	148950000	148960000	0	0
1	148960000	148970000	0	0
1	148970000	148980000	0	0
1	148980000	148990000	0	0
1	148990000	149000000	0	0
1	149000000	149010000	0	0
1	149010000	149020000	0	0
1	149020000	149030000	0	0
1	149030000	149040000	0	0
1	149040000	149050000	0	0
1	149050000	149060000	0	0
1	149060000	149070000	0	0
1	149070000	149080000	0	0
1	149080000	149090000	0	0
1	149090000	149100000	0	0
1	149100000	149110000	0	0
1	149110000	149120000	0	0
1	149120000	149130000	0	0
1	149130000	149140000	0	0
1	149140000	149150000	0	0
1	149150000	149160000	0	0
1	149160000	149170000	0	0
1	149170000	149180000	0	0
1	149180000	149190000	0	0
1	149190000	149200000	0	0
1	149200000	149210000	0	0
1	149210000	149220000	0	0
1	149220000	149230000	0	0
1	149230000	149240000	0	0
1	149240000	149250000	0	0
1	149250000	149260000	0	0
1	149260000	149270000	0	0
1	149270000	149280000	0	0
1	149280000	149290000	0	0
1	149290000	149300000	0	0
1	149300000	149310000	0	0
1	149310000	149320000	0	0
1	149320000	149330000	0	0
1	149330000	149340000	0	0
1	149340000	149350000	0	0
1	149350000	149360000	0	0
1	149360000	149370000	0	0
1	149370000	149380000	0	0
1	149380000	149390000	0	0
1	149390000	149400000	0	0
1	149400000	149410000	0	0
1	149410000	149420000	0	0
1	149420000	149430000	0	0
1	149430000	149440000	0	0
1	149440000	149450000	0	0
1	149450000	149460000	0	0
1	149460000	149470000	0	0
1	149470000	149480000	0	0
1	149480000	149490000	0	0
1	149490000	149500000	0	0
1	149500000	149510000	0	0
1	149510000	149520000	0	0
1	149520000	149530000	0	0
1	149530000	149540000	0	0
1	149540000	149550000	0	0
1	149550000	149560000	0	0
1	149560000	149570000	0	0
1	149570000	149580000	0	0
1	149580000	149590000	0	0
1	149590000	149600000	0	0
1	149600000	149610000	0	0
1	149610000	149620000	0	0
1	149620000	149630000	0	0
1	149630000	149640000	0	0
1	149640000	149650000	0	0
1	149650000	149660000	0	0
1	149660000	149670000	0	0
1	149670000	149680000	0	0
1	149680000	149690000	0	0
1	149690000	149700000	0	0
1	149700000	149710000	0	0
1	149710000	149720000	0	0
1	149720000	149730000	0	0
1	149730000	149740000	0	0
1	149740000	149750000	0	0
1	149750000	149760000	0	0
1	149760000	149770000	0	0
1	149770000	149780000	0	0
1	149780000	149790000	0	0
1	149790000	149800000	0	0
1	149800000	149810000	0	0
1	149810000	149820000	0	0
1	149820000	149830000	0	0
1	149830000	149840000	0	0
1	149840000	149850000	0	0
1	149850000	149860000	0	0
1	149860000	149870000	0	0
1	149870000	149880000	0	0
1	149880000	149890000	0	0
1	149890000	149900000	0	0
1	149900000	149910000	0	0
1	149910000	149920000	0	0
1	149920000	149930000	0	0
1	149930000	149940000	0	0
1	149940000	149950000	0	0
1	149950000	149960000	0	0
1	149960000	149970000	0	0
1	149970000	149980000	0	0
1	149980000	149990000	0	0
1	149990000	150000000	0	0
1	150000000	150010000	0	0
1	150010000	150020000	0	0
1	150020000	150030000	0	0
1	150030000	150040000	0	0
1	150040000	150050000	0	0
1	150050000	150060000	0	0
1	150060000	150070000	0	0
1	150070000	150080000	0	0
1	150080000	150090000	0	0
1	150090000	150100000	0	0
1	150100000	150110000	0	0
1	150110000	150120000	0	0
1	150120000	150130000	0	0
1	150130000	150140000	0	0
1	150140000	150150000	0	0
1	150150000	150160000	0	0
1	150160000	150170000	0	0
1	150170000	150180000	0	0
1	150180000	150190000	0	0
1	150190000	150200000	0	0
1	150200000	150210000	0	0
1	150210000	150220000	0	0
1	150220000	150230000	0	0
1	150230000	150240000	0	0
1	150240000	150250000	0	0
1	150250000	150260000	0	0
1	150260000	150270000	0	0
1	150270000	150280000	0	0
1	150280000	150290000	0	0
1	150290000	150300000	0	0
1	150300000	150310000	0	0
1	150310000	150320000	0	0
1	150320000	150330000	0	0
1	150330000	150340000	0	0
1	150340000	150350000	0	0
1	150350000	150360000	0	0
1	150360000	150370000	0	0
1	150370000	150380000	0	0
1	150380000	150390000	0	0
1	150390000	150400000	0	0
1	150400000	150410000	0	0
1	150410000	150420000	0	0
1	150420000	150430000	0	0
1	150430000	150440000	0	0
1	150440000	150450000	0	0
1	150450000	150460000	0	0
1	150460000	150470000	0	0
1	150470000	150480000	0	0
1	150480000	150490000	0	0
1	150490000	150500000	0	0
1	150500000	150510000	0	0
1	150510000	150520000	0	0
1	150520000	150530000	0	0
1	150530000	150540000	0	0
1	150540000	150550000	0	0
1	150550000	150560000	0	0
1	150560000	150570000	0	0
1	150570000	150580000	0	0
1	150580000	150590000	0	0
1	150590000	150600000	0	0
1	150600000	150610000	0	0
1	150610000	150620000	0	0
1	150620000	150630000	0	0
1	150630000	150640000	0	0
1	150640000	150650000	0	0
1	150650000	150660000	0	0
1	150660000	150670000	0	0
1	150670000	150680000	0	0
1	150680000	150690000	0	0
1	150690000	150700000	0	0
1	150700000	150710000	0	0
1	150710000	150720000	0	0
1	150720000	150730000	0	0
1	150730000	150740000	0	0
1	150740000	150750000	0	0
1	150750000	150760000	0	0
1	150760000	150770000	0	0
1	150770000	150780000	0	0
1	150780000	150790000	0	0
1	150790000	150800000	0	0
1	150800000	150810000	0	0
1	150810000	150820000	0	0
1	150820000	150830000	0	0
1	150830000	150840000	0	0
1	150840000	150850000	0	0
1	150850000	150860000	0	0
1	150860000	150870000	0	0
1	150870000	150880000	0	0
1	150880000	150890000	0	0
1	150890000	150900000	0	0
1	150900000	150910000	0	0
1	150910000	150920000	0	0
1	150920000	150930000	0	0
1	150930000	150940000	0	0
1	150940000	150950000	0	0
1	150950000	150960000	0	0
1	150960000	150970000	0	0
1	150970000	150980000	0	0
1	150980000	150990000	0	0
1	150990000	151000000	0	0
1	151000000	151010000	0	0
1	151010000	151020000	0	0
1	151020000	151030000	0	0
1	151030000	151040000	0	0
1	151040000	151050000	0	0
1	151050000	151060000	0	0
1	151060000	151070000	0	0
1	151070000	151080000	0	0
1	151080000	151090000	0	0
1	151090000	151100000	0	0
1	151100000	151110000	0	0
1	151110000	151120000	0	0
1	151120000	151130000	0	0
1	151130000	151140000	0	0
1	151140000	151150000	0	0
1	151150000	151160000	0	0
1	151160000	151170000	0	0
1	151170000	151180000	0	0
1	151180000	151190000	0	0
1	151190000	151200000	0	0
1	151200000	151210000	0	0
1	151210000	151220000	0	0
1	151220000	151230000	0	0
1	151230000	151240000	0	0
1	151240000	151250000	0	0
1	151250000	151260000	0	0
1	151260000	151270000	0	0
1	151270000	151280000	0	0
1	151280000	151290000	0	0
1	151290000	151300000	0	0
1	151300000	151310000	0	0
1	151310000	151320000	0	0
1	151320000	151330000	0	0
1	151330000	151340000	0	0
1	151340000	151350000	0	0
1	151350000	151360000	0	0
1	151360000	151370000	0	0
1	151370000	151380000	0	0
1	151380000	151390000	0	0
1	151390000	151400000	0	0
1	151400000	151410000	0	0
1	151410000	151420000	0	0
1	151420000	151430000	0	0
1	151430000	151440000	0	0
1	151440000	151450000	0	0
1	151450000	151460000	0	0
1	151460000	151470000	0	0
1	151470000	151480000	0	0
1	151480000	151490000	0	0
1	151490000	151500000	0	0
1	151500000	151510000	0	0
1	151510000	151520000	0	0
1	151520000	151530000	0	0
1	151530000	151540000	0	0
1	151540000	151550000	0	0
1	151550000	151560000	0	0
1	151560000	151570000	0	0
1	151570000	151580000	0	0
1	151580000	151590000	0	0
1	151590000	151600000	0	0
1	151600000	151610000	0	0
1	151610000	151620000	0	0
1	151620000	151630000	0	0
1	151630000	151640000	0	0
1	151640000	151650000	0	0
1	151650000	151660000	0	0
1	151660000	151670000	0	0
1	151670000	151680000	0	0
1	151680000	151690000	0	0
1	151690000	151700000	0	0
1	151700000	151710000	0	0
1	151710000	151720000	0	0
1	151720000	151730000	0	0
1	151730000	151740000	0	0
1	151740000	151750000	0	0
1	151750000	151760000	0	0
1	151760000	151770000	0	0
1	151770000	151780000	0	0
1	151780000	151790000	0	0
1	151790000	151800000	0	0
1	151800000	151810000	0	0
1	151810000	151820000	0	0
1	151820000	151830000	0	0
1	151830000	151840000	0	0
1	151840000	151850000	0	0
1	151850000	151860000	0	0
1	151860000	151870000	0	0
1	151870000	151880000	0	0
1	151880000	151890000	0	0
1	151890000	151900000	0	0
1	151900000	151910000	0	0
1	151910000	151920000	0	0
1	151920000	151930000	0	0
1	151930000	151940000	0	0
1	151940000	151950000	0	0
1	151950000	151960000	0	0
1	151960000	151970000	0	0
1	151970000	151980000	0	0
1	151980000	151990000	0	0
1	151990000	152000000	0	0
1	152000000	152010000	0	0
1	152010000	152020000	0	0
1	152020000	152030000	0	0
1	152030000	152040000	0	0
1	152040000	152050000	0	0
1	152050000	152060000	0	0
1	152060000	152070000	0	0
1	152070000	152080000	0	0
1	152080000	152090000	0	0
1	152090000	152100000	0	0
1	152100000	152110000	0	0
1	152110000	152120000	0	0
1	152120000	152130000	0	0
1	152130000	152140000	0	0
1	152140000	152150000	0	0
1	152150000	152160000	0	0
1	152160000	152170000	0	0
1	152170000	152180000	0	0
1	152180000	152190000	0	0
1	152190000	152200000	0	0
1	152200000	152210000	0	0
1	152210000	152220000	0	0
1	152220000	152230000	0	0
1	152230000	152240000	0	0
1	152240000	152250000	0	0
1	152250000	152260000	0	0
1	152260000	152270000	0	0
1	152270000	152280000	0	0
1	152280000	152290000	0	0
1	152290000	152300000	0	0
1	152300000	152310000	0	0
1	152310000	152320000	0	0
1	152320000	152330000	0	0
1	152330000	152340000	0	0
1	152340000	152350000	0	0
1	152350000	152360000	0	0
1	152360000	152370000	0	0
1	152370000	152380000	0	0
1	152380000	152390000	0	0
1	152390000	152400000	0	0
1	152400000	152410000	0	0
1	152410000	152420000	0	0
1	152420000	152430000	0	0
1	152430000	152440000	0	0
1	152440000	152450000	0	0
1	152450000	152460000	0	0
1	152460000	152470000	0	0
1	152470000	152480000	0	0
1	152480000	152490000	0	0
1	152490000	152500000	0	0
1	152500000	152510000	0	0
1	152510000	152520000	0	0
1	152520000	152530000	0	0
1	152530000	152540000	0	0
1	152540000	152550000	0	0
1	152550000	152560000	0	0
1	152560000	152570000	0	0
1	152570000	152580000	0	0
1	152580000	152590000	0	0
1	152590000	152600000	0	0
1	152600000	152610000	0	0
1	152610000	152620000	0	0
1	152620000	152630000	0	0
1	152630000	152640000	0	0
1	152640000	152650000	0	0
1	152650000	152660000	0	0
1	152660000	152670000	0	0
1	152670000	152680000	0	0
1	152680000	152690000	0	0
1	152690000	152700000	0	0
1	152700000	152710000	0	0
1	152710000	152720000	0	0
1	152720000	152730000	0	0
1	152730000	152740000	0	0
1	152740000	152750000	0	0
1	152750000	152760000	0	0
1	152760000	152770000	0	0
1	152770000	152780000	0	0
1	152780000	152790000	0	0
1	152790000	152800000	0	0
1	152800000	152810000	0	0
1	152810000	152820000	0	0
1	152820000	152830000	0	0
1	152830000	152840000	0	0
1	152840000	152850000	0	0
1	152850000	152860000	0	0
1	152860000	152870000	0	0
1	152870000	152880000	0	0
1	152880000	152890000	0	0
1	152890000	152900000	0	0
1	152900000	152910000	0	0
1	152910000	152920000	0	0
1	152920000	152930000	0	0
1	152930000	152940000	0	0
1	152940000	152950000	0	0
1	152950000	152960000	0	0
1	152960000	152970000	0	0
1	152970000	152980000	0	0
1	152980000	152990000	0	0
1	152990000	153000000	0	0
1	153000000	153010000	0	0
1	153010000	153020000	0	0
1	153020000	153030000	0	0
1	153030000	153040000	0	0
1	153040000	153050000	0	0
1	153050000	153060000	0	0
1	153060000	153070000	0	0
1	153070000	153080000	0	0
1	153080000	153090000	0	0
1	153090000	153100000	0	0
1	153100000	153110000	0	0
1	153110000	153120000	0	0
1	153120000	153130000	0	0
1	153130000	153140000	0	0
1	153140000	153150000	0	0
1	153150000	153160000	0	0
1	153160000	153170000	0	0
1	153170000	153180000	0	0
1	153180000	153190000	0	0
1	153190000	153200000	0	0
1	153200000	153210000	0	0
1	153210000	153220000	0	0
1	153220000	153230000	0	0
1	153230000	153240000	0	0
1	153240000	153250000	0	0
1	153250000	153260000	0	0
1	153260000	153270000	0	0
1	153270000	153280000	0	0
1	153280000	153290000	0	0
1	153290000	153300000	0	0
1	153300000	153310000	0	0
1	153310000	153320000	0	0
1	153320000	153330000	0	0
1	153330000	153340000	0	0
1	153340000	153350000	0	0
1	153350000	153360000	0	0
1	153360000	153370000	0	0
1	153370000	153380000	0	0
1	153380000	153390000	0	0
1	153390000	153400000	0	0
1	153400000	153410000	0	0
1	153410000	153420000	0	0
1	153420000	153430000	0	0
1	153430000	153440000	0	0
1	153440000	153450000	0	0
1	153450000	153460000	0	0
1	153460000	153470000	0	0
1	153470000	153480000	0	0
1	153480000	153490000	0	0
1	153490000	153500000	0	0
1	153500000	153510000	0	0
1	153510000	153520000	0	0
1	153520000	153530000	0	0
1	153530000	153540000	0	0
1	153540000	153550000	0	0
1	153550000	153560000	0	0
1	153560000	153570000	0	0
1	153570000	153580000	0	0
1	153580000	153590000	0	0
1	153590000	153600000	0	0
1	153600000	153610000	0	0
1	153610000	153620000	0	0
1	153620000	153630000	0	0
1	153630000	153640000	0	0
1	153640000	153650000	0	0
1	153650000	153660000	0	0
1	153660000	153670000	0	0
1	153670000	153680000	0	0
1	153680000	153690000	0	0
1	153690000	153700000	0	0
1	153700000	153710000	0	0
1	153710000	153720000	0	0
1	153720000	153730000	0	0
1	153730000	153740000	0	0
1	153740000	153750000	0	0
1	153750000	153760000	0	0
1	153760000	153770000	0	0
1	153770000	153780000	0	0
1	153780000	153790000	0	0
1	153790000	153800000	0	0
1	153800000	153810000	0	0
1	153810000	153820000	0	0
1	153820000	153830000	0	0
1	153830000	153840000	0	0
1	153840000	153850000	0	0
1	153850000	153860000	0	0
1	153860000	153870000	0	0
1	153870000	153880000	0	0
1	153880000	153890000	0	0
1	153890000	153900000	0	0
1	153900000	153910000	0	0
1	153910000	153920000	0	0
1	153920000	153930000	0	0
1	153930000	153940000	0	0
1	153940000	153950000	0	0
1	153950000	153960000	0	0
1	153960000	153970000	0	0
1	153970000	153980000	0	0
1	153980000	153990000	0	0
1	153990000	154000000	0	0
1	154000000	154010000	0	0
1	154010000	154020000	0	0
1	154020000	154030000	0	0
1	154030000	154040000	0	0
1	154040000	154050000	0	0
1	154050000	154060000	0	0
1	154060000	154070000	0	0
1	154070000	154080000	0	0
1	154080000	154090000	0	0
1	154090000	154100000	0	0
1	154100000	154110000	0	0
1	154110000	154120000	0	0
1	154120000	154130000	0	0
1	154130000	154140000	0	0
1	154140000	154150000	0	0
1	154150000	154160000	0	0
1	154160000	154170000	0	0
1	154170000	154180000	0	0
1	154180000	154190000	0	0
1	154190000	154200000	0	0
1	154200000	154210000	0	0
1	154210000	154220000	0	0
1	154220000	154230000	0	0
1	154230000	154240000	0	0
1	154240000	154250000	0	0
1	154250000	154260000	0	0
1	154260000	154270000	0	0
1	154270000	154280000	0	0
1	154280000	154290000	0	0
1	154290000	154300000	0	0
1	154300000	154310000	0	0
1	154310000	154320000	0	0
1	154320000	154330000	0	0
1	154330000	154340000	0	0
1	154340000	154350000	0	0
1	154350000	154360000	0	0
1	154360000	154370000	0	0
1	154370000	154380000	0	0
1	154380000	154390000	0	0
1	154390000	154400000	0	0
1	154400000	154410000	0	0
1	154410000	154420000	0	0
1	154420000	154430000	0	0
1	154430000	154440000	0	0
1	154440000	154450000	0	0
1	154450000	154460000	0	0
1	154460000	154470000	0	0
1	154470000	154480000	0	0
1	154480000	154490000	0	0
1	154490000	154500000	0	0
1	154500000	154510000	0	0
1	154510000	154520000	0	0
1	154520000	154530000	0	0
1	154530000	154540000	0	0
1	154540000	154550000	0	0
1	154550000	154560000	0	0
1	154560000	154570000	0	0
1	154570000	154580000	0	0
1	154580000	154590000	0	0
1	154590000	154600000	0	0
1	154600000	154610000	0	0
1	154610000	154620000	0	0
1	154620000	154630000	0	0
1	154630000	154640000	0	0
1	154640000	154650000	0	0
1	154650000	154660000	0	0
1	154660000	154670000	0	0
1	154670000	154680000	0	0
1	154680000	154690000	0	0
1	154690000	154700000	0	0
1	154700000	154710000	0	0
1	154710000	154720000	0	0
1	154720000	154730000	0	0
1	154730000	154740000	0	0
1	154740000	154750000	0	0
1	154750000	154760000	0	0
1	154760000	154770000	0	0
1	154770000	154780000	0	0
1	154780000	154790000	0	0
1	154790000	154800000	0	0
1	154800000	154810000	0	0
1	154810000	154820000	0	0
1	154820000	154830000	0	0
1	154830000	154840000	0	0
1	154840000	154850000	0	0
1	154850000	154860000	0	0
1	154860000	154870000	0	0
1	154870000	154880000	0	0
1	154880000	154890000	0	0
1	154890000	154900000	0	0
1	154900000	154910000	0	0
1	154910000	154920000	0	0
1	154920000	154930000	0	0
1	154930000	154940000	0	0
1	154940000	154950000	0	0
1	154950000	154960000	0	0
1	154960000	154970000	0	0
1	154970000	154980000	0	0
1	154980000	154990000	0	0
1	154990000	155000000	0	0
1	155000000	155010000	0	0
1	155010000	155020000	0	0
1	155020000	155030000	0	0
1	155030000	155040000	0	0
1	155040000	155050000	0	0
1	155050000	155060000	0	0
1	155060000	155070000	0	0
1	155070000	155080000	0	0
1	155080000	155090000	0	0
1	155090000	155100000	0	0
1	155100000	155110000	0	0
1	155110000	155120000	0	0
1	155120000	155130000	0	0
1	155130000	155140000	0	0
1	155140000	155150000	0	0
1	155150000	155160000	0	0
1	155160000	155170000	0	0
1	155170000	155180000	0	0
1	155180000	155190000	0	0
1	155190000	155200000	0	0
1	155200000	155210000	0	0
1	155210000	155220000	0	0
1	155220000	155230000	0	0
1	155230000	155240000	0	0
1	155240000	155250000	0	0
1	155250000	155260000	0	0
1	155260000	155270000	0	0
1	155270000	155280000	0	0
1	155280000	155290000	0	0
1	155290000	155300000	0	0
1	155300000	155310000	0	0
1	155310000	155320000	0	0
1	155320000	155330000	0	0
1	155330000	155340000	0	0
1	155340000	155350000	0	0
1	155350000	155360000	0	0
1	155360000	155370000	0	0
1	155370000	155380000	0	0
1	155380000	155390000	0	0
1	155390000	155400000	0	0
1	155400000	155410000	0	0
1	155410000	155420000	0	0
1	155420000	155430000	0	0
1	155430000	155440000	0	0
1	155440000	155450000	0	0
1	155450000	155460000	0	0
1	155460000	155470000	0	0
1	155470000	155480000	0	0
1	155480000	155490000	0	0
1	155490000	155500000	0	0
1	155500000	155510000	0	0
1	155510000	155520000	0	0
1	155520000	155530000	0	0
1	155530000	155540000	0	0
1	155540000	155550000	0	0
1	155550000	155560000	0	0
1	155560000	155570000	0	0
1	155570000	155580000	0	0
1	155580000	155590000	0	0
1	155590000	155600000	0	0
1	155600000	155610000	0	0
1	155610000	155620000	0	0
1	155620000	155630000	0	0
1	155630000	155640000	0	0
1	155640000	155650000	0	0
1	155650000	155660000	0	0
1	155660000	155670000	0	0
1	155670000	155680000	0	0
1	155680000	155690000	0	0
1	155690000	155700000	0	0
1	155700000	155710000	0	0
1	155710000	155720000	0	0
1	155720000	155730000	0	0
1	155730000	155740000	0	0
1	155740000	155750000	0	0
1	155750000	155760000	0	0
1	155760000	155770000	0	0
1	155770000	155780000	0	0
1	155780000	155790000	0	0
1	155790000	155800000	0	0
1	155800000	155810000	0	0
1	155810000	155820000	0	0
1	155820000	155830000	0	0
1	155830000	155840000	0	0
1	155840000	155850000	0	0
1	155850000	155860000	0	0
1	155860000	155870000	0	0
1	155870000	155880000	0	0
1	155880000	155890000	0	0
1	155890000	155900000	0	0
1	155900000	155910000	0	0
1	155910000	155920000	0	0
1	155920000	155930000	0	0
1	155930000	155940000	0	0
1	155940000	155950000	0	0
1	155950000	155960000	0	0
1	155960000	155970000	0	0
1	155970000	155980000	0	0
1	155980000	155990000	0	0
1	155990000	156000000	0	0
1	156000000	156010000	0	0
1	156010000	156020000	0	0
1	156020000	156030000	0	0
1	156030000	156040000	0	0
1	156040000	156050000	0	0
1	156050000	156060000	0	0
1	156060000	156070000	0	0
1	156070000	156080000	0	0
1	156080000	156090000	0	0
1	156090000	156100000	0	0
1	156100000	156110000	0	0
1	156110000	156120000	0	0
1	156120000	156130000	0	0
1	156130000	156140000	0	0
1	156140000	156150000	0	0
1	156150000	156160000	0	0
1	156160000	156170000	0	0
1	156170000	156180000	0	0
1	156180000	156190000	0	0
1	156190000	156200000	0	0
1	156200000	156210000	0	0
1	156210000	156220000	0	0
1	156220000	156230000	0	0
1	156230000	156240000	0	0
1	156240000	156250000	0	0
1	156250000	156260000	0	0
1	156260000	156270000	0	0
1	156270000	156280000	0	0
1	156280000	156290000	0	0
1	156290000	156300000	0	0
1	156300000	156310000	0	0
1	156310000	156320000	0	0
1	156320000	156330000	0	0
1	156330000	156340000	0	0
1	156340000	156350000	0	0
1	156350000	156360000	0	0
1	156360000	156370000	0	0
1	156370000	156380000	0	0
1	156380000	156390000	0	0
1	156390000	156400000	0	0
1	156400000	156410000	0	0
1	156410000	156420000	0	0
1	156420000	156430000	0	0
1	156430000	156440000	0	0
1	156440000	156450000	0	0
1	156450000	156460000	0	0
1	156460000	156470000	0	0
1	156470000	156480000	0	0
1	156480000	156490000	0	0
1	156490000	156500000	0	0
1	156500000	156510000	0	0
1	156510000	156520000	0	0
1	156520000	156530000	0	0
1	156530000	156540000	0	0
1	156540000	156550000	0	0
1	156550000	156560000	0	0
1	156560000	156570000	0	0
1	156570000	156580000	0	0
1	156580000	156590000	0	0
1	156590000	156600000	0	0
1	156600000	156610000	0	0
1	156610000	156620000	0	0
1	156620000	156630000	0	0
1	156630000	156640000	0	0
1	156640000	156650000	0	0
1	156650000	156660000	0	0
1	156660000	156670000	0	0
1	156670000	156680000	0	0
1	156680000	156690000	0	0
1	156690000	156700000	0	0
1	156700000	156710000	0	0
1	156710000	156720000	0	0
1	156720000	156730000	0	0
1	156730000	156740000	0	0
1	156740000	156750000	0	0
1	156750000	156760000	0	0
1	156760000	156770000	0	0
1	156770000	156780000	0	0
1	156780000	156790000	0	0
1	156790000	156800000	0	0
1	156800000	156810000	0	0
1	156810000	156820000	0	0
1	156820000	156830000	0	0
1	156830000	156840000	0	0
1	156840000	156850000	0	0
1	156850000	156860000	0	0
1	156860000	156870000	0	0
1	156870000	156880000	0	0
1	156880000	156890000	0	0
1	156890000	156900000	0	0
1	156900000	156910000	0	0
1	156910000	156920000	0	0
1	156920000	156930000	0	0
1	156930000	156940000	0	0
1	156940000	156950000	0	0
1	156950000	156960000	0	0
1	156960000	156970000	0	0
1	156970000	156980000	0	0
1	156980000	156990000	0	0
1	156990000	157000000	0	0
1	157000000	157010000	0	0
1	157010000	157020000	0	0
1	157020000	157030000	0	0
1	157030000	157040000	0	0
1	157040000	157050000	0	0
1	157050000	157060000	0	0
1	157060000	157070000	0	0
1	157070000	157080000	0	0
1	157080000	157090000	0	0
1	157090000	157100000	0	0
1	157100000	157110000	0	0
1	157110000	157120000	0	0
1	157120000	157130000	0	0
1	157130000	157140000	0	0
1	157140000	157150000	0	0
1	157150000	157160000	0	0
1	157160000	157170000	0	0
1	157170000	157180000	0	0
1	157180000	157190000	0	0
1	157190000	157200000	0	0
1	157200000	157210000	0	0
1	157210000	157220000	0	0
1	157220000	157230000	0	0
1	157230000	157240000	0	0
1	157240000	157250000	0	0
1	157250000	157260000	0	0
1	157260000	157270000	0	0
1	157270000	157280000	0	0
1	157280000	157290000	0	0
1	157290000	157300000	0	0
1	157300000	157310000	0	0
1	157310000	157320000	0	0
1	157320000	157330000	0	0
1	157330000	157340000	0	0
1	157340000	157350000	0	0
1	157350000	157360000	0	0
1	157360000	157370000	0	0
1	157370000	157380000	0	0
1	157380000	157390000	0	0
1	157390000	157400000	0	0
1	157400000	157410000	0	0
1	157410000	157420000	0	0
1	157420000	157430000	0	0
1	157430000	157440000	0	0
1	157440000	157450000	0	0
1	157450000	157460000	0	0
1	157460000	157470000	0	0
1	157470000	157480000	0	0
1	157480000	157490000	0	0
1	157490000	157500000	0	0
1	157500000	157510000	0	0
1	157510000	157520000	0	0
1	157520000	157530000	0	0
1	157530000	157540000	0	0
1	157540000	157550000	0	0
1	157550000	157560000	0	0
1	157560000	157570000	0	0
1	157570000	157580000	0	0
1	157580000	157590000	0	0
1	157590000	157600000	0	0
1	157600000	157610000	0	0
1	157610000	157620000	0	0
1	157620000	157630000	0	0
1	157630000	157640000	0	0
1	157640000	157650000	0	0
1	157650000	157660000	0	0
1	157660000	157670000	0	0
1	157670000	157680000	0	0
1	157680000	157690000	0	0
1	157690000	157700000	0	0
1	157700000	157710000	0	0
1	157710000	157720000	0	0
1	157720000	157730000	0	0
1	157730000	157740000	0	0
1	157740000	157750000	0	0
1	157750000	157760000	0	0
1	157760000	157770000	0	0
1	157770000	157780000	0	0
1	157780000	157790000	0	0
1	157790000	157800000	0	0
1	157800000	157810000	0	0
1	157810000	157820000	0	0
1	157820000	157830000	0	0
1	157830000	157840000	0	0
1	157840000	157850000	0	0
1	157850000	157860000	0	0
1	157860000	157870000	0	0
1	157870000	157880000	0	0
1	157880000	157890000	0	0
1	157890000	157900000	0	0
1	157900000	157910000	0	0
1	157910000	157920000	0	0
1	157920000	157930000	0	0
1	157930000	157940000	0	0
1	157940000	157950000	0	0
1	157950000	157960000	0	0
1	157960000	157970000	0	0
1	157970000	157980000	0	0
1	157980000	157990000	0	0
1	157990000	158000000	0	0
1	158000000	158010000	0	0
1	158010000	158020000	0	0
1	158020000	158030000	0	0
1	158030000	158040000	0	0
1	158040000	158050000	0	0
1	158050000	158060000	0	0
1	158060000	158070000	0	0
1	158070000	158080000	0	0
1	158080000	158090000	0	0
1	158090000	158100000	0	0
1	158100000	158110000	0	0
1	158110000	158120000	0	0
1	158120000	158130000	0	0
1	158130000	158140000	0	0
1	158140000	158150000	0	0
1	158150000	158160000	0	0
1	158160000	158170000	0	0
1	158170000	158180000	0	0
1	158180000	158190000	0	0
1	158190000	158200000	0	0
1	158200000	158210000	0	0
1	158210000	158220000	0	0
1	158220000	158230000	0	0
1	158230000	158240000	0	0
1	158240000	158250000	0	0
1	158250000	158260000	0	0
1	158260000	158270000	0	0
1	158270000	158280000	0	0
1	158280000	158290000	0	0
1	158290000	158300000	0	0
1	158300000	158310000	0	0
1	158310000	158320000	0	0
1	158320000	158330000	0	0
1	158330000	158340000	0	0
1	158340000	158350000	0	0
1	158350000	158360000	0	0
1	158360000	158370000	0	0
1	158370000	158380000	0	0
1	158380000	158390000	0	0
1	158390000	158400000	0	0
1	158400000	158410000	0	0
1	158410000	158420000	0	0
1	158420000	158430000	0	0
1	158430000	158440000	0	0
1	158440000	158450000	0	0
1	158450000	158460000	0	0
1	158460000	158470000	0	0
1	158470000	158480000	0	0
1	158480000	158490000	0	0
1	158490000	158500000	0	0
1	158500000	158510000	0	0
1	158510000	158520000	0	0
1	158520000	158530000	0	0
1	158530000	158540000	0	0
1	158540000	158550000	0	0
1	158550000	158560000	0	0
1	158560000	158570000	0	0
1	158570000	158580000	0	0
1	158580000	158590000	0	0
1	158590000	158600000	0	0
1	158600000	158610000	0	0
1	158610000	158620000	0	0
1	158620000	158630000	0	0
1	158630000	158640000	0	0
1	158640000	158650000	0	0
1	158650000	158660000	0	0
1	158660000	158670000	0	0
1	158670000	158680000	0	0
1	158680000	158690000	0	0
1	158690000	158700000	0	0
1	158700000	158710000	0	0
1	158710000	158720000	0	0
1	158720000	158730000	0	0
1	158730000	158740000	0	0
1	158740000	158750000	0	0
1	158750000	158760000	0	0
1	158760000	158770000	0	0
1	158770000	158780000	0	0
1	158780000	158790000	0	0
1	158790000	158800000	0	0
1	158800000	158810000	0	0
1	158810000	158820000	0	0
1	158820000	158830000	0	0
1	158830000	158840000	0	0
1	158840000	158850000	0	0
1	158850000	158860000	0	0
1	158860000	158870000	0	0
1	158870000	158880000	0	0
1	158880000	158890000	0	0
1	158890000	158900000	0	0
1	158900000	158910000	0	0
1	158910000	158920000	0	0
1	158920000	158930000	0	0
1	158930000	158940000	0	0
1	158940000	158950000	0	0
1	158950000	158960000	0	0
1	158960000	158970000	0	0
1	158970000	158980000	0	0
1	158980000	158990000	0	0
1	158990000	159000000	0	0
1	159000000	159010000	0	0
1	159010000	159020000	0	0
1	159020000	159030000	0	0
1	159030000	159040000	0	0
1	159040000	159050000	0	0
1	159050000	159060000	0	0
1	159060000	159070000	0	0
1	159070000	159080000	0	0
1	159080000	159090000	0	0
1	159090000	159100000	0	0
1	159100000	159110000	0	0
1	159110000	159120000	0	0
1	159120000	159130000	0	0
1	159130000	159140000	0	0
1	159140000	159150000	0	0
1	159150000	159160000	0	0
1	159160000	159170000	0	0
1	159170000	159180000	0	0
1	159180000	159190000	0	0
1	159190000	159200000	0	0
1	159200000	159210000	0	0
1	159210000	159220000	0	0
1	159220000	159230000	0	0
1	159230000	159240000	0	0
1	159240000	159250000	0	0
1	159250000	159260000	0	0
1	159260000	159270000	0	0
1	159270000	159280000	0	0
1	159280000	159290000	0	0
1	159290000	159300000	0	0
1	159300000	159310000	0	0
1	159310000	159320000	0	0
1	159320000	159330000	0	0
1	159330000	159340000	0	0
1	159340000	159350000	0	0
1	159350000	159360000	0	0
1	159360000	159370000	0	0
1	159370000	159380000	0	0
1	159380000	159390000	0	0
1	159390000	159400000	0	0
1	159400000	159410000	0	0
1	159410000	159420000	0	0
1	159420000	159430000	0	0
1	159430000	159440000	0	0
1	159440000	159450000	0	0
1	159450000	159460000	0	0
1	159460000	159470000	0	0
1	159470000	159480000	0	0
1	159480000	159490000	0	0
1	159490000	159500000	0	0
1	159500000	159510000	0	0
1	159510000	159520000	0	0
1	159520000	159530000	0	0
1	159530000	159540000	0	0
1	159540000	159550000	0	0
1	159550000	159560000	0	0
1	159560000	159570000	0	0
1	159570000	159580000	0	0
1	159580000	159590000	0	0
1	159590000	159600000	0	0
1	159600000	159610000	0	0
1	159610000	159620000	0	0
1	159620000	159630000	0	0
1	159630000	159640000	0	0
1	159640000	159650000	0	0
1	159650000	159660000	0	0
1	159660000	159670000	0	0
1	159670000	159680000	0	0
1	159680000	159690000	0	0
1	159690000	159700000	0	0
1	159700000	159710000	0	0
1	159710000	159720000	0	0
1	159720000	159730000	0	0
1	159730000	159740000	0	0
1	159740000	159750000	0	0
1	159750000	159760000	0	0
1	159760000	159770000	0	0
1	159770000	159780000	0	0
1	159780000	159790000	0	0
1	159790000	159800000	0	0
1	159800000	159810000	0	0
1	159810000	159820000	0	0
1	159820000	159830000	0	0
1	159830000	159840000	0	0
1	159840000	159850000	0	0
1	159850000	159860000	0	0
1	159860000	159870000	0	0
1	159870000	159880000	0	0
1	159880000	159890000	0	0
1	159890000	159900000	0	0
1	159900000	159910000	0	0
1	159910000	159920000	0	0
1	159920000	159930000	0	0
1	159930000	159940000	0	0
1	159940000	159950000	0	0
1	159950000	159960000	0	0
1	159960000	159970000	0	0
1	159970000	159980000	0	0
1	159980000	159990000	0	0
1	159990000	160000000	0	0
1	160000000	160010000	0	0
1	160010000	160020000	0	0
1	160020000	160030000	0	0
1	160030000	160040000	0	0
1	160040000	160050000	0	0
1	160050000	160060000	0	0
1	160060000	160070000	0	0
1	160070000	160080000	0	0
1	160080000	160090000	0	0
1	160090000	160100000	0	0
1	160100000	160110000	0	0
1	160110000	160120000	0	0
1	160120000	160130000	0	0
1	160130000	160140000	0	0
1	160140000	160150000	0	0
1	160150000	160160000	0	0
1	160160000	160170000	0	0
1	160170000	160180000	0	0
1	160180000	160190000	0	0
1	160190000	160200000	0	0
1	160200000	160210000	0	0
1	160210000	160220000	0	0
1	160220000	160230000	0	0
1	160230000	160240000	0	0
1	160240000	160250000	0	0
1	160250000	160260000	0	0
1	160260000	160270000	0	0
1	160270000	160280000	0	0
1	160280000	160290000	0	0
1	160290000	160300000	0	0
1	160300000	160310000	0	0
1	160310000	160320000	0	0
1	160320000	160330000	0	0
1	160330000	160340000	0	0
1	160340000	160350000	0	0
1	160350000	160360000	0	0
1	160360000	160370000	0	0
1	160370000	160380000	0	0
1	160380000	160390000	0	0
1	160390000	160400000	0	0
1	160400000	160410000	0	0
1	160410000	160420000	0	0
1	160420000	160430000	0	0
1	160430000	160440000	0	0
1	160440000	160450000	0	0
1	160450000	160460000	0	0
1	160460000	160470000	0	0
1	160470000	160480000	0	0
1	160480000	160490000	0	0
1	160490000	160500000	0	0
1	160500000	160510000	0	0
1	160510000	160520000	0	0
1	160520000	160530000	0	0
1	160530000	160540000	0	0
1	160540000	160550000	0	0
1	160550000	160560000	0	0
1	160560000	160570000	0	0
1	160570000	160580000	0	0
1	160580000	160590000	0	0
1	160590000	160600000	0	0
1	160600000	160610000	0	0
1	160610000	160620000	0	0
1	160620000	160630000	0	0
1	160630000	160640000	0	0
1	160640000	160650000	0	0
1	160650000	160660000	0	0
1	160660000	160670000	0	0
1	160670000	160680000	0	0
1	160680000	160690000	0	0
1	160690000	160700000	0	0
1	160700000	160710000	0	0
1	160710000	160720000	0	0
1	160720000	160730000	0	0
1	160730000	160740000	0	0
1	160740000	160750000	0	0
1	160750000	160760000	0	0
1	160760000	160770000	0	0
1	160770000	160780000	0	0
1	160780000	160790000	0	0
1	160790000	160800000	0	0
1	160800000	160810000	0	0
1	160810000	160820000	0	0
1	160820000	160830000	0	0
1	160830000	160840000	0	0
1	160840000	160850000	0	0
1	160850000	160860000	0	0
1	160860000	160870000	0	0
1	160870000	160880000	0	0
1	160880000	160890000	0	0
1	160890000	160900000	0	0
1	160900000	160910000	0	0
1	160910000	160920000	0	0
1	160920000	160930000	0	0
1	160930000	160940000	0	0
1	160940000	160950000	0	0
1	160950000	160960000	0	0
1	160960000	160970000	0	0
1	160970000	160980000	0	0
1	160980000	160990000	0	0
1	160990000	161000000	0	0
1	161000000	161010000	0	0
1	161010000	161020000	0	0
1	161020000	161030000	0	0
1	161030000	161040000	0	0
1	161040000	161050000	0	0
1	161050000	161060000	0	0
1	161060000	161070000	0	0
1	161070000	161080000	0	0
1	161080000	161090000	0	0
1	161090000	161100000	0	0
1	161100000	161110000	0	0
1	161110000	161120000	0	0
1	161120000	161130000	0	0
1	161130000	161140000	0	0
1	161140000	161150000	0	0
1	161150000	161160000	0	0
1	161160000	161170000	0	0
1	161170000	161180000	0	0
1	161180000	161190000	0	0
1	161190000	161200000	0	0
1	161200000	161210000	0	0
1	161210000	161220000	0	0
1	161220000	161230000	0	0
1	161230000	161240000	0	0
1	161240000	161250000	0	0
1	161250000	161260000	0	0
1	161260000	161270000	0	0
1	161270000	161280000	0	0
1	161280000	161290000	0	0
1	161290000	161300000	0	0
1	161300000	161310000	0	0
1	161310000	161320000	0	0
1	161320000	161330000	0	0
1	161330000	161340000	0	0
1	161340000	161350000	0	0
1	161350000	161360000	0	0
1	161360000	161370000	0	0
1	161370000	161380000	0	0
1	161380000	161390000	0	0
1	161390000	161400000	0	0
1	161400000	161410000	0	0
1	161410000	161420000	0	0
1	161420000	161430000	0	0
1	161430000	161440000	0	0
1	161440000	161450000	0	0
1	161450000	161460000	0	0
1	161460000	161470000	0	0
1	161470000	161480000	0	0
1	161480000	161490000	0	0
1	161490000	161500000	0	0
1	161500000	161510000	0	0
1	161510000	161520000	0	0
1	161520000	161530000	0	0
1	161530000	161540000	0	0
1	161540000	161550000	0	0
1	161550000	161560000	0	0
1	161560000	161570000	0	0
1	161570000	161580000	0	0
1	161580000	161590000	0	0
1	161590000	161600000	0	0
1	161600000	161610000	0	0
1	161610000	161620000	0	0
1	161620000	161630000	0	0
1	161630000	161640000	0	0
1	161640000	161650000	0	0
1	161650000	161660000	0	0
1	161660000	161670000	0	0
1	161670000	161680000	0	0
1	161680000	161690000	0	0
1	161690000	161700000	0	0
1	161700000	161710000	0	0
1	161710000	161720000	0	0
1	161720000	161730000	0	0
1	161730000	161740000	0	0
1	161740000	161750000	0	0
1	161750000	161760000	0	0
1	161760000	161770000	0	0
1	161770000	161780000	0	0
1	161780000	161790000	0	0
1	161790000	161800000	0	0
1	161800000	161810000	0	0
1	161810000	161820000	0	0
1	161820000	161830000	0	0
1	161830000	161840000	0	0
1	161840000	161850000	0	0
1	161850000	161860000	0	0
1	161860000	161870000	0	0
1	161870000	161880000	0	0
1	161880000	161890000	0	0
1	161890000	161900000	0	0
1	161900000	161910000	0	0
1	161910000	161920000	0	0
1	161920000	161930000	0	0
1	161930000	161940000	0	0
1	161940000	161950000	0	0
1	161950000	161960000	0	0
1	161960000	161970000	0	0
1	161970000	161980000	0	0
1	161980000	161990000	0	0
1	161990000	162000000	0	0
1	162000000	162010000	0	0
1	162010000	162020000	0	0
1	162020000	162030000	0	0
1	162030000	162040000	0	0
1	162040000	162050000	0	0
1	162050000	162060000	0	0
1	162060000	162070000	0	0
1	162070000	162080000	0	0
1	162080000	162090000	0	0
1	162090000	162100000	0	0
1	162100000	162110000	0	0
1	162110000	162120000	0	0
1	162120000	162130000	0	0
1	162130000	162140000	0	0
1	162140000	162150000	0	0
1	162150000	162160000	0	0
1	162160000	162170000	0	0
1	162170000	162180000	0	0
1	162180000	162190000	0	0
1	162190000	162200000	0	0
1	162200000	162210000	0	0
1	162210000	162220000	0	0
1	162220000	162230000	0	0
1	162230000	162240000	0	0
1	162240000	162250000	0	0
1	162250000	162260000	0	0
1	162260000	162270000	0	0
1	162270000	162280000	0	0
1	162280000	162290000	0	0
1	162290000	162300000	0	0
1	162300000	162310000	0	0
1	162310000	162320000	0	0
1	162320000	162330000	0	0
1	162330000	162340000	0	0
1	162340000	162350000	0	0
1	162350000	162360000	0	0
1	162360000	162370000	0	0
1	162370000	162380000	0	0
1	162380000	162390000	0	0
1	162390000	162400000	0	0
1	162400000	162410000	0	0
1	162410000	162420000	0	0
1	162420000	162430000	0	0
1	162430000	162440000	0	0
1	162440000	162450000	0	0
1	162450000	162460000	0	0
1	162460000	162470000	0	0
1	162470000	162480000	0	0
1	162480000	162490000	0	0
1	162490000	162500000	0	0
1	162500000	162510000	0	0
1	162510000	162520000	0	0
1	162520000	162530000	0	0
1	162530000	162540000	0	0
1	162540000	162550000	0	0
1	162550000	162560000	0	0
1	162560000	162570000	0	0
1	162570000	162580000	0	0
1	162580000	162590000	0	0
1	162590000	162600000	0	0
1	162600000	162610000	0	0
1	162610000	162620000	0	0
1	162620000	162630000	0	0
1	162630000	162640000	0	0
1	162640000	162650000	0	0
1	162650000	162660000	0	0
1	162660000	162670000	0	0
1	162670000	162680000	0	0
1	162680000	162690000	0	0
1	162690000	162700000	0	0
1	162700000	162710000	0	0
1	162710000	162720000	0	0
1	162720000	162730000	0	0
1	162730000	162740000	0	0
1	162740000	162750000	0	0
1	162750000	162760000	0	0
1	162760000	162770000	0	0
1	162770000	162780000	0	0
1	162780000	162790000	0	0
1	162790000	162800000	0	0
1	162800000	162810000	0	0
1	162810000	162820000	0	0
1	162820000	162830000	0	0
1	162830000	162840000	0	0
1	162840000	162850000	0	0
1	162850000	162860000	0	0
1	162860000	162870000	0	0
1	162870000	162880000	0	0
1	162880000	162890000	0	0
1	162890000	162900000	0	0
1	162900000	162910000	0	0
1	162910000	162920000	0	0
1	162920000	162930000	0	0
1	162930000	162940000	0	0
1	162940000	162950000	0	0
1	162950000	162960000	0	0
1	162960000	162970000	0	0
1	162970000	162980000	0	0
1	162980000	162990000	0	0
1	162990000	163000000	0	0
1	163000000	163010000	0	0
1	163010000	163020000	0	0
1	163020000	163030000	0	0
1	163030000	163040000	0	0
1	163040000	163050000	0	0
1	163050000	163060000	0	0
1	163060000	163070000	0	0
1	163070000	163080000	0	0
1	163080000	163090000	0	0
1	163090000	163100000	0	0
1	163100000	163110000	0	0
1	163110000	163120000	0	0
1	163120000	163130000	0	0
1	163130000	163140000	0	0
1	163140000	163150000	0	0
1	163150000	163160000	0	0
1	163160000	163170000	0	0
1	163170000	163180000	0	0
1	163180000	163190000	0	0
1	163190000	163200000	0	0
1	163200000	163210000	0	0
1	163210000	163220000	0	0
1	163220000	163230000	0	0
1	163230000	163240000	0	0
1	163240000	163250000	0	0
1	163250000	163260000	0	0
1	163260000	163270000	0	0
1	163270000	163280000	0	0
1	163280000	163290000	0	0
1	163290000	163300000	0	0
1	163300000	163310000	0	0
1	163310000	163320000	0	0
1	163320000	163330000	0	0
1	163330000	163340000	0	0
1	163340000	163350000	0	0
1	163350000	163360000	0	0
1	163360000	163370000	0	0
1	163370000	163380000	0	0
1	163380000	163390000	0	0
1	163390000	163400000	0	0
1	163400000	163410000	0	0
1	163410000	163420000	0	0
1	163420000	163430000	0	0
1	163430000	163440000	0	0
1	163440000	163450000	0	0
1	163450000	163460000	0	0
1	163460000	163470000	0	0
1	163470000	163480000	0	0
1	163480000	163490000	0	0
1	163490000	163500000	0	0
1	163500000	163510000	0	0
1	163510000	163520000	0	0
1	163520000	163530000	0	0
1	163530000	163540000	0	0
1	163540000	163550000	0	0
1	163550000	163560000	0	0
1	163560000	163570000	0	0
1	163570000	163580000	0	0
1	163580000	163590000	0	0
1	163590000	163600000	0	0
1	163600000	163610000	0	0
1	163610000	163620000	0	0
1	163620000	163630000	0	0
1	163630000	163640000	0	0
1	163640000	163650000	0	0
1	163650000	163660000	0	0
1	163660000	163670000	0	0
1	163670000	163680000	0	0
1	163680000	163690000	0	0
1	163690000	163700000	0	0
1	163700000	163710000	0	0
1	163710000	163720000	0	0
1	163720000	163730000	0	0
1	163730000	163740000	0	0
1	163740000	163750000	0	0
1	163750000	163760000	0	0
1	163760000	163770000	0	0
1	163770000	163780000	0	0
1	163780000	163790000	0	0
1	163790000	163800000	0	0
1	163800000	163810000	0	0
1	163810000	163820000	0	0
1	163820000	163830000	0	0
1	163830000	163840000	0	0
1	163840000	163850000	0	0
1	163850000	163860000	0	0
1	163860000	163870000	0	0
1	163870000	163880000	0	0
1	163880000	163890000	0	0
1	163890000	163900000	0	0
1	163900000	163910000	0	0
1	163910000	163920000	0	0
1	163920000	163930000	0	0
1	163930000	163940000	0	0
1	163940000	163950000	0	0
1	163950000	163960000	0	0
1	163960000	163970000	0	0
1	163970000	163980000	0	0
1	163980000	163990000	0	0
1	163990000	164000000	0	0
1	164000000	164010000	0	0
1	164010000	164020000	0	0
1	164020000	164030000	0	0
1	164030000	164040000	0	0
1	164040000	164050000	0	0
1	164050000	164060000	0	0
1	164060000	164070000	0	0
1	164070000	164080000	0	0
1	164080000	164090000	0	0
1	164090000	164100000	0	0
1	164100000	164110000	0	0
1	164110000	164120000	0	0
1	164120000	164130000	0	0
1	164130000	164140000	0	0
1	164140000	164150000	0	0
1	164150000	164160000	0	0
1	164160000	164170000	0	0
1	164170000	164180000	0	0
1	164180000	164190000	0	0
1	164190000	164200000	0	0
1	164200000	164210000	0	0
1	164210000	164220000	0	0
1	164220000	164230000	0	0
1	164230000	164240000	0	0
1	164240000	164250000	0	0
1	164250000	164260000	0	0
1	164260000	164270000	0	0
1	164270000	164280000	0	0
1	164280000	164290000	0	0
1	164290000	164300000	0	0
1	164300000	164310000	0	0
1	164310000	164320000	0	0
1	164320000	164330000	0	0
1	164330000	164340000	0	0
1	164340000	164350000	0	0
1	164350000	164360000	0	0
1	164360000	164370000	0	0
1	164370000	164380000	0	0
1	164380000	164390000	0	0
1	164390000	164400000	0	0
1	164400000	164410000	0	0
1	164410000	164420000	0	0
1	164420000	164430000	0	0
1	164430000	164440000	0	0
1	164440000	164450000	0	0
1	164450000	164460000	0	0
1	164460000	164470000	0	0
1	164470000	164480000	0	0
1	164480000	164490000	0	0
1	164490000	164500000	0	0
1	164500000	164510000	0	0
1	164510000	164520000	0	0
1	164520000	164530000	0	0
1	164530000	164540000	0	0
1	164540000	164550000	0	0
1	164550000	164560000	0	0
1	164560000	164570000	0	0
1	164570000	164580000	0	0
1	164580000	164590000	0	0
1	164590000	164600000	0	0
1	164600000	164610000	0	0
1	164610000	164620000	0	0
1	164620000	164630000	0	0
1	164630000	164640000	0	0
1	164640000	164650000	0	0
1	164650000	164660000	0	0
1	164660000	164670000	0	0
1	164670000	164680000	0	0
1	164680000	164690000	0	0
1	164690000	164700000	0	0
1	164700000	164710000	0	0
1	164710000	164720000	0	0
1	164720000	164730000	0	0
1	164730000	164740000	0	0
1	164740000	164750000	0	0
1	164750000	164760000	0	0
1	164760000	164770000	0	0
1	164770000	164780000	0	0
1	164780000	164790000	0	0
1	164790000	164800000	0	0
1	164800000	164810000	0	0
1	164810000	164820000	0	0
1	164820000	164830000	0	0
1	164830000	164840000	0	0
1	164840000	164850000	0	0
1	164850000	164860000	0	0
1	164860000	164870000	0	0
1	164870000	164880000	0	0
1	164880000	164890000	0	0
1	164890000	164900000	0	0
1	164900000	164910000	0	0
1	164910000	164920000	0	0
1	164920000	164930000	0	0
1	164930000	164940000	0	0
1	164940000	164950000	0	0
1	164950000	164960000	0	0
1	164960000	164970000	0	0
1	164970000	164980000	0	0
1	164980000	164990000	0	0
1	164990000	165000000	0	0
1	165000000	165010000	0	0
1	165010000	165020000	0	0
1	165020000	165030000	0	0
1	165030000	165040000	0	0
1	165040000	165050000	0	0
1	165050000	165060000	0	0
1	165060000	165070000	0	0
1	165070000	165080000	0	0
1	165080000	165090000	0	0
1	165090000	165100000	0	0
1	165100000	165110000	0	0
1	165110000	165120000	0	0
1	165120000	165130000	0	0
1	165130000	165140000	0	0
1	165140000	165150000	0	0
1	165150000	165160000	0	0
1	165160000	165170000	0	0
1	165170000	165180000	0	0
1	165180000	165190000	0	0
1	165190000	165200000	0	0
1	165200000	165210000	0	0
1	165210000	165220000	0	0
1	165220000	165230000	0	0
1	165230000	165240000	0	0
1	165240000	165250000	0	0
1	165250000	165260000	0	0
1	165260000	165270000	0	0
1	165270000	165280000	0	0
1	165280000	165290000	0	0
1	165290000	165300000	0	0
1	165300000	165310000	0	0
1	165310000	165320000	0	0
1	165320000	165330000	0	0
1	165330000	165340000	0	0
1	165340000	165350000	0	0
1	165350000	165360000	0	0
1	165360000	165370000	0	0
1	165370000	165380000	0	0
1	165380000	165390000	0	0
1	165390000	165400000	0	0
1	165400000	165410000	0	0
1	165410000	165420000	0	0
1	165420000	165430000	0	0
1	165430000	165440000	0	0
1	165440000	165450000	0	0
1	165450000	165460000	0	0
1	165460000	165470000	0	0
1	165470000	165480000	0	0
1	165480000	165490000	0	0
1	165490000	165500000	0	0
1	165500000	165510000	0	0
1	165510000	165520000	0	0
1	165520000	165530000	0	0
1	165530000	165540000	0	0
1	165540000	165550000	0	0
1	165550000	165560000	0	0
1	165560000	165570000	0	0
1	165570000	165580000	0	0
1	165580000	165590000	0	0
1	165590000	165600000	0	0
1	165600000	165610000	0	0
1	165610000	165620000	0	0
1	165620000	165630000	0	0
1	165630000	165640000	0	0
1	165640000	165650000	0	0
1	165650000	165660000	0	0
1	165660000	165670000	0	0
1	165670000	165680000	0	0
1	165680000	165690000	0	0
1	165690000	165700000	0	0
1	165700000	165710000	0	0
1	165710000	165720000	0	0
1	165720000	165730000	0	0
1	165730000	165740000	0	0
1	165740000	165750000	0	0
1	165750000	165760000	0	0
1	165760000	165770000	0	0
1	165770000	165780000	0	0
1	165780000	165790000	0	0
1	165790000	165800000	0	0
1	165800000	165810000	0	0
1	165810000	165820000	0	0
1	165820000	165830000	0	0
1	165830000	165840000	0	0
1	165840000	165850000	0	0
1	165850000	165860000	0	0
1	165860000	165870000	0	0
1	165870000	165880000	0	0
1	165880000	165890000	0	0
1	165890000	165900000	0	0
1	165900000	165910000	0	0
1	165910000	165920000	0	0
1	165920000	165930000	0	0
1	165930000	165940000	0	0
1	165940000	165950000	0	0
1	165950000	165960000	0	0
1	165960000	165970000	0	0
1	165970000	165980000	0	0
1	165980000	165990000	0	0
1	165990000	166000000	0	0
1	166000000	166010000	0	0
1	166010000	166020000	0	0
1	166020000	166030000	0	0
1	166030000	166040000	0	0
1	166040000	166050000	0	0
1	166050000	166060000	0	0
1	166060000	166070000	0	0
1	166070000	166080000	0	0
1	166080000	166090000	0	0
1	166090000	166100000	0	0
1	166100000	166110000	0	0
1	166110000	166120000	0	0
1	166120000	166130000	0	0
1	166130000	166140000	0	0
1	166140000	166150000	0	0
1	166150000	166160000	0	0
1	166160000	166170000	0	0
1	166170000	166180000	0	0
1	166180000	166190000	0	0
1	166190000	166200000	0	0
1	166200000	166210000	0	0
1	166210000	166220000	0	0
1	166220000	166230000	0	0
1	166230000	166240000	0	0
1	166240000	166250000	0	0
1	166250000	166260000	0	0
1	166260000	166270000	0	0
1	166270000	166280000	0	0
1	166280000	166290000	0	0
1	166290000	166300000	0	0
1	166300000	166310000	0	0
1	166310000	166320000	0	0
1	166320000	166330000	0	0
1	166330000	166340000	0	0
1	166340000	166350000	0	0
1	166350000	166360000	0	0
1	166360000	166370000	0	0
1	166370000	166380000	0	0
1	166380000	166390000	0	0
1	166390000	166400000	0	0
1	166400000	166410000	0	0
1	166410000	166420000	0	0
1	166420000	166430000	0	0
1	166430000	166440000	0	0
1	166440000	166450000	0	0
1	166450000	166460000	0	0
1	166460000	166470000	0	0
1	166470000	166480000	0	0
1	166480000	166490000	0	0
1	166490000	166500000	0	0
1	166500000	166510000	0	0
1	166510000	166520000	0	0
1	166520000	166530000	0	0
1	166530000	166540000	0	0
1	166540000	166550000	0	0
1	166550000	166560000	0	0
1	166560000	166570000	0	0
1	166570000	166580000	0	0
1	166580000	166590000	0	0
1	166590000	166600000	0	0
1	166600000	166610000	0	0
1	166610000	166620000	0	0
1	166620000	166630000	0	0
1	166630000	166640000	0	0
1	166640000	166650000	0	0
1	166650000	166660000	0	0
1	166660000	166670000	0	0
1	166670000	166680000	0	0
1	166680000	166690000	0	0
1	166690000	166700000	0	0
1	166700000	166710000	0	0
1	166710000	166720000	0	0
1	166720000	166730000	0	0
1	166730000	166740000	0	0
1	166740000	166750000	0	0
1	166750000	166760000	0	0
1	166760000	166770000	0	0
1	166770000	166780000	0	0
1	166780000	166790000	0	0
1	166790000	166800000	0	0
1	166800000	166810000	0	0
1	166810000	166820000	0	0
1	166820000	166830000	0	0
1	166830000	166840000	0	0
1	166840000	166850000	0	0
1	166850000	166860000	0	0
1	166860000	166870000	0	0
1	166870000	166880000	0	0
1	166880000	166890000	0	0
1	166890000	166900000	0	0
1	166900000	166910000	0	0
1	166910000	166920000	0	0
1	166920000	166930000	0	0
1	166930000	166940000	0	0
1	166940000	166950000	0	0
1	166950000	166960000	0	0
1	166960000	166970000	0	0
1	166970000	166980000	0	0
1	166980000	166990000	0	0
1	166990000	167000000	0	0
1	167000000	167010000	0	0
1	167010000	167020000	0	0
1	167020000	167030000	0	0
1	167030000	167040000	0	0
1	167040000	167050000	0	0
1	167050000	167060000	0	0
1	167060000	167070000	0	0
1	167070000	167080000	0	0
1	167080000	167090000	0	0
1	167090000	167100000	0	0
1	167100000	167110000	0	0
1	167110000	167120000	0	0
1	167120000	167130000	0	0
1	167130000	167140000	0	0
1	167140000	167150000	0	0
1	167150000	167160000	0	0
1	167160000	167170000	0	0
1	167170000	167180000	0	0
1	167180000	167190000	0	0
1	167190000	167200000	0	0
1	167200000	167210000	0	0
1	167210000	167220000	0	0
1	167220000	167230000	0	0
1	167230000	167240000	0	0
1	167240000	167250000	0	0
1	167250000	167260000	0	0
1	167260000	167270000	0	0
1	167270000	167280000	0	0
1	167280000	167290000	0	0
1	167290000	167300000	0	0
1	167300000	167310000	0	0
1	167310000	167320000	0	0
1	167320000	167330000	0	0
1	167330000	167340000	0	0
1	167340000	167350000	0	0
1	167350000	167360000	0	0
1	167360000	167370000	0	0
1	167370000	167380000	0	0
1	167380000	167390000	0	0
1	167390000	167400000	0	0
1	167400000	167410000	0	0
1	167410000	167420000	0	0
1	167420000	167430000	0	0
1	167430000	167440000	0	0
1	167440000	167450000	0	0
1	167450000	167460000	0	0
1	167460000	167470000	0	0
1	167470000	167480000	0	0
1	167480000	167490000	0	0
1	167490000	167500000	0	0
1	167500000	167510000	0	0
1	167510000	167520000	0	0
1	167520000	167530000	0	0
1	167530000	167540000	0	0
1	167540000	167550000	0	0
1	167550000	167560000	0	0
1	167560000	167570000	0	0
1	167570000	167580000	0	0
1	167580000	167590000	0	0
1	167590000	167600000	0	0
1	167600000	167610000	0	0
1	167610000	167620000	0	0
1	167620000	167630000	0	0
1	167630000	167640000	0	0
1	167640000	167650000	0	0
1	167650000	167660000	0	0
1	167660000	167670000	0	0
1	167670000	167680000	0	0
1	167680000	167690000	0	0
1	167690000	167700000	0	0
1	167700000	167710000	0	0
1	167710000	167720000	0	0
1	167720000	167730000	0	0
1	167730000	167740000	0	0
1	167740000	167750000	0	0
1	167750000	167760000	0	0
1	167760000	167770000	0	0
1	167770000	167780000	0	0
1	167780000	167790000	0	0
1	167790000	167800000	0	0
1	167800000	167810000	0	0
1	167810000	167820000	0	0
1	167820000	167830000	0	0
1	167830000	167840000	0	0
1	167840000	167850000	0	0
1	167850000	167860000	0	0
1	167860000	167870000	0	0
1	167870000	167880000	0	0
1	167880000	167890000	0	0
1	167890000	167900000	0	0
1	167900000	167910000	0	0
1	167910000	167920000	0	0
1	167920000	167930000	0	0
1	167930000	167940000	0	0
1	167940000	167950000	0	0
1	167950000	167960000	0	0
1	167960000	167970000	0	0
1	167970000	167980000	0	0
1	167980000	167990000	0	0
1	167990000	168000000	0	0
1	168000000	168010000	0	0
1	168010000	168020000	0	0
1	168020000	168030000	0	0
1	168030000	168040000	0	0
1	168040000	168050000	0	0
1	168050000	168060000	0	0
1	168060000	168070000	0	0
1	168070000	168080000	0	0
1	168080000	168090000	0	0
1	168090000	168100000	0	0
1	168100000	168110000	0	0
1	168110000	168120000	0	0
1	168120000	168130000	0	0
1	168130000	168140000	0	0
1	168140000	168150000	0	0
1	168150000	168160000	0	0
1	168160000	168170000	0	0
1	168170000	168180000	0	0
1	168180000	168190000	0	0
1	168190000	168200000	0	0
1	168200000	168210000	0	0
1	168210000	168220000	0	0
1	168220000	168230000	0	0
1	168230000	168240000	0	0
1	168240000	168250000	0	0
1	168250000	168260000	0	0
1	168260000	168270000	0	0
1	168270000	168280000	0	0
1	168280000	168290000	0	0
1	168290000	168300000	0	0
1	168300000	168310000	0	0
1	168310000	168320000	0	0
1	168320000	168330000	0	0
1	168330000	168340000	0	0
1	168340000	168350000	0	0
1	168350000	168360000	0	0
1	168360000	168370000	0	0
1	168370000	168380000	0	0
1	168380000	168390000	0	0
1	168390000	168400000	0	0
1	168400000	168410000	0	0
1	168410000	168420000	0	0
1	168420000	168430000	0	0
1	168430000	168440000	0	0
1	168440000	168450000	0	0
1	168450000	168460000	0	0
1	168460000	168470000	0	0
1	168470000	168480000	0	0
1	168480000	168490000	0	0
1	168490000	168500000	0	0
1	168500000	168510000	0	0
1	168510000	168520000	0	0
1	168520000	168530000	0	0
1	168530000	168540000	0	0
1	168540000	168550000	0	0
1	168550000	168560000	0	0
1	168560000	168570000	0	0
1	168570000	168580000	0	0
1	168580000	168590000	0	0
1	168590000	168600000	0	0
1	168600000	168610000	0	0
1	168610000	168620000	0	0
1	168620000	168630000	0	0
1	168630000	168640000	0	0
1	168640000	168650000	0	0
1	168650000	168660000	0	0
1	168660000	168670000	0	0
1	168670000	168680000	0	0
1	168680000	168690000	0	0
1	168690000	168700000	0	0
1	168700000	168710000	0	0
1	168710000	168720000	0	0
1	168720000	168730000	0	0
1	168730000	168740000	0	0
1	168740000	168750000	0	0
1	168750000	168760000	0	0
1	168760000	168770000	0	0
1	168770000	168780000	0	0
1	168780000	168790000	0	0
1	168790000	168800000	0	0
1	168800000	168810000	0	0
1	168810000	168820000	0	0
1	168820000	168830000	0	0
1	168830000	168840000	0	0
1	168840000	168850000	0	0
1	168850000	168860000	0	0
1	168860000	168870000	0	0
1	168870000	168880000	0	0
1	168880000	168890000	0	0
1	168890000	168900000	0	0
1	168900000	168910000	0	0
1	168910000	168920000	0	0
1	168920000	168930000	0	0
1	168930000	168940000	0	0
1	168940000	168950000	0	0
1	168950000	168960000	0	0
1	168960000	168970000	0	0
1	168970000	168980000	0	0
1	168980000	168990000	0	0
1	168990000	169000000	0	0
1	169000000	169010000	0	0
1	169010000	169020000	0	0
1	169020000	169030000	0	0
1	169030000	169040000	0	0
1	169040000	169050000	0	0
1	169050000	169060000	0	0
1	169060000	169070000	0	0
1	169070000	169080000	0	0
1	169080000	169090000	0	0
1	169090000	169100000	0	0
1	169100000	169110000	0	0
1	169110000	169120000	0	0
1	169120000	169130000	0	0
1	169130000	169140000	0	0
1	169140000	169150000	0	0
1	169150000	169160000	0	0
1	169160000	169170000	0	0
1	169170000	169180000	0	0
1	169180000	169190000	0	0
1	169190000	169200000	0	0
1	169200000	169210000	0	0
1	169210000	169220000	0	0
1	169220000	169230000	0	0
1	169230000	169240000	0	0
1	169240000	169250000	0	0
1	169250000	169260000	0	0
1	169260000	169270000	0	0
1	169270000	169280000	0	0
1	169280000	169290000	0	0
1	169290000	169300000	0	0
1	169300000	169310000	0	0
1	169310000	169320000	0	0
1	169320000	169330000	0	0
1	169330000	169340000	0	0
1	169340000	169350000	0	0
1	169350000	169360000	0	0
1	169360000	169370000	0	0
1	169370000	169380000	0	0
1	169380000	169390000	0	0
1	169390000	169400000	0	0
1	169400000	169410000	0	0
1	169410000	169420000	0	0
1	169420000	169430000	0	0
1	169430000	169440000	0	0
1	169440000	169450000	0	0
1	169450000	169460000	0	0
1	169460000	169470000	0	0
1	169470000	169480000	0	0
1	169480000	169490000	0	0
1	169490000	169500000	0	0
1	169500000	169510000	0	0
1	169510000	169520000	0	0
1	169520000	169530000	0	0
1	169530000	169540000	0	0
1	169540000	169550000	0	0
1	169550000	169560000	0	0
1	169560000	169570000	0	0
1	169570000	169580000	0	0
1	169580000	169590000	0	0
1	169590000	169600000	0	0
1	169600000	169610000	0	0
1	169610000	169620000	0	0
1	169620000	169630000	0	0
1	169630000	169640000	0	0
1	169640000	169650000	0	0
1	169650000	169660000	0	0
1	169660000	169670000	0	0
1	169670000	169680000	0	0
1	169680000	169690000	0	0
1	169690000	169700000	0	0
1	169700000	169710000	0	0
1	169710000	169720000	0	0
1	169720000	169730000	0	0
1	169730000	169740000	0	0
1	169740000	169750000	0	0
1	169750000	169760000	0	0
1	169760000	169770000	0	0
1	169770000	169780000	0	0
1	169780000	169790000	0	0
1	169790000	169800000	0	0
1	169800000	169810000	0	0
1	169810000	169820000	0	0
1	169820000	169830000	0	0
1	169830000	169840000	0	0
1	169840000	169850000	0	0
1	169850000	169860000	0	0
1	169860000	169870000	0	0
1	169870000	169880000	0	0
1	169880000	169890000	0	0
1	169890000	169900000	0	0
1	169900000	169910000	0	0
1	169910000	169920000	0	0
1	169920000	169930000	0	0
1	169930000	169940000	0	0
1	169940000	169950000	0	0
1	169950000	169960000	0	0
1	169960000	169970000	0	0
1	169970000	169980000	0	0
1	169980000	169990000	0	0
1	169990000	170000000	0	0
1	170000000	170010000	0	0
1	170010000	170020000	0	0
1	170020000	170030000	0	0
1	170030000	170040000	0	0
1	170040000	170050000	0	0
1	170050000	170060000	0	0
1	170060000	170070000	0	0
1	170070000	170080000	0	0
1	170080000	170090000	0	0
1	170090000	170100000	0	0
1	170100000	170110000	0	0
1	170110000	170120000	0	0
1	170120000	170130000	0	0
1	170130000	170140000	0	0
1	170140000	170150000	0	0
1	170150000	170160000	0	0
1	170160000	170170000	0	0
1	170170000	170180000	0	0
1	170180000	170190000	0	0
1	170190000	170200000	0	0
1	170200000	170210000	0	0
1	170210000	170220000	0	0
1	170220000	170230000	0	0
1	170230000	170240000	0	0
1	170240000	170250000	0	0
1	170250000	170260000	0	0
1	170260000	170270000	0	0
1	170270000	170280000	0	0
1	170280000	170290000	0	0
1	170290000	170300000	0	0
1	170300000	170310000	0	0
1	170310000	170320000	0	0
1	170320000	170330000	0	0
1	170330000	170340000	0	0
1	170340000	170350000	0	0
1	170350000	170360000	0	0
1	170360000	170370000	0	0
1	170370000	170380000	0	0
1	170380000	170390000	0	0
1	170390000	170400000	0	0
1	170400000	170410000	0	0
1	170410000	170420000	0	0
1	170420000	170430000	0	0
1	170430000	170440000	0	0
1	170440000	170450000	0	0
1	170450000	170460000	0	0
1	170460000	170470000	0	0
1	170470000	170480000	0	0
1	170480000	170490000	0	0
1	170490000	170500000	0	0
1	170500000	170510000	0	0
1	170510000	170520000	0	0
1	170520000	170530000	0	0
1	170530000	170540000	0	0
1	170540000	170550000	0	0
1	170550000	170560000	0	0
1	170560000	170570000	0	0
1	170570000	170580000	0	0
1	170580000	170590000	0	0
1	170590000	170600000	0	0
1	170600000	170610000	0	0
1	170610000	170620000	0	0
1	170620000	170630000	0	0
1	170630000	170640000	0	0
1	170640000	170650000	0	0
1	170650000	170660000	0	0
1	170660000	170670000	0	0
1	170670000	170680000	0	0
1	170680000	170690000	0	0
1	170690000	170700000	0	0
1	170700000	170710000	0	0
1	170710000	170720000	0	0
1	170720000	170730000	0	0
1	170730000	170740000	0	0
1	170740000	170750000	0	0
1	170750000	170760000	0	0
1	170760000	170770000	0	0
1	170770000	170780000	0	0
1	170780000	170790000	0	0
1	170790000	170800000	0	0
1	170800000	170810000	0	0
1	170810000	170820000	0	0
1	170820000	170830000	0	0
1	170830000	170840000	0	0
1	170840000	170850000	0	0
1	170850000	170860000	0	0
1	170860000	170870000	0	0
1	170870000	170880000	0	0
1	170880000	170890000	0	0
1	170890000	170900000	0	0
1	170900000	170910000	0	0
1	170910000	170920000	0	0
1	170920000	170930000	0	0
1	170930000	170940000	0	0
1	170940000	170950000	0	0
1	170950000	170960000	0	0
1	170960000	170970000	0	0
1	170970000	170980000	0	0
1	170980000	170990000	0	0
1	170990000	171000000	0	0
1	171000000	171010000	0	0
1	171010000	171020000	0	0
1	171020000	171030000	0	0
1	171030000	171040000	0	0
1	171040000	171050000	0	0
1	171050000	171060000	0	0
1	171060000	171070000	0	0
1	171070000	171080000	0	0
1	171080000	171090000	0	0
1	171090000	171100000	0	0
1	171100000	171110000	0	0
1	171110000	171120000	0	0
1	171120000	171130000	0	0
1	171130000	171140000	0	0
1	171140000	171150000	0	0
1	171150000	171160000	0	0
1	171160000	171170000	0	0
1	171170000	171180000	0	0
1	171180000	171190000	0	0
1	171190000	171200000	0	0
1	171200000	171210000	0	0
1	171210000	171220000	0	0
1	171220000	171230000	0	0
1	171230000	171240000	0	0
1	171240000	171250000	0	0
1	171250000	171260000	0	0
1	171260000	171270000	0	0
1	171270000	171280000	0	0
1	171280000	171290000	0	0
1	171290000	171300000	0	0
1	171300000	171310000	0	0
1	171310000	171320000	0	0
1	171320000	171330000	0	0
1	171330000	171340000	0	0
1	171340000	171350000	0	0
1	171350000	171360000	0	0
1	171360000	171370000	0	0
1	171370000	171380000	0	0
1	171380000	171390000	0	0
1	171390000	171400000	0	0
1	171400000	171410000	0	0
1	171410000	171420000	0	0
1	171420000	171430000	0	0
1	171430000	171440000	0	0
1	171440000	171450000	0	0
1	171450000	171460000	0	0
1	171460000	171470000	0	0
1	171470000	171480000	0	0
1	171480000	171490000	0	0
1	171490000	171500000	0	0
1	171500000	171510000	0	0
1	171510000	171520000	0	0
1	171520000	171530000	0	0
1	171530000	171540000	0	0
1	171540000	171550000	0	0
1	171550000	171560000	0	0
1	171560000	171570000	0	0
1	171570000	171580000	0	0
1	171580000	171590000	0	0
1	171590000	171600000	0	0
1	171600000	171610000	0	0
1	171610000	171620000	0	0
1	171620000	171630000	0	0
1	171630000	171640000	0	0
1	171640000	171650000	0	0
1	171650000	171660000	0	0
1	171660000	171670000	0	0
1	171670000	171680000	0	0
1	171680000	171690000	0	0
1	171690000	171700000	0	0
1	171700000	171710000	0	0
1	171710000	171720000	0	0
1	171720000	171730000	0	0
1	171730000	171740000	0	0
1	171740000	171750000	0	0
1	171750000	171760000	0	0
1	171760000	171770000	0	0
1	171770000	171780000	0	0
1	171780000	171790000	0	0
1	171790000	171800000	0	0
1	171800000	171810000	0	0
1	171810000	171820000	0	0
1	171820000	171830000	0	0
1	171830000	171840000	0	0
1	171840000	171850000	0	0
1	171850000	171860000	0	0
1	171860000	171870000	0	0
1	171870000	171880000	0	0
1	171880000	171890000	0	0
1	171890000	171900000	0	0
1	171900000	171910000	0	0
1	171910000	171920000	0	0
1	171920000	171930000	0	0
1	171930000	171940000	0	0
1	171940000	171950000	0	0
1	171950000	171960000	0	0
1	171960000	171970000	0	0
1	171970000	171980000	0	0
1	171980000	171990000	0	0
1	171990000	172000000	0	0
1	172000000	172010000	0	0
1	172010000	172020000	0	0
1	172020000	172030000	0	0
1	172030000	172040000	0	0
1	172040000	172050000	0	0
1	172050000	172060000	0	0
1	172060000	172070000	0	0
1	172070000	172080000	0	0
1	172080000	172090000	0	0
1	172090000	172100000	0	0
1	172100000	172110000	0	0
1	172110000	172120000	0	0
1	172120000	172130000	0	0
1	172130000	172140000	0	0
1	172140000	172150000	0	0
1	172150000	172160000	0	0
1	172160000	172170000	0	0
1	172170000	172180000	0	0
1	172180000	172190000	0	0
1	172190000	172200000	0	0
1	172200000	172210000	0	0
1	172210000	172220000	0	0
1	172220000	172230000	0	0
1	172230000	172240000	0	0
1	172240000	172250000	0	0
1	172250000	172260000	0	0
1	172260000	172270000	0	0
1	172270000	172280000	0	0
1	172280000	172290000	0	0
1	172290000	172300000	0	0
1	172300000	172310000	0	0
1	172310000	172320000	0	0
1	172320000	172330000	0	0
1	172330000	172340000	0	0
1	172340000	172350000	0	0
1	172350000	172360000	0	0
1	172360000	172370000	0	0
1	172370000	172380000	0	0
1	172380000	172390000	0	0
1	172390000	172400000	0	0
1	172400000	172410000	0	0
1	172410000	172420000	0	0
1	172420000	172430000	0	0
1	172430000	172440000	0	0
1	172440000	172450000	0	0
1	172450000	172460000	0	0
1	172460000	172470000	0	0
1	172470000	172480000	0	0
1	172480000	172490000	0	0
1	172490000	172500000	0	0
1	172500000	172510000	0	0
1	172510000	172520000	0	0
1	172520000	172530000	0	0
1	172530000	172540000	0	0
1	172540000	172550000	0	0
1	172550000	172560000	0	0
1	172560000	172570000	0	0
1	172570000	172580000	0	0
1	172580000	172590000	0	0
1	172590000	172600000	0	0
1	172600000	172610000	0	0
1	172610000	172620000	0	0
1	172620000	172630000	0	0
1	172630000	172640000	0	0
1	172640000	172650000	0	0
1	172650000	172660000	0	0
1	172660000	172670000	0	0
1	172670000	172680000	0	0
1	172680000	172690000	0	0
1	172690000	172700000	0	0
1	172700000	172710000	0	0
1	172710000	172720000	0	0
1	172720000	172730000	0	0
1	172730000	172740000	0	0
1	172740000	172750000	0	0
1	172750000	172760000	0	0
1	172760000	172770000	0	0
1	172770000	172780000	0	0
1	172780000	172790000	0	0
1	172790000	172800000	0	0
1	172800000	172810000	0	0
1	172810000	172820000	0	0
1	172820000	172830000	0	0
1	172830000	172840000	0	0
1	172840000	172850000	0	0
1	172850000	172860000	0	0
1	172860000	172870000	0	0
1	172870000	172880000	0	0
1	172880000	172890000	0	0
1	172890000	172900000	0	0
1	172900000	172910000	0	0
1	172910000	172920000	0	0
1	172920000	172930000	0	0
1	172930000	172940000	0	0
1	172940000	172950000	0	0
1	172950000	172960000	0	0
1	172960000	172970000	0	0
1	172970000	172980000	0	0
1	172980000	172990000	0	0
1	172990000	173000000	0	0
1	173000000	173010000	0	0
1	173010000	173020000	0	0
1	173020000	173030000	0	0
1	173030000	173040000	0	0
1	173040000	173050000	0	0
1	173050000	173060000	0	0
1	173060000	173070000	0	0
1	173070000	173080000	0	0
1	173080000	173090000	0	0
1	173090000	173100000	0	0
1	173100000	173110000	0	0
1	173110000	173120000	0	0
1	173120000	173130000	0	0
1	173130000	173140000	0	0
1	173140000	173150000	0	0
1	173150000	173160000	0	0
1	173160000	173170000	0	0
1	173170000	173180000	0	0
1	173180000	173190000	0	0
1	173190000	173200000	0	0
1	173200000	173210000	0	0
1	173210000	173220000	0	0
1	173220000	173230000	0	0
1	173230000	173240000	0	0
1	173240000	173250000	0	0
1	173250000	173260000	0	0
1	173260000	173270000	0	0
1	173270000	173280000	0	0
1	173280000	173290000	0	0
1	173290000	173300000	0	0
1	173300000	173310000	0	0
1	173310000	173320000	0	0
1	173320000	173330000	0	0
1	173330000	173340000	0	0
1	173340000	173350000	0	0
1	173350000	173360000	0	0
1	173360000	173370000	0	0
1	173370000	173380000	0	0
1	173380000	173390000	0	0
1	173390000	173400000	0	0
1	173400000	173410000	0	0
1	173410000	173420000	0	0
1	173420000	173430000	0	0
1	173430000	173440000	0	0
1	173440000	173450000	0	0
1	173450000	173460000	0	0
1	173460000	173470000	0	0
1	173470000	173480000	0	0
1	173480000	173490000	0	0
1	173490000	173500000	0	0
1	173500000	173510000	0	0
1	173510000	173520000	0	0
1	173520000	173530000	0	0
1	173530000	173540000	0	0
1	173540000	173550000	0	0
1	173550000	173560000	0	0
1	173560000	173570000	0	0
1	173570000	173580000	0	0
1	173580000	173590000	0	0
1	173590000	173600000	0	0
1	173600000	173610000	0	0
1	173610000	173620000	0	0
1	173620000	173630000	0	0
1	173630000	173640000	0	0
1	173640000	173650000	0	0
1	173650000	173660000	0	0
1	173660000	173670000	0	0
1	173670000	173680000	0	0
1	173680000	173690000	0	0
1	173690000	173700000	0	0
1	173700000	173710000	0	0
1	173710000	173720000	0	0
1	173720000	173730000	0	0
1	173730000	173740000	0	0
1	173740000	173750000	0	0
1	173750000	173760000	0	0
1	173760000	173770000	0	0
1	173770000	173780000	0	0
1	173780000	173790000	0	0
1	173790000	173800000	0	0
1	173800000	173810000	0	0
1	173810000	173820000	0	0
1	173820000	173830000	0	0
1	173830000	173840000	0	0
1	173840000	173850000	0	0
1	173850000	173860000	0	0
1	173860000	173870000	0	0
1	173870000	173880000	0	0
1	173880000	173890000	0	0
1	173890000	173900000	0	0
1	173900000	173910000	0	0
1	173910000	173920000	0	0
1	173920000	173930000	0	0
1	173930000	173940000	0	0
1	173940000	173950000	0	0
1	173950000	173960000	0	0
1	173960000	173970000	0	0
1	173970000	173980000	0	0
1	173980000	173990000	0	0
1	173990000	174000000	0	0
1	174000000	174010000	0	0
1	174010000	174020000	0	0
1	174020000	174030000	0	0
1	174030000	174040000	0	0
1	174040000	174050000	0	0
1	174050000	174060000	0	0
1	174060000	174070000	0	0
1	174070000	174080000	0	0
1	174080000	174090000	0	0
1	174090000	174100000	0	0
1	174100000	174110000	0	0
1	174110000	174120000	0	0
1	174120000	174130000	0	0
1	174130000	174140000	0	0
1	174140000	174150000	0	0
1	174150000	174160000	0	0
1	174160000	174170000	0	0
1	174170000	174180000	0	0
1	174180000	174190000	0	0
1	174190000	174200000	0	0
1	174200000	174210000	0	0
1	174210000	174220000	0	0
1	174220000	174230000	0	0
1	174230000	174240000	0	0
1	174240000	174250000	0	0
1	174250000	174260000	0	0
1	174260000	174270000	0	0
1	174270000	174280000	0	0
1	174280000	174290000	0	0
1	174290000	174300000	0	0
1	174300000	174310000	0	0
1	174310000	174320000	0	0
1	174320000	174330000	0	0
1	174330000	174340000	0	0
1	174340000	174350000	0	0
1	174350000	174360000	0	0
1	174360000	174370000	0	0
1	174370000	174380000	0	0
1	174380000	174390000	0	0
1	174390000	174400000	0	0
1	174400000	174410000	0	0
1	174410000	174420000	0	0
1	174420000	174430000	0	0
1	174430000	174440000	0	0
1	174440000	174450000	0	0
1	174450000	174460000	0	0
1	174460000	174470000	0	0
1	174470000	174480000	0	0
1	174480000	174490000	0	0
1	174490000	174500000	0	0
1	174500000	174510000	0	0
1	174510000	174520000	0	0
1	174520000	174530000	0	0
1	174530000	174540000	0	0
1	174540000	174550000	0	0
1	174550000	174560000	0	0
1	174560000	174570000	0	0
1	174570000	174580000	0	0
1	174580000	174590000	0	0
1	174590000	174600000	0	0
1	174600000	174610000	0	0
1	174610000	174620000	0	0
1	174620000	174630000	0	0
1	174630000	174640000	0	0
1	174640000	174650000	0	0
1	174650000	174660000	0	0
1	174660000	174670000	0	0
1	174670000	174680000	0	0
1	174680000	174690000	0	0
1	174690000	174700000	0	0
1	174700000	174710000	0	0
1	174710000	174720000	0	0
1	174720000	174730000	0	0
1	174730000	174740000	0	0
1	174740000	174750000	0	0
1	174750000	174760000	0	0
1	174760000	174770000	0	0
1	174770000	174780000	0	0
1	174780000	174790000	0	0
1	174790000	174800000	0	0
1	174800000	174810000	0	0
1	174810000	174820000	0	0
1	174820000	174830000	0	0
1	174830000	174840000	0	0
1	174840000	174850000	0	0
1	174850000	174860000	0	0
1	174860000	174870000	0	0
1	174870000	174880000	0	0
1	174880000	174890000	0	0
1	174890000	174900000	0	0
1	174900000	174910000	0	0
1	174910000	174920000	0	0
1	174920000	174930000	0	0
1	174930000	174940000	0	0
1	174940000	174950000	0	0
1	174950000	174960000	0	0
1	174960000	174970000	0	0
1	174970000	174980000	0	0
1	174980000	174990000	0	0
1	174990000	175000000	0	0
1	175000000	175010000	0	0
1	175010000	175020000	0	0
1	175020000	175030000	0	0
1	175030000	175040000	0	0
1	175040000	175050000	0	0
1	175050000	175060000	0	0
1	175060000	175070000	0	0
1	175070000	175080000	0	0
1	175080000	175090000	0	0
1	175090000	175100000	0	0
1	175100000	175110000	0	0
1	175110000	175120000	0	0
1	175120000	175130000	0	0
1	175130000	175140000	0	0
1	175140000	175150000	0	0
1	175150000	175160000	0	0
1	175160000	175170000	0	0
1	175170000	175180000	0	0
1	175180000	175190000	0	0
1	175190000	175200000	0	0
1	175200000	175210000	0	0
1	175210000	175220000	0	0
1	175220000	175230000	0	0
1	175230000	175240000	0	0
1	175240000	175250000	0	0
1	175250000	175260000	0	0
1	175260000	175270000	0	0
1	175270000	175280000	0	0
1	175280000	175290000	0	0
1	175290000	175300000	0	0
1	175300000	175310000	0	0
1	175310000	175320000	0	0
1	175320000	175330000	0	0
1	175330000	175340000	0	0
1	175340000	175350000	0	0
1	175350000	175360000	0	0
1	175360000	175370000	0	0
1	175370000	175380000	0	0
1	175380000	175390000	0	0
1	175390000	175400000	0	0
1	175400000	175410000	0	0
1	175410000	175420000	0	0
1	175420000	175430000	0	0
1	175430000	175440000	0	0
1	175440000	175450000	0	0
1	175450000	175460000	0	0
1	175460000	175470000	0	0
1	175470000	175480000	0	0
1	175480000	175490000	0	0
1	175490000	175500000	0	0
1	175500000	175510000	0	0
1	175510000	175520000	0	0
1	175520000	175530000	0	0
1	175530000	175540000	0	0
1	175540000	175550000	0	0
1	175550000	175560000	0	0
1	175560000	175570000	0	0
1	175570000	175580000	0	0
1	175580000	175590000	0	0
1	175590000	175600000	0	0
1	175600000	175610000	0	0
1	175610000	175620000	0	0
1	175620000	175630000	0	0
1	175630000	175640000	0	0
1	175640000	175650000	0	0
1	175650000	175660000	0	0
1	175660000	175670000	0	0
1	175670000	175680000	0	0
1	175680000	175690000	0	0
1	175690000	175700000	0	0
1	175700000	175710000	0	0
1	175710000	175720000	0	0
1	175720000	175730000	0	0
1	175730000	175740000	0	0
1	175740000	175750000	0	0
1	175750000	175760000	0	0
1	175760000	175770000	0	0
1	175770000	175780000	0	0
1	175780000	175790000	0	0
1	175790000	175800000	0	0
1	175800000	175810000	0	0
1	175810000	175820000	0	0
1	175820000	175830000	0	0
1	175830000	175840000	0	0
1	175840000	175850000	0	0
1	175850000	175860000	0	0
1	175860000	175870000	0	0
1	175870000	175880000	0	0
1	175880000	175890000	0	0
1	175890000	175900000	0	0
1	175900000	175910000	0	0
1	175910000	175920000	0	0
1	175920000	175930000	0	0
1	175930000	175940000	0	0
1	175940000	175950000	0	0
1	175950000	175960000	0	0
1	175960000	175970000	0	0
1	175970000	175980000	0	0
1	175980000	175990000	0	0
1	175990000	176000000	0	0
1	176000000	176010000	0	0
1	176010000	176020000	0	0
1	176020000	176030000	0	0
1	176030000	176040000	0	0
1	176040000	176050000	0	0
1	176050000	176060000	0	0
1	176060000	176070000	0	0
1	176070000	176080000	0	0
1	176080000	176090000	0	0
1	176090000	176100000	0	0
1	176100000	176110000	0	0
1	176110000	176120000	0	0
1	176120000	176130000	0	0
1	176130000	176140000	0	0
1	176140000	176150000	0	0
1	176150000	176160000	0	0
1	176160000	176170000	0	0
1	176170000	176180000	0	0
1	176180000	176190000	0	0
1	176190000	176200000	0	0
1	176200000	176210000	0	0
1	176210000	176220000	0	0
1	176220000	176230000	0	0
1	176230000	176240000	0	0
1	176240000	176250000	0	0
1	176250000	176260000	0	0
1	176260000	176270000	0	0
1	176270000	176280000	0	0
1	176280000	176290000	0	0
1	176290000	176300000	0	0
1	176300000	176310000	0	0
1	176310000	176320000	0	0
1	176320000	176330000	0	0
1	176330000	176340000	0	0
1	176340000	176350000	0	0
1	176350000	176360000	0	0
1	176360000	176370000	0	0
1	176370000	176380000	0	0
1	176380000	176390000	0	0
1	176390000	176400000	0	0
1	176400000	176410000	0	0
1	176410000	176420000	0	0
1	176420000	176430000	0	0
1	176430000	176440000	0	0
1	176440000	176450000	0	0
1	176450000	176460000	0	0
1	176460000	176470000	0	0
1	176470000	176480000	0	0
1	176480000	176490000	0	0
1	176490000	176500000	0	0
1	176500000	176510000	0	0
1	176510000	176520000	0	0
1	176520000	176530000	0	0
1	176530000	176540000	0	0
1	176540000	176550000	0	0
1	176550000	176560000	0	0
1	176560000	176570000	0	0
1	176570000	176580000	0	0
1	176580000	176590000	0	0
1	176590000	176600000	0	0
1	176600000	176610000	0	0
1	176610000	176620000	0	0
1	176620000	176630000	0	0
1	176630000	176640000	0	0
1	176640000	176650000	0	0
1	176650000	176660000	0	0
1	176660000	176670000	0	0
1	176670000	176680000	0	0
1	176680000	176690000	0	0
1	176690000	176700000	0	0
1	176700000	176710000	0	0
1	176710000	176720000	0	0
1	176720000	176730000	0	0
1	176730000	176740000	0	0
1	176740000	176750000	0	0
1	176750000	176760000	0	0
1	176760000	176770000	0	0
1	176770000	176780000	0	0
1	176780000	176790000	0	0
1	176790000	176800000	0	0
1	176800000	176810000	0	0
1	176810000	176820000	0	0
1	176820000	176830000	0	0
1	176830000	176840000	0	0
1	176840000	176850000	0	0
1	176850000	176860000	0	0
1	176860000	176870000	0	0
1	176870000	176880000	0	0
1	176880000	176890000	0	0
1	176890000	176900000	0	0
1	176900000	176910000	0	0
1	176910000	176920000	0	0
1	176920000	176930000	0	0
1	176930000	176940000	0	0
1	176940000	176950000	0	0
1	176950000	176960000	0	0
1	176960000	176970000	0	0
1	176970000	176980000	0	0
1	176980000	176990000	0	0
1	176990000	177000000	0	0
1	177000000	177010000	0	0
1	177010000	177020000	0	0
1	177020000	177030000	0	0
1	177030000	177040000	0	0
1	177040000	177050000	0	0
1	177050000	177060000	0	0
1	177060000	177070000	0	0
1	177070000	177080000	0	0
1	177080000	177090000	0	0
1	177090000	177100000	0	0
1	177100000	177110000	0	0
1	177110000	177120000	0	0
1	177120000	177130000	0	0
1	177130000	177140000	0	0
1	177140000	177150000	0	0
1	177150000	177160000	0	0
1	177160000	177170000	0	0
1	177170000	177180000	0	0
1	177180000	177190000	0	0
1	177190000	177200000	0	0
1	177200000	177210000	0	0
1	177210000	177220000	0	0
1	177220000	177230000	0	0
1	177230000	177240000	0	0
1	177240000	177250000	0	0
1	177250000	177260000	0	0
1	177260000	177270000	0	0
1	177270000	177280000	0	0
1	177280000	177290000	0	0
1	177290000	177300000	0	0
1	177300000	177310000	0	0
1	177310000	177320000	0	0
1	177320000	177330000	0	0
1	177330000	177340000	0	0
1	177340000	177350000	0	0
1	177350000	177360000	0	0
1	177360000	177370000	0	0
1	177370000	177380000	0	0
1	177380000	177390000	0	0
1	177390000	177400000	0	0
1	177400000	177410000	0	0
1	177410000	177420000	0	0
1	177420000	177430000	0	0
1	177430000	177440000	0	0
1	177440000	177450000	0	0
1	177450000	177460000	0	0
1	177460000	177470000	0	0
1	177470000	177480000	0	0
1	177480000	177490000	0	0
1	177490000	177500000	0	0
1	177500000	177510000	0	0
1	177510000	177520000	0	0
1	177520000	177530000	0	0
1	177530000	177540000	0	0
1	177540000	177550000	0	0
1	177550000	177560000	0	0
1	177560000	177570000	0	0
1	177570000	177580000	0	0
1	177580000	177590000	0	0
1	177590000	177600000	0	0
1	177600000	177610000	0	0
1	177610000	177620000	0	0
1	177620000	177630000	0	0
1	177630000	177640000	0	0
1	177640000	177650000	0	0
1	177650000	177660000	0	0
1	177660000	177670000	0	0
1	177670000	177680000	0	0
1	177680000	177690000	0	0
1	177690000	177700000	0	0
1	177700000	177710000	0	0
1	177710000	177720000	0	0
1	177720000	177730000	0	0
1	177730000	177740000	0	0
1	177740000	177750000	0	0
1	177750000	177760000	0	0
1	177760000	177770000	0	0
1	177770000	177780000	0	0
1	177780000	177790000	0	0
1	177790000	177800000	0	0
1	177800000	177810000	0	0
1	177810000	177820000	0	0
1	177820000	177830000	0	0
1	177830000	177840000	0	0
1	177840000	177850000	0	0
1	177850000	177860000	0	0
1	177860000	177870000	0	0
1	177870000	177880000	0	0
1	177880000	177890000	0	0
1	177890000	177900000	0	0
1	177900000	177910000	0	0
1	177910000	177920000	0	0
1	177920000	177930000	0	0
1	177930000	177940000	0	0
1	177940000	177950000	0	0
1	177950000	177960000	0	0
1	177960000	177970000	0	0
1	177970000	177980000	0	0
1	177980000	177990000	0	0
1	177990000	178000000	0	0
1	178000000	178010000	0	0
1	178010000	178020000	0	0
1	178020000	178030000	0	0
1	178030000	178040000	0	0
1	178040000	178050000	0	0
1	178050000	178060000	0	0
1	178060000	178070000	0	0
1	178070000	178080000	0	0
1	178080000	178090000	0	0
1	178090000	178100000	0	0
1	178100000	178110000	0	0
1	178110000	178120000	0	0
1	178120000	178130000	0	0
1	178130000	178140000	0	0
1	178140000	178150000	0	0
1	178150000	178160000	0	0
1	178160000	178170000	0	0
1	178170000	178180000	0	0
1	178180000	178190000	0	0
1	178190000	178200000	0	0
1	178200000	178210000	0	0
1	178210000	178220000	0	0
1	178220000	178230000	0	0
1	178230000	178240000	0	0
1	178240000	178250000	0	0
1	178250000	178260000	0	0
1	178260000	178270000	0	0
1	178270000	178280000	0	0
1	178280000	178290000	0	0
1	178290000	178300000	0	0
1	178300000	178310000	0	0
1	178310000	178320000	0	0
1	178320000	178330000	0	0
1	178330000	178340000	0	0
1	178340000	178350000	0	0
1	178350000	178360000	0	0
1	178360000	178370000	0	0
1	178370000	178380000	0	0
1	178380000	178390000	0	0
1	178390000	178400000	0	0
1	178400000	178410000	0	0
1	178410000	178420000	0	0
1	178420000	178430000	0	0
1	178430000	178440000	0	0
1	178440000	178450000	0	0
1	178450000	178460000	0	0
1	178460000	178470000	0	0
1	178470000	178480000	0	0
1	178480000	178490000	0	0
1	178490000	178500000	0	0
1	178500000	178510000	0	0
1	178510000	178520000	0	0
1	178520000	178530000	0	0
1	178530000	178540000	0	0
1	178540000	178550000	0	0
1	178550000	178560000	0	0
1	178560000	178570000	0	0
1	178570000	178580000	0	0
1	178580000	178590000	0	0
1	178590000	178600000	0	0
1	178600000	178610000	0	0
1	178610000	178620000	0	0
1	178620000	178630000	0	0
1	178630000	178640000	0	0
1	178640000	178650000	0	0
1	178650000	178660000	0	0
1	178660000	178670000	0	0
1	178670000	178680000	0	0
1	178680000	178690000	0	0
1	178690000	178700000	0	0
1	178700000	178710000	0	0
1	178710000	178720000	0	0
1	178720000	178730000	0	0
1	178730000	178740000	0	0
1	178740000	178750000	0	0
1	178750000	178760000	0	0
1	178760000	178770000	0	0
1	178770000	178780000	0	0
1	178780000	178790000	0	0
1	178790000	178800000	0	0
1	178800000	178810000	0	0
1	178810000	178820000	0	0
1	178820000	178830000	0	0
1	178830000	178840000	0	0
1	178840000	178850000	0	0
1	178850000	178860000	0	0
1	178860000	178870000	0	0
1	178870000	178880000	0	0
1	178880000	178890000	0	0
1	178890000	178900000	0	0
1	178900000	178910000	0	0
1	178910000	178920000	0	0
1	178920000	178930000	0	0
1	178930000	178940000	0	0
1	178940000	178950000	0	0
1	178950000	178960000	0	0
1	178960000	178970000	0	0
1	178970000	178980000	0	0
1	178980000	178990000	0	0
1	178990000	179000000	0	0
1	179000000	179010000	0	0
1	179010000	179020000	0	0
1	179020000	179030000	0	0
1	179030000	179040000	0	0
1	179040000	179050000	0	0
1	179050000	179060000	0	0
1	179060000	179070000	0	0
1	179070000	179080000	0	0
1	179080000	179090000	0	0
1	179090000	179100000	0	0
1	179100000	179110000	0	0
1	179110000	179120000	0	0
1	179120000	179130000	0	0
1	179130000	179140000	0	0
1	179140000	179150000	0	0
1	179150000	179160000	0	0
1	179160000	179170000	0	0
1	179170000	179180000	0	0
1	179180000	179190000	0	0
1	179190000	179200000	0	0
1	179200000	179210000	0	0
1	179210000	179220000	0	0
1	179220000	179230000	0	0
1	179230000	179240000	0	0
1	179240000	179250000	0	0
1	179250000	179260000	0	0
1	179260000	179270000	0	0
1	179270000	179280000	0	0
1	179280000	179290000	0	0
1	179290000	179300000	0	0
1	179300000	179310000	0	0
1	179310000	179320000	0	0
1	179320000	179330000	0	0
1	179330000	179340000	0	0
1	179340000	179350000	0	0
1	179350000	179360000	0	0
1	179360000	179370000	0	0
1	179370000	179380000	0	0
1	179380000	179390000	0	0
1	179390000	179400000	0	0
1	179400000	179410000	0	0
1	179410000	179420000	0	0
1	179420000	179430000	0	0
1	179430000	179440000	0	0
1	179440000	179450000	0	0
1	179450000	179460000	0	0
1	179460000	179470000	0	0
1	179470000	179480000	0	0
1	179480000	179490000	0	0
1	179490000	179500000	0	0
1	179500000	179510000	0	0
1	179510000	179520000	0	0
1	179520000	179530000	0	0
1	179530000	179540000	0	0
1	179540000	179550000	0	0
1	179550000	179560000	0	0
1	179560000	179570000	0	0
1	179570000	179580000	0	0
1	179580000	179590000	0	0
1	179590000	179600000	0	0
1	179600000	179610000	0	0
1	179610000	179620000	0	0
1	179620000	179630000	0	0
1	179630000	179640000	0	0
1	179640000	179650000	0	0
1	179650000	179660000	0	0
1	179660000	179670000	0	0
1	179670000	179680000	0	0
1	179680000	179690000	0	0
1	179690000	179700000	0	0
1	179700000	179710000	0	0
1	179710000	179720000	0	0
1	179720000	179730000	0	0
1	179730000	179740000	0	0
1	179740000	179750000	0	0
1	179750000	179760000	0	0
1	179760000	179770000	0	0
1	179770000	179780000	0	0
1	179780000	179790000	0	0
1	179790000	179800000	0	0
1	179800000	179810000	0	0
1	179810000	179820000	0	0
1	179820000	179830000	0	0
1	179830000	179840000	0	0
1	179840000	179850000	0	0
1	179850000	179860000	0	0
1	179860000	179870000	0	0
1	179870000	179880000	0	0
1	179880000	179890000	0	0
1	179890000	179900000	0	0
1	179900000	179910000	0	0
1	179910000	179920000	0	0
1	179920000	179930000	0	0
1	179930000	179940000	0	0
1	179940000	179950000	0	0
1	179950000	179960000	0	0
1	179960000	179970000	0	0
1	179970000	179980000	0	0
1	179980000	179990000	0	0
1	179990000	180000000	0	0
1	180000000	180010000	0	0
1	180010000	180020000	0	0
1	180020000	180030000	0	0
1	180030000	180040000	0	0
1	180040000	180050000	0	0
1	180050000	180060000	0	0
1	180060000	180070000	0	0
1	180070000	180080000	0	0
1	180080000	180090000	0	0
1	180090000	180100000	0	0
1	180100000	180110000	0	0
1	180110000	180120000	0	0
1	180120000	180130000	0	0
1	180130000	180140000	0	0
1	180140000	180150000	0	0
1	180150000	180160000	0	0
1	180160000	180170000	0	0
1	180170000	180180000	0	0
1	180180000	180190000	0	0
1	180190000	180200000	0	0
1	180200000	180210000	0	0
1	180210000	180220000	0	0
1	180220000	180230000	0	0
1	180230000	180240000	0	0
1	180240000	180250000	0	0
1	180250000	180260000	0	0
1	180260000	180270000	0	0
1	180270000	180280000	0	0
1	180280000	180290000	0	0
1	180290000	180300000	0	0
1	180300000	180310000	0	0
1	180310000	180320000	0	0
1	180320000	180330000	0	0
1	180330000	180340000	0	0
1	180340000	180350000	0	0
1	180350000	180360000	0	0
1	180360000	180370000	0	0
1	180370000	180380000	0	0
1	180380000	180390000	0	0
1	180390000	180400000	0	0
1	180400000	180410000	0	0
1	180410000	180420000	0	0
1	180420000	180430000	0	0
1	180430000	180440000	0	0
1	180440000	180450000	0	0
1	180450000	180460000	0	0
1	180460000	180470000	0	0
1	180470000	180480000	0	0
1	180480000	180490000	0	0
1	180490000	180500000	0	0
1	180500000	180510000	0	0
1	180510000	180520000	0	0
1	180520000	180530000	0	0
1	180530000	180540000	0	0
1	180540000	180550000	0	0
1	180550000	180560000	0	0
1	180560000	180570000	0	0
1	180570000	180580000	0	0
1	180580000	180590000	0	0
1	180590000	180600000	0	0
1	180600000	180610000	0	0
1	180610000	180620000	0	0
1	180620000	180630000	0	0
1	180630000	180640000	0	0
1	180640000	180650000	0	0
1	180650000	180660000	0	0
1	180660000	180670000	0	0
1	180670000	180680000	0	0
1	180680000	180690000	0	0
1	180690000	180700000	0	0
1	180700000	180710000	0	0
1	180710000	180720000	0	0
1	180720000	180730000	0	0
1	180730000	180740000	0	0
1	180740000	180750000	0	0
1	180750000	180760000	0	0
1	180760000	180770000	0	0
1	180770000	180780000	0	0
1	180780000	180790000	0	0
1	180790000	180800000	0	0
1	180800000	180810000	0	0
1	180810000	180820000	0	0
1	180820000	180830000	0	0
1	180830000	180840000	0	0
1	180840000	180850000	0	0
1	180850000	180860000	0	0
1	180860000	180870000	0	0
1	180870000	180880000	0	0
1	180880000	180890000	0	0
1	180890000	180900000	0	0
1	180900000	180910000	0	0
1	180910000	180920000	0	0
1	180920000	180930000	0	0
1	180930000	180940000	0	0
1	180940000	180950000	0	0
1	180950000	180960000	0	0
1	180960000	180970000	0	0
1	180970000	180980000	0	0
1	180980000	180990000	0	0
1	180990000	181000000	0	0
1	181000000	181010000	0	0
1	181010000	181020000	0	0
1	181020000	181030000	0	0
1	181030000	181040000	0	0
1	181040000	181050000	0	0
1	181050000	181060000	0	0
1	181060000	181070000	0	0
1	181070000	181080000	0	0
1	181080000	181090000	0	0
1	181090000	181100000	0	0
1	181100000	181110000	0	0
1	181110000	181120000	0	0
1	181120000	181130000	0	0
1	181130000	181140000	0	0
1	181140000	181150000	0	0
1	181150000	181160000	0	0
1	181160000	181170000	0	0
1	181170000	181180000	0	0
1	181180000	181190000	0	0
1	181190000	181200000	0	0
1	181200000	181210000	0	0
1	181210000	181220000	0	0
1	181220000	181230000	0	0
1	181230000	181240000	0	0
1	181240000	181250000	0	0
1	181250000	181260000	0	0
1	181260000	181270000	0	0
1	181270000	181280000	0	0
1	181280000	181290000	0	0
1	181290000	181300000	0	0
1	181300000	181310000	0	0
1	181310000	181320000	0	0
1	181320000	181330000	0	0
1	181330000	181340000	0	0
1	181340000	181350000	0	0
1	181350000	181360000	0	0
1	181360000	181370000	0	0
1	181370000	181380000	0	0
1	181380000	181390000	0	0
1	181390000	181400000	0	0
1	181400000	181410000	0	0
1	181410000	181420000	0	0
1	181420000	181430000	0	0
1	181430000	181440000	0	0
1	181440000	181450000	0	0
1	181450000	181460000	0	0
1	181460000	181470000	0	0
1	181470000	181480000	0	0
1	181480000	181490000	0	0
1	181490000	181500000	0	0
1	181500000	181510000	0	0
1	181510000	181520000	0	0
1	181520000	181530000	0	0
1	181530000	181540000	0	0
1	181540000	181550000	0	0
1	181550000	181560000	0	0
1	181560000	181570000	0	0
1	181570000	181580000	0	0
1	181580000	181590000	0	0
1	181590000	181600000	0	0
1	181600000	181610000	0	0
1	181610000	181620000	0	0
1	181620000	181630000	0	0
1	181630000	181640000	0	0
1	181640000	181650000	0	0
1	181650000	181660000	0	0
1	181660000	181670000	0	0
1	181670000	181680000	0	0
1	181680000	181690000	0	0
1	181690000	181700000	0	0
1	181700000	181710000	0	0
1	181710000	181720000	0	0
1	181720000	181730000	0	0
1	181730000	181740000	0	0
1	181740000	181750000	0	0
1	181750000	181760000	0	0
1	181760000	181770000	0	0
1	181770000	181780000	0	0
1	181780000	181790000	0	0
1	181790000	181800000	0	0
1	181800000	181810000	0	0
1	181810000	181820000	0	0
1	181820000	181830000	0	0
1	181830000	181840000	0	0
1	181840000	181850000	0	0
1	181850000	181860000	0	0
1	181860000	181870000	0	0
1	181870000	181880000	0	0
1	181880000	181890000	0	0
1	181890000	181900000	0	0
1	181900000	181910000	0	0
1	181910000	181920000	0	0
1	181920000	181930000	0	0
1	181930000	181940000	0	0
1	181940000	181950000	0	0
1	181950000	181960000	0	0
1	181960000	181970000	0	0
1	181970000	181980000	0	0
1	181980000	181990000	0	0
1	181990000	182000000	0	0
1	182000000	182010000	0	0
1	182010000	182020000	0	0
1	182020000	182030000	0	0
1	182030000	182040000	0	0
1	182040000	182050000	0	0
1	182050000	182060000	0	0
1	182060000	182070000	0	0
1	182070000	182080000	0	0
1	182080000	182090000	0	0
1	182090000	182100000	0	0
1	182100000	182110000	0	0
1	182110000	182120000	0	0
1	182120000	182130000	0	0
1	182130000	182140000	0	0
1	182140000	182150000	0	0
1	182150000	182160000	0	0
1	182160000	182170000	0	0
1	182170000	182180000	0	0
1	182180000	182190000	0	0
1	182190000	182200000	0	0
1	182200000	182210000	0	0
1	182210000	182220000	0	0
1	182220000	182230000	0	0
1	182230000	182240000	0	0
1	182240000	182250000	0	0
1	182250000	182260000	0	0
1	182260000	182270000	0	0
1	182270000	182280000	0	0
1	182280000	182290000	0	0
1	182290000	182300000	0	0
1	182300000	182310000	0	0
1	182310000	182320000	0	0
1	182320000	182330000	0	0
1	182330000	182340000	0	0
1	182340000	182350000	0	0
1	182350000	182360000	0	0
1	182360000	182370000	0	0
1	182370000	182380000	0	0
1	182380000	182390000	0	0
1	182390000	182400000	0	0
1	182400000	182410000	0	0
1	182410000	182420000	0	0
1	182420000	182430000	0	0
1	182430000	182440000	0	0
1	182440000	182450000	0	0
1	182450000	182460000	0	0
1	182460000	182470000	0	0
1	182470000	182480000	0	0
1	182480000	182490000	0	0
1	182490000	182500000	0	0
1	182500000	182510000	0	0
1	182510000	182520000	0	0
1	182520000	182530000	0	0
1	182530000	182540000	0	0
1	182540000	182550000	0	0
1	182550000	182560000	0	0
1	182560000	182570000	0	0
1	182570000	182580000	0	0
1	182580000	182590000	0	0
1	182590000	182600000	0	0
1	182600000	182610000	0	0
1	182610000	182620000	0	0
1	182620000	182630000	0	0
1	182630000	182640000	0	0
1	182640000	182650000	0	0
1	182650000	182660000	0	0
1	182660000	182670000	0	0
1	182670000	182680000	0	0
1	182680000	182690000	0	0
1	182690000	182700000	0	0
1	182700000	182710000	0	0
1	182710000	182720000	0	0
1	182720000	182730000	0	0
1	182730000	182740000	0	0
1	182740000	182750000	0	0
1	182750000	182760000	0	0
1	182760000	182770000	0	0
1	182770000	182780000	0	0
1	182780000	182790000	0	0
1	182790000	182800000	0	0
1	182800000	182810000	0	0
1	182810000	182820000	0	0
1	182820000	182830000	0	0
1	182830000	182840000	0	0
1	182840000	182850000	0	0
1	182850000	182860000	0	0
1	182860000	182870000	0	0
1	182870000	182880000	0	0
1	182880000	182890000	0	0
1	182890000	182900000	0	0
1	182900000	182910000	0	0
1	182910000	182920000	0	0
1	182920000	182930000	0	0
1	182930000	182940000	0	0
1	182940000	182950000	0	0
1	182950000	182960000	0	0
1	182960000	182970000	0	0
1	182970000	182980000	0	0
1	182980000	182990000	0	0
1	182990000	183000000	0	0
1	183000000	183010000	0	0
1	183010000	183020000	0	0
1	183020000	183030000	0	0
1	183030000	183040000	0	0
1	183040000	183050000	0	0
1	183050000	183060000	0	0
1	183060000	183070000	0	0
1	183070000	183080000	0	0
1	183080000	183090000	0	0
1	183090000	183100000	0	0
1	183100000	183110000	0	0
1	183110000	183120000	0	0
1	183120000	183130000	0	0
1	183130000	183140000	0	0
1	183140000	183150000	0	0
1	183150000	183160000	0	0
1	183160000	183170000	0	0
1	183170000	183180000	0	0
1	183180000	183190000	0	0
1	183190000	183200000	0	0
1	183200000	183210000	0	0
1	183210000	183220000	0	0
1	183220000	183230000	0	0
1	183230000	183240000	0	0
1	183240000	183250000	0	0
1	183250000	183260000	0	0
1	183260000	183270000	0	0
1	183270000	183280000	0	0
1	183280000	183290000	0	0
1	183290000	183300000	0	0
1	183300000	183310000	0	0
1	183310000	183320000	0	0
1	183320000	183330000	0	0
1	183330000	183340000	0	0
1	183340000	183350000	0	0
1	183350000	183360000	0	0
1	183360000	183370000	0	0
1	183370000	183380000	0	0
1	183380000	183390000	0	0
1	183390000	183400000	0	0
1	183400000	183410000	0	0
1	183410000	183420000	0	0
1	183420000	183430000	0	0
1	183430000	183440000	0	0
1	183440000	183450000	0	0
1	183450000	183460000	0	0
1	183460000	183470000	0	0
1	183470000	183480000	0	0
1	183480000	183490000	0	0
1	183490000	183500000	0	0
1	183500000	183510000	0	0
1	183510000	183520000	0	0
1	183520000	183530000	0	0
1	183530000	183540000	0	0
1	183540000	183550000	0	0
1	183550000	183560000	0	0
1	183560000	183570000	0	0
1	183570000	183580000	0	0
1	183580000	183590000	0	0
1	183590000	183600000	0	0
1	183600000	183610000	0	0
1	183610000	183620000	0	0
1	183620000	183630000	0	0
1	183630000	183640000	0	0
1	183640000	183650000	0	0
1	183650000	183660000	0	0
1	183660000	183670000	0	0
1	183670000	183680000	0	0
1	183680000	183690000	0	0
1	183690000	183700000	0	0
1	183700000	183710000	0	0
1	183710000	183720000	0	0
1	183720000	183730000	0	0
1	183730000	183740000	0	0
1	183740000	183750000	0	0
1	183750000	183760000	0	0
1	183760000	183770000	0	0
1	183770000	183780000	0	0
1	183780000	183790000	0	0
1	183790000	183800000	0	0
1	183800000	183810000	0	0
1	183810000	183820000	0	0
1	183820000	183830000	0	0
1	183830000	183840000	0	0
1	183840000	183850000	0	0
1	183850000	183860000	0	0
1	183860000	183870000	0	0
1	183870000	183880000	0	0
1	183880000	183890000	0	0
1	183890000	183900000	0	0
1	183900000	183910000	0	0
1	183910000	183920000	0	0
1	183920000	183930000	0	0
1	183930000	183940000	0	0
1	183940000	183950000	0	0
1	183950000	183960000	0	0
1	183960000	183970000	0	0
1	183970000	183980000	0	0
1	183980000	183990000	0	0
1	183990000	184000000	0	0
1	184000000	184010000	0	0
1	184010000	184020000	0	0
1	184020000	184030000	0	0
1	184030000	184040000	0	0
1	184040000	184050000	0	0
1	184050000	184060000	0	0
1	184060000	184070000	0	0
1	184070000	184080000	0	0
1	184080000	184090000	0	0
1	184090000	184100000	0	0
1	184100000	184110000	0	0
1	184110000	184120000	0	0
1	184120000	184130000	0	0
1	184130000	184140000	0	0
1	184140000	184150000	0	0
1	184150000	184160000	0	0
1	184160000	184170000	0	0
1	184170000	184180000	0	0
1	184180000	184190000	0	0
1	184190000	184200000	0	0
1	184200000	184210000	0	0
1	184210000	184220000	0	0
1	184220000	184230000	0	0
1	184230000	184240000	0	0
1	184240000	184250000	0	0
1	184250000	184260000	0	0
1	184260000	184270000	0	0
1	184270000	184280000	0	0
1	184280000	184290000	0	0
1	184290000	184300000	0	0
1	184300000	184310000	0	0
1	184310000	184320000	0	0
1	184320000	184330000	0	0
1	184330000	184340000	0	0
1	184340000	184350000	0	0
1	184350000	184360000	0	0
1	184360000	184370000	0	0
1	184370000	184380000	0	0
1	184380000	184390000	0	0
1	184390000	184400000	0	0
1	184400000	184410000	0	0
1	184410000	184420000	0	0
1	184420000	184430000	0	0
1	184430000	184440000	0	0
1	184440000	184450000	0	0
1	184450000	184460000	0	0
1	184460000	184470000	0	0
1	184470000	184480000	0	0
1	184480000	184490000	0	0
1	184490000	184500000	0	0
1	184500000	184510000	0	0
1	184510000	184520000	0	0
1	184520000	184530000	0	0
1	184530000	184540000	0	0
1	184540000	184550000	0	0
1	184550000	184560000	0	0
1	184560000	184570000	0	0
1	184570000	184580000	0	0
1	184580000	184590000	0	0
1	184590000	184600000	0	0
1	184600000	184610000	0	0
1	184610000	184620000	0	0
1	184620000	184630000	0	0
1	184630000	184640000	0	0
1	184640000	184650000	0	0
1	184650000	184660000	0	0
1	184660000	184670000	0	0
1	184670000	184680000	0	0
1	184680000	184690000	0	0
1	184690000	184700000	0	0
1	184700000	184710000	0	0
1	184710000	184720000	0	0
1	184720000	184730000	0	0
1	184730000	184740000	0	0
1	184740000	184750000	0	0
1	184750000	184760000	0	0
1	184760000	184770000	0	0
1	184770000	184780000	0	0
1	184780000	184790000	0	0
1	184790000	184800000	0	0
1	184800000	184810000	0	0
1	184810000	184820000	0	0
1	184820000	184830000	0	0
1	184830000	184840000	0	0
1	184840000	184850000	0	0
1	184850000	184860000	0	0
1	184860000	184870000	0	0
1	184870000	184880000	0	0
1	184880000	184890000	0	0
1	184890000	184900000	0	0
1	184900000	184910000	0	0
1	184910000	184920000	0	0
1	184920000	184930000	0	0
1	184930000	184940000	0	0
1	184940000	184950000	0	0
1	184950000	184960000	0	0
1	184960000	184970000	0	0
1	184970000	184980000	0	0
1	184980000	184990000	0	0
1	184990000	185000000	0	0
1	185000000	185010000	0	0
1	185010000	185020000	0	0
1	185020000	185030000	0	0
1	185030000	185040000	0	0
1	185040000	185050000	0	0
1	185050000	185060000	0	0
1	185060000	185070000	0	0
1	185070000	185080000	0	0
1	185080000	185090000	0	0
1	185090000	185100000	0	0
1	185100000	185110000	0	0
1	185110000	185120000	0	0
1	185120000	185130000	0	0
1	185130000	185140000	0	0
1	185140000	185150000	0	0
1	185150000	185160000	0	0
1	185160000	185170000	0	0
1	185170000	185180000	0	0
1	185180000	185190000	0	0
1	185190000	185200000	0	0
1	185200000	185210000	0	0
1	185210000	185220000	0	0
1	185220000	185230000	0	0
1	185230000	185240000	0	0
1	185240000	185250000	0	0
1	185250000	185260000	0	0
1	185260000	185270000	0	0
1	185270000	185280000	0	0
1	185280000	185290000	0	0
1	185290000	185300000	0	0
1	185300000	185310000	0	0
1	185310000	185320000	0	0
1	185320000	185330000	0	0
1	185330000	185340000	0	0
1	185340000	185350000	0	0
1	185350000	185360000	0	0
1	185360000	185370000	0	0
1	185370000	185380000	0	0
1	185380000	185390000	0	0
1	185390000	185400000	0	0
1	185400000	185410000	0	0
1	185410000	185420000	0	0
1	185420000	185430000	0	0
1	185430000	185440000	0	0
1	185440000	185450000	0	0
1	185450000	185460000	0	0
1	185460000	185470000	0	0
1	185470000	185480000	0	0
1	185480000	185490000	0	0
1	185490000	185500000	0	0
1	185500000	185510000	0	0
1	185510000	185520000	0	0
1	185520000	185530000	0	0
1	185530000	185540000	0	0
1	185540000	185550000	0	0
1	185550000	185560000	0	0
1	185560000	185570000	0	0
1	185570000	185580000	0	0
1	185580000	185590000	0	0
1	185590000	185600000	0	0
1	185600000	185610000	0	0
1	185610000	185620000	0	0
1	185620000	185630000	0	0
1	185630000	185640000	0	0
1	185640000	185650000	0	0
1	185650000	185660000	0	0
1	185660000	185670000	0	0
1	185670000	185680000	0	0
1	185680000	185690000	0	0
1	185690000	185700000	0	0
1	185700000	185710000	0	0
1	185710000	185720000	0	0
1	185720000	185730000	0	0
1	185730000	185740000	0	0
1	185740000	185750000	0	0
1	185750000	185760000	0	0
1	185760000	185770000	0	0
1	185770000	185780000	0	0
1	185780000	185790000	0	0
1	185790000	185800000	0	0
1	185800000	185810000	0	0
1	185810000	185820000	0	0
1	185820000	185830000	0	0
1	185830000	185840000	0	0
1	185840000	185850000	0	0
1	185850000	185860000	0	0
1	185860000	185870000	0	0
1	185870000	185880000	0	0
1	185880000	185890000	0	0
1	185890000	185900000	0	0
1	185900000	185910000	0	0
1	185910000	185920000	0	0
1	185920000	185930000	0	0
1	185930000	185940000	0	0
1	185940000	185950000	0	0
1	185950000	185960000	0	0
1	185960000	185970000	0	0
1	185970000	185980000	0	0
1	185980000	185990000	0	0
1	185990000	186000000	0	0
1	186000000	186010000	0	0
1	186010000	186020000	0	0
1	186020000	186030000	0	0
1	186030000	186040000	0	0
1	186040000	186050000	0	0
1	186050000	186060000	0	0
1	186060000	186070000	0	0
1	186070000	186080000	0	0
1	186080000	186090000	0	0
1	186090000	186100000	0	0
1	186100000	186110000	0	0
1	186110000	186120000	0	0
1	186120000	186130000	0	0
1	186130000	186140000	0	0
1	186140000	186150000	0	0
1	186150000	186160000	0	0
1	186160000	186170000	0	0
1	186170000	186180000	0	0
1	186180000	186190000	0	0
1	186190000	186200000	0	0
1	186200000	186210000	0	0
1	186210000	186220000	0	0
1	186220000	186230000	0	0
1	186230000	186240000	0	0
1	186240000	186250000	0	0
1	186250000	186260000	0	0
1	186260000	186270000	0	0
1	186270000	186280000	0	0
1	186280000	186290000	0	0
1	186290000	186300000	0	0
1	186300000	186310000	0	0
1	186310000	186320000	0	0
1	186320000	186330000	0	0
1	186330000	186340000	0	0
1	186340000	186350000	0	0
1	186350000	186360000	0	0
1	186360000	186370000	0	0
1	186370000	186380000	0	0
1	186380000	186390000	0	0
1	186390000	186400000	0	0
1	186400000	186410000	0	0
1	186410000	186420000	0	0
1	186420000	186430000	0	0
1	186430000	186440000	0	0
1	186440000	186450000	0	0
1	186450000	186460000	0	0
1	186460000	186470000	0	0
1	186470000	186480000	0	0
1	186480000	186490000	0	0
1	186490000	186500000	0	0
1	186500000	186510000	0	0
1	186510000	186520000	0	0
1	186520000	186530000	0	0
1	186530000	186540000	0	0
1	186540000	186550000	0	0
1	186550000	186560000	0	0
1	186560000	186570000	0	0
1	186570000	186580000	0	0
1	186580000	186590000	0	0
1	186590000	186600000	0	0
1	186600000	186610000	0	0
1	186610000	186620000	0	0
1	186620000	186630000	0	0
1	186630000	186640000	0	0
1	186640000	186650000	0	0
1	186650000	186660000	0	0
1	186660000	186670000	0	0
1	186670000	186680000	0	0
1	186680000	186690000	0	0
1	186690000	186700000	0	0
1	186700000	186710000	0	0
1	186710000	186720000	0	0
1	186720000	186730000	0	0
1	186730000	186740000	0	0
1	186740000	186750000	0	0
1	186750000	186760000	0	0
1	186760000	186770000	0	0
1	186770000	186780000	0	0
1	186780000	186790000	0	0
1	186790000	186800000	0	0
1	186800000	186810000	0	0
1	186810000	186820000	0	0
1	186820000	186830000	0	0
1	186830000	186840000	0	0
1	186840000	186850000	0	0
1	186850000	186860000	0	0
1	186860000	186870000	0	0
1	186870000	186880000	0	0
1	186880000	186890000	0	0
1	186890000	186900000	0	0
1	186900000	186910000	0	0
1	186910000	186920000	0	0
1	186920000	186930000	0	0
1	186930000	186940000	0	0
1	186940000	186950000	0	0
1	186950000	186960000	0	0
1	186960000	186970000	0	0
1	186970000	186980000	0	0
1	186980000	186990000	0	0
1	186990000	187000000	0	0
1	187000000	187010000	0	0
1	187010000	187020000	0	0
1	187020000	187030000	0	0
1	187030000	187040000	0	0
1	187040000	187050000	0	0
1	187050000	187060000	0	0
1	187060000	187070000	0	0
1	187070000	187080000	0	0
1	187080000	187090000	0	0
1	187090000	187100000	0	0
1	187100000	187110000	0	0
1	187110000	187120000	0	0
1	187120000	187130000	0	0
1	187130000	187140000	0	0
1	187140000	187150000	0	0
1	187150000	187160000	0	0
1	187160000	187170000	0	0
1	187170000	187180000	0	0
1	187180000	187190000	0	0
1	187190000	187200000	0	0
1	187200000	187210000	0	0
1	187210000	187220000	0	0
1	187220000	187230000	0	0
1	187230000	187240000	0	0
1	187240000	187250000	0	0
1	187250000	187260000	0	0
1	187260000	187270000	0	0
1	187270000	187280000	0	0
1	187280000	187290000	0	0
1	187290000	187300000	0	0
1	187300000	187310000	0	0
1	187310000	187320000	0	0
1	187320000	187330000	0	0
1	187330000	187340000	0	0
1	187340000	187350000	0	0
1	187350000	187360000	0	0
1	187360000	187370000	0	0
1	187370000	187380000	0	0
1	187380000	187390000	0	0
1	187390000	187400000	0	0
1	187400000	187410000	0	0
1	187410000	187420000	0	0
1	187420000	187430000	0	0
1	187430000	187440000	0	0
1	187440000	187450000	0	0
1	187450000	187460000	0	0
1	187460000	187470000	0	0
1	187470000	187480000	0	0
1	187480000	187490000	0	0
1	187490000	187500000	0	0
1	187500000	187510000	0	0
1	187510000	187520000	0	0
1	187520000	187530000	0	0
1	187530000	187540000	0	0
1	187540000	187550000	0	0
1	187550000	187560000	0	0
1	187560000	187570000	0	0
1	187570000	187580000	0	0
1	187580000	187590000	0	0
1	187590000	187600000	0	0
1	187600000	187610000	0	0
1	187610000	187620000	0	0
1	187620000	187630000	0	0
1	187630000	187640000	0	0
1	187640000	187650000	0	0
1	187650000	187660000	0	0
1	187660000	187670000	0	0
1	187670000	187680000	0	0
1	187680000	187690000	0	0
1	187690000	187700000	0	0
1	187700000	187710000	0	0
1	187710000	187720000	0	0
1	187720000	187730000	0	0
1	187730000	187740000	0	0
1	187740000	187750000	0	0
1	187750000	187760000	0	0
1	187760000	187770000	0	0
1	187770000	187780000	0	0
1	187780000	187790000	0	0
1	187790000	187800000	0	0
1	187800000	187810000	0	0
1	187810000	187820000	0	0
1	187820000	187830000	0	0
1	187830000	187840000	0	0
1	187840000	187850000	0	0
1	187850000	187860000	0	0
1	187860000	187870000	0	0
1	187870000	187880000	0	0
1	187880000	187890000	0	0
1	187890000	187900000	0	0
1	187900000	187910000	0	0
1	187910000	187920000	0	0
1	187920000	187930000	0	0
1	187930000	187940000	0	0
1	187940000	187950000	0	0
1	187950000	187960000	0	0
1	187960000	187970000	0	0
1	187970000	187980000	0	0
1	187980000	187990000	0	0
1	187990000	188000000	0	0
1	188000000	188010000	0	0
1	188010000	188020000	0	0
1	188020000	188030000	0	0
1	188030000	188040000	0	0
1	188040000	188050000	0	0
1	188050000	188060000	0	0
1	188060000	188070000	0	0
1	188070000	188080000	0	0
1	188080000	188090000	0	0
1	188090000	188100000	0	0
1	188100000	188110000	0	0
1	188110000	188120000	0	0
1	188120000	188130000	0	0
1	188130000	188140000	0	0
1	188140000	188150000	0	0
1	188150000	188160000	0	0
1	188160000	188170000	0	0
1	188170000	188180000	0	0
1	188180000	188190000	0	0
1	188190000	188200000	0	0
1	188200000	188210000	0	0
1	188210000	188220000	0	0
1	188220000	188230000	0	0
1	188230000	188240000	0	0
1	188240000	188250000	0	0
1	188250000	188260000	0	0
1	188260000	188270000	0	0
1	188270000	188280000	0	0
1	188280000	188290000	0	0
1	188290000	188300000	0	0
1	188300000	188310000	0	0
1	188310000	188320000	0	0
1	188320000	188330000	0	0
1	188330000	188340000	0	0
1	188340000	188350000	0	0
1	188350000	188360000	0	0
1	188360000	188370000	0	0
1	188370000	188380000	0	0
1	188380000	188390000	0	0
1	188390000	188400000	0	0
1	188400000	188410000	0	0
1	188410000	188420000	0	0
1	188420000	188430000	0	0
1	188430000	188440000	0	0
1	188440000	188450000	0	0
1	188450000	188460000	0	0
1	188460000	188470000	0	0
1	188470000	188480000	0	0
1	188480000	188490000	0	0
1	188490000	188500000	0	0
1	188500000	188510000	0	0
1	188510000	188520000	0	0
1	188520000	188530000	0	0
1	188530000	188540000	0	0
1	188540000	188550000	0	0
1	188550000	188560000	0	0
1	188560000	188570000	0	0
1	188570000	188580000	0	0
1	188580000	188590000	0	0
1	188590000	188600000	0	0
1	188600000	188610000	0	0
1	188610000	188620000	0	0
1	188620000	188630000	0	0
1	188630000	188640000	0	0
1	188640000	188650000	0	0
1	188650000	188660000	0	0
1	188660000	188670000	0	0
1	188670000	188680000	0	0
1	188680000	188690000	0	0
1	188690000	188700000	0	0
1	188700000	188710000	0	0
1	188710000	188720000	0	0
1	188720000	188730000	0	0
1	188730000	188740000	0	0
1	188740000	188750000	0	0
1	188750000	188760000	0	0
1	188760000	188770000	0	0
1	188770000	188780000	0	0
1	188780000	188790000	0	0
1	188790000	188800000	0	0
1	188800000	188810000	0	0
1	188810000	188820000	0	0
1	188820000	188830000	0	0
1	188830000	188840000	0	0
1	188840000	188850000	0	0
1	188850000	188860000	0	0
1	188860000	188870000	0	0
1	188870000	188880000	0	0
1	188880000	188890000	0	0
1	188890000	188900000	0	0
1	188900000	188910000	0	0
1	188910000	188920000	0	0
1	188920000	188930000	0	0
1	188930000	188940000	0	0
1	188940000	188950000	0	0
1	188950000	188960000	0	0
1	188960000	188970000	0	0
1	188970000	188980000	0	0
1	188980000	188990000	0	0
1	188990000	189000000	0	0
1	189000000	189010000	0	0
1	189010000	189020000	0	0
1	189020000	189030000	0	0
1	189030000	189040000	0	0
1	189040000	189050000	0	0
1	189050000	189060000	0	0
1	189060000	189070000	0	0
1	189070000	189080000	0	0
1	189080000	189090000	0	0
1	189090000	189100000	0	0
1	189100000	189110000	0	0
1	189110000	189120000	0	0
1	189120000	189130000	0	0
1	189130000	189140000	0	0
1	189140000	189150000	0	0
1	189150000	189160000	0	0
1	189160000	189170000	0	0
1	189170000	189180000	0	0
1	189180000	189190000	0	0
1	189190000	189200000	0	0
1	189200000	189210000	0	0
1	189210000	189220000	0	0
1	189220000	189230000	0	0
1	189230000	189240000	0	0
1	189240000	189250000	0	0
1	189250000	189260000	0	0
1	189260000	189270000	0	0
1	189270000	189280000	0	0
1	189280000	189290000	0	0
1	189290000	189300000	0	0
1	189300000	189310000	0	0
1	189310000	189320000	0	0
1	189320000	189330000	0	0
1	189330000	189340000	0	0
1	189340000	189350000	0	0
1	189350000	189360000	0	0
1	189360000	189370000	0	0
1	189370000	189380000	0	0
1	189380000	189390000	0	0
1	189390000	189400000	0	0
1	189400000	189410000	0	0
1	189410000	189420000	0	0
1	189420000	189430000	0	0
1	189430000	189440000	0	0
1	189440000	189450000	0	0
1	189450000	189460000	0	0
1	189460000	189470000	0	0
1	189470000	189480000	0	0
1	189480000	189490000	0	0
1	189490000	189500000	0	0
1	189500000	189510000	0	0
1	189510000	189520000	0	0
1	189520000	189530000	0	0
1	189530000	189540000	0	0
1	189540000	189550000	0	0
1	189550000	189560000	0	0
1	189560000	189570000	0	0
1	189570000	189580000	0	0
1	189580000	189590000	0	0
1	189590000	189600000	0	0
1	189600000	189610000	0	0
1	189610000	189620000	0	0
1	189620000	189630000	0	0
1	189630000	189640000	0	0
1	189640000	189650000	0	0
1	189650000	189660000	0	0
1	189660000	189670000	0	0
1	189670000	189680000	0	0
1	189680000	189690000	0	0
1	189690000	189700000	0	0
1	189700000	189710000	0	0
1	189710000	189720000	0	0
1	189720000	189730000	0	0
1	189730000	189740000	0	0
1	189740000	189750000	0	0
1	189750000	189760000	0	0
1	189760000	189770000	0	0
1	189770000	189780000	0	0
1	189780000	189790000	0	0
1	189790000	189800000	0	0
1	189800000	189810000	0	0
1	189810000	189820000	0	0
1	189820000	189830000	0	0
1	189830000	189840000	0	0
1	189840000	189850000	0	0
1	189850000	189860000	0	0
1	189860000	189870000	0	0
1	189870000	189880000	0	0
1	189880000	189890000	0	0
1	189890000	189900000	0	0
1	189900000	189910000	0	0
1	189910000	189920000	0	0
1	189920000	189930000	0	0
1	189930000	189940000	0	0
1	189940000	189950000	0	0
1	189950000	189960000	0	0
1	189960000	189970000	0	0
1	189970000	189980000	0	0
1	189980000	189990000	0	0
1	189990000	190000000	0	0
1	190000000	190010000	0	0
1	190010000	190020000	0	0
1	190020000	190030000	0	0
1	190030000	190040000	0	0
1	190040000	190050000	0	0
1	190050000	190060000	0	0
1	190060000	190070000	0	0
1	190070000	190080000	0	0
1	190080000	190090000	0	0
1	190090000	190100000	0	0
1	190100000	190110000	0	0
1	190110000	190120000	0	0
1	190120000	190130000	0	0
1	190130000	190140000	0	0
1	190140000	190150000	0	0
1	190150000	190160000	0	0
1	190160000	190170000	0	0
1	190170000	190180000	0	0
1	190180000	190190000	0	0
1	190190000	190200000	0	0
1	190200000	190210000	0	0
1	190210000	190220000	0	0
1	190220000	190230000	0	0
1	190230000	190240000	0	0
1	190240000	190250000	0	0
1	190250000	190260000	0	0
1	190260000	190270000	0	0
1	190270000	190280000	0	0
1	190280000	190290000	0	0
1	190290000	190300000	0	0
1	190300000	190310000	0	0
1	190310000	190320000	0	0
1	190320000	190330000	0	0
1	190330000	190340000	0	0
1	190340000	190350000	0	0
1	190350000	190360000	0	0
1	190360000	190370000	0	0
1	190370000	190380000	0	0
1	190380000	190390000	0	0
1	190390000	190400000	0	0
1	190400000	190410000	0	0
1	190410000	190420000	0	0
1	190420000	190430000	0	0
1	190430000	190440000	0	0
1	190440000	190450000	0	0
1	190450000	190460000	0	0
1	190460000	190470000	0	0
1	190470000	190480000	0	0
1	190480000	190490000	0	0
1	190490000	190500000	0	0
1	190500000	190510000	0	0
1	190510000	190520000	0	0
1	190520000	190530000	0	0
1	190530000	190540000	0	0
1	190540000	190550000	0	0
1	190550000	190560000	0	0
1	190560000	190570000	0	0
1	190570000	190580000	0	0
1	190580000	190590000	0	0
1	190590000	190600000	0	0
1	190600000	190610000	0	0
1	190610000	190620000	0	0
1	190620000	190630000	0	0
1	190630000	190640000	0	0
1	190640000	190650000	0	0
1	190650000	190660000	0	0
1	190660000	190670000	0	0
1	190670000	190680000	0	0
1	190680000	190690000	0	0
1	190690000	190700000	0	0
1	190700000	190710000	0	0
1	190710000	190720000	0	0
1	190720000	190730000	0	0
1	190730000	190740000	0	0
1	190740000	190750000	0	0
1	190750000	190760000	0	0
1	190760000	190770000	0	0
1	190770000	190780000	0	0
1	190780000	190790000	0	0
1	190790000	190800000	0	0
1	190800000	190810000	0	0
1	190810000	190820000	0	0
1	190820000	190830000	0	0
1	190830000	190840000	0	0
1	190840000	190850000	0	0
1	190850000	190860000	0	0
1	190860000	190870000	0	0
1	190870000	190880000	0	0
1	190880000	190890000	0	0
1	190890000	190900000	0	0
1	190900000	190910000	0	0
1	190910000	190920000	0	0
1	190920000	190930000	0	0
1	190930000	190940000	0	0
1	190940000	190950000	0	0
1	190950000	190960000	0	0
1	190960000	190970000	0	0
1	190970000	190980000	0	0
1	190980000	190990000	0	0
1	190990000	191000000	0	0
1	191000000	191010000	0	0
1	191010000	191020000	0	0
1	191020000	191030000	0	0
1	191030000	191040000	0	0
1	191040000	191050000	0	0
1	191050000	191060000	0	0
1	191060000	191070000	0	0
1	191070000	191080000	0	0
1	191080000	191090000	0	0
1	191090000	191100000	0	0
1	191100000	191110000	0	0
1	191110000	191120000	0	0
1	191120000	191130000	0	0
1	191130000	191140000	0	0
1	191140000	191150000	0	0
1	191150000	191160000	0	0
1	191160000	191170000	0	0
1	191170000	191180000	0	0
1	191180000	191190000	0	0
1	191190000	191200000	0	0
1	191200000	191210000	0	0
1	191210000	191220000	0	0
1	191220000	191230000	0	0
1	191230000	191240000	0	0
1	191240000	191250000	0	0
1	191250000	191260000	0	0
1	191260000	191270000	0	0
1	191270000	191280000	0	0
1	191280000	191290000	0	0
1	191290000	191300000	0	0
1	191300000	191310000	0	0
1	191310000	191320000	0	0
1	191320000	191330000	0	0
1	191330000	191340000	0	0
1	191340000	191350000	0	0
1	191350000	191360000	0	0
1	191360000	191370000	0	0
1	191370000	191380000	0	0
1	191380000	191390000	0	0
1	191390000	191400000	0	0
1	191400000	191410000	0	0
1	191410000	191420000	0	0
1	191420000	191430000	0	0
1	191430000	191440000	0	0
1	191440000	191450000	0	0
1	191450000	191460000	0	0
1	191460000	191470000	0	0
1	191470000	191480000	0	0
1	191480000	191490000	0	0
1	191490000	191500000	0	0
1	191500000	191510000	0	0
1	191510000	191520000	0	0
1	191520000	191530000	0	0
1	191530000	191540000	0	0
1	191540000	191550000	0	0
1	191550000	191560000	0	0
1	191560000	191570000	0	0
1	191570000	191580000	0	0
1	191580000	191590000	0	0
1	191590000	191600000	0	0
1	191600000	191610000	0	0
1	191610000	191620000	0	0
1	191620000	191630000	0	0
1	191630000	191640000	0	0
1	191640000	191650000	0	0
1	191650000	191660000	0	0
1	191660000	191670000	0	0
1	191670000	191680000	0	0
1	191680000	191690000	0	0
1	191690000	191700000	0	0
1	191700000	191710000	0	0
1	191710000	191720000	0	0
1	191720000	191730000	0	0
1	191730000	191740000	0	0
1	191740000	191750000	0	0
1	191750000	191760000	0	0
1	191760000	191770000	0	0
1	191770000	191780000	0	0
1	191780000	191790000	0	0
1	191790000	191800000	0	0
1	191800000	191810000	0	0
1	191810000	191820000	0	0
1	191820000	191830000	0	0
1	191830000	191840000	0	0
1	191840000	191850000	0	0
1	191850000	191860000	0	0
1	191860000	191870000	0	0
1	191870000	191880000	0	0
1	191880000	191890000	0	0
1	191890000	191900000	0	0
1	191900000	191910000	0	0
1	191910000	191920000	0	0
1	191920000	191930000	0	0
1	191930000	191940000	0	0
1	191940000	191950000	0	0
1	191950000	191960000	0	0
1	191960000	191970000	0	0
1	191970000	191980000	0	0
1	191980000	191990000	0	0
1	191990000	192000000	0	0
1	192000000	192010000	0	0
1	192010000	192020000	0	0
1	192020000	192030000	0	0
1	192030000	192040000	0	0
1	192040000	192050000	0	0
1	192050000	192060000	0	0
1	192060000	192070000	0	0
1	192070000	192080000	0	0
1	192080000	192090000	0	0
1	192090000	192100000	0	0
1	192100000	192110000	0	0
1	192110000	192120000	0	0
1	192120000	192130000	0	0
1	192130000	192140000	0	0
1	192140000	192150000	0	0
1	192150000	192160000	0	0
1	192160000	192170000	0	0
1	192170000	192180000	0	0
1	192180000	192190000	0	0
1	192190000	192200000	0	0
1	192200000	192210000	0	0
1	192210000	192220000	0	0
1	192220000	192230000	0	0
1	192230000	192240000	0	0
1	192240000	192250000	0	0
1	192250000	192260000	0	0
1	192260000	192270000	0	0
1	192270000	192280000	0	0
1	192280000	192290000	0	0
1	192290000	192300000	0	0
1	192300000	192310000	0	0
1	192310000	192320000	0	0
1	192320000	192330000	0	0
1	192330000	192340000	0	0
1	192340000	192350000	0	0
1	192350000	192360000	0	0
1	192360000	192370000	0	0
1	192370000	192380000	0	0
1	192380000	192390000	0	0
1	192390000	192400000	0	0
1	192400000	192410000	0	0
1	192410000	192420000	0	0
1	192420000	192430000	0	0
1	192430000	192440000	0	0
1	192440000	192450000	0	0
1	192450000	192460000	0	0
1	192460000	192470000	0	0
1	192470000	192480000	0	0
1	192480000	192490000	0	0
1	192490000	192500000	0	0
1	192500000	192510000	0	0
1	192510000	192520000	0	0
1	192520000	192530000	0	0
1	192530000	192540000	0	0
1	192540000	192550000	0	0
1	192550000	192560000	0	0
1	192560000	192570000	0	0
1	192570000	192580000	0	0
1	192580000	192590000	0	0
1	192590000	192600000	0	0
1	192600000	192610000	0	0
1	192610000	192620000	0	0
1	192620000	192630000	0	0
1	192630000	192640000	0	0
1	192640000	192650000	0	0
1	192650000	192660000	0	0
1	192660000	192670000	0	0
1	192670000	192680000	0	0
1	192680000	192690000	0	0
1	192690000	192700000	0	0
1	192700000	192710000	0	0
1	192710000	192720000	0	0
1	192720000	192730000	0	0
1	192730000	192740000	0	0
1	192740000	192750000	0	0
1	192750000	192760000	0	0
1	192760000	192770000	0	0
1	192770000	192780000	0	0
1	192780000	192790000	0	0
1	192790000	192800000	0	0
1	192800000	192810000	0	0
1	192810000	192820000	0	0
1	192820000	192830000	0	0
1	192830000	192840000	0	0
1	192840000	192850000	0	0
1	192850000	192860000	0	0
1	192860000	192870000	0	0
1	192870000	192880000	0	0
1	192880000	192890000	0	0
1	192890000	192900000	0	0
1	192900000	192910000	0	0
1	192910000	192920000	0	0
1	192920000	192930000	0	0
1	192930000	192940000	0	0
1	192940000	192950000	0	0
1	192950000	192960000	0	0
1	192960000	192970000	0	0
1	192970000	192980000	0	0
1	192980000	192990000	0	0
1	192990000	193000000	0	0
1	193000000	193010000	0	0
1	193010000	193020000	0	0
1	193020000	193030000	0	0
1	193030000	193040000	0	0
1	193040000	193050000	0	0
1	193050000	193060000	0	0
1	193060000	193070000	0	0
1	193070000	193080000	0	0
1	193080000	193090000	0	0
1	193090000	193100000	0	0
1	193100000	193110000	0	0
1	193110000	193120000	0	0
1	193120000	193130000	0	0
1	193130000	193140000	0	0
1	193140000	193150000	0	0
1	193150000	193160000	0	0
1	193160000	193170000	0	0
1	193170000	193180000	0	0
1	193180000	193190000	0	0
1	193190000	193200000	0	0
1	193200000	193210000	0	0
1	193210000	193220000	0	0
1	193220000	193230000	0	0
1	193230000	193240000	0	0
1	193240000	193250000	0	0
1	193250000	193260000	0	0
1	193260000	193270000	0	0
1	193270000	193280000	0	0
1	193280000	193290000	0	0
1	193290000	193300000	0	0
1	193300000	193310000	0	0
1	193310000	193320000	0	0
1	193320000	193330000	0	0
1	193330000	193340000	0	0
1	193340000	193350000	0	0
1	193350000	193360000	0	0
1	193360000	193370000	0	0
1	193370000	193380000	0	0
1	193380000	193390000	0	0
1	193390000	193400000	0	0
1	193400000	193410000	0	0
1	193410000	193420000	0	0
1	193420000	193430000	0	0
1	193430000	193440000	0	0
1	193440000	193450000	0	0
1	193450000	193460000	0	0
1	193460000	193470000	0	0
1	193470000	193480000	0	0
1	193480000	193490000	0	0
1	193490000	193500000	0	0
1	193500000	193510000	0	0
1	193510000	193520000	0	0
1	193520000	193530000	0	0
1	193530000	193540000	0	0
1	193540000	193550000	0	0
1	193550000	193560000	0	0
1	193560000	193570000	0	0
1	193570000	193580000	0	0
1	193580000	193590000	0	0
1	193590000	193600000	0	0
1	193600000	193610000	0	0
1	193610000	193620000	0	0
1	193620000	193630000	0	0
1	193630000	193640000	0	0
1	193640000	193650000	0	0
1	193650000	193660000	0	0
1	193660000	193670000	0	0
1	193670000	193680000	0	0
1	193680000	193690000	0	0
1	193690000	193700000	0	0
1	193700000	193710000	0	0
1	193710000	193720000	0	0
1	193720000	193730000	0	0
1	193730000	193740000	0	0
1	193740000	193750000	0	0
1	193750000	193760000	0	0
1	193760000	193770000	0	0
1	193770000	193780000	0	0
1	193780000	193790000	0	0
1	193790000	193800000	0	0
1	193800000	193810000	0	0
1	193810000	193820000	0	0
1	193820000	193830000	0	0
1	193830000	193840000	0	0
1	193840000	193850000	0	0
1	193850000	193860000	0	0
1	193860000	193870000	0	0
1	193870000	193880000	0	0
1	193880000	193890000	0	0
1	193890000	193900000	0	0
1	193900000	193910000	0	0
1	193910000	193920000	0	0
1	193920000	193930000	0	0
1	193930000	193940000	0	0
1	193940000	193950000	0	0
1	193950000	193960000	0	0
1	193960000	193970000	0	0
1	193970000	193980000	0	0
1	193980000	193990000	0	0
1	193990000	194000000	0	0
1	194000000	194010000	0	0
1	194010000	194020000	0	0
1	194020000	194030000	0	0
1	194030000	194040000	0	0
1	194040000	194050000	0	0
1	194050000	194060000	0	0
1	194060000	194070000	0	0
1	194070000	194080000	0	0
1	194080000	194090000	0	0
1	194090000	194100000	0	0
1	194100000	194110000	0	0
1	194110000	194120000	0	0
1	194120000	194130000	0	0
1	194130000	194140000	0	0
1	194140000	194150000	0	0
1	194150000	194160000	0	0
1	194160000	194170000	0	0
1	194170000	194180000	0	0
1	194180000	194190000	0	0
1	194190000	194200000	0	0
1	194200000	194210000	0	0
1	194210000	194220000	0	0
1	194220000	194230000	0	0
1	194230000	194240000	0	0
1	194240000	194250000	0	0
1	194250000	194260000	0	0
1	194260000	194270000	0	0
1	194270000	194280000	0	0
1	194280000	194290000	0	0
1	194290000	194300000	0	0
1	194300000	194310000	0	0
1	194310000	194320000	0	0
1	194320000	194330000	0	0
1	194330000	194340000	0	0
1	194340000	194350000	0	0
1	194350000	194360000	0	0
1	194360000	194370000	0	0
1	194370000	194380000	0	0
1	194380000	194390000	0	0
1	194390000	194400000	0	0
1	194400000	194410000	0	0
1	194410000	194420000	0	0
1	194420000	194430000	0	0
1	194430000	194440000	0	0
1	194440000	194450000	0	0
1	194450000	194460000	0	0
1	194460000	194470000	0	0
1	194470000	194480000	0	0
1	194480000	194490000	0	0
1	194490000	194500000	0	0
1	194500000	194510000	0	0
1	194510000	194520000	0	0
1	194520000	194530000	0	0
1	194530000	194540000	0	0
1	194540000	194550000	0	0
1	194550000	194560000	0	0
1	194560000	194570000	0	0
1	194570000	194580000	0	0
1	194580000	194590000	0	0
1	194590000	194600000	0	0
1	194600000	194610000	0	0
1	194610000	194620000	0	0
1	194620000	194630000	0	0
1	194630000	194640000	0	0
1	194640000	194650000	0	0
1	194650000	194660000	0	0
1	194660000	194670000	0	0
1	194670000	194680000	0	0
1	194680000	194690000	0	0
1	194690000	194700000	0	0
1	194700000	194710000	0	0
1	194710000	194720000	0	0
1	194720000	194730000	0	0
1	194730000	194740000	0	0
1	194740000	194750000	0	0
1	194750000	194760000	0	0
1	194760000	194770000	0	0
1	194770000	194780000	0	0
1	194780000	194790000	0	0
1	194790000	194800000	0	0
1	194800000	194810000	0	0
1	194810000	194820000	0	0
1	194820000	194830000	0	0
1	194830000	194840000	0	0
1	194840000	194850000	0	0
1	194850000	194860000	0	0
1	194860000	194870000	0	0
1	194870000	194880000	0	0
1	194880000	194890000	0	0
1	194890000	194900000	0	0
1	194900000	194910000	0	0
1	194910000	194920000	0	0
1	194920000	194930000	0	0
1	194930000	194940000	0	0
1	194940000	194950000	0	0
1	194950000	194960000	0	0
1	194960000	194970000	0	0
1	194970000	194980000	0	0
1	194980000	194990000	0	0
1	194990000	195000000	0	0
1	195000000	195010000	0	0
1	195010000	195020000	0	0
1	195020000	195030000	0	0
1	195030000	195040000	0	0
1	195040000	195050000	0	0
1	195050000	195060000	0	0
1	195060000	195070000	0	0
1	195070000	195080000	0	0
1	195080000	195090000	0	0
1	195090000	195100000	0	0
1	195100000	195110000	0	0
1	195110000	195120000	0	0
1	195120000	195130000	0	0
1	195130000	195140000	0	0
1	195140000	195150000	0	0
1	195150000	195160000	0	0
1	195160000	195170000	0	0
1	195170000	195180000	0	0
1	195180000	195190000	0	0
1	195190000	195200000	0	0
1	195200000	195210000	0	0
1	195210000	195220000	0	0
1	195220000	195230000	0	0
1	195230000	195240000	0	0
1	195240000	195250000	0	0
1	195250000	195260000	0	0
1	195260000	195270000	0	0
1	195270000	195280000	0	0
1	195280000	195290000	0	0
1	195290000	195300000	0	0
1	195300000	195310000	0	0
1	195310000	195320000	0	0
1	195320000	195330000	0	0
1	195330000	195340000	0	0
1	195340000	195350000	0	0
1	195350000	195360000	0	0
1	195360000	195370000	0	0
1	195370000	195380000	0	0
1	195380000	195390000	0	0
1	195390000	195400000	0	0
1	195400000	195410000	0	0
1	195410000	195420000	0	0
1	195420000	195430000	0	0
1	195430000	195440000	0	0
1	195440000	195450000	0	0
1	195450000	195460000	0	0
1	195460000	195470000	0	0
2	10000	20000	0	0
2	20000	30000	0	0
2	30000	40000	0	0
2	40000	50000	0	0
2	50000	60000	0	0
2	60000	70000	0	0
2	70000	80000	0	0
2	80000	90000	0	0
2	90000	100000	0	0
2	100000	110000	0	0
2	110000	120000	0	0
2	120000	130000	0	0
2	130000	140000	0	0
2	140000	150000	0	0
2	150000	160000	0	0
2	160000	170000	0	0
2	170000	180000	0	0
2	180000	190000	0	0
2	190000	200000	0	0
2	200000	210000	0	0
2	210000	220000	0	0
2	220000	230000	0	0
2	230000	240000	0	0
2	240000	250000	0	0
2	250000	260000	0	0
2	260000	270000	0	0
2	270000	280000	0	0
2	280000	290000	0	0
2	290000	300000	0	0
2	300000	310000	0	0
2	310000	320000	0	0
2	320000	330000	0	0
2	330000	340000	0	0
2	340000	350000	0	0
2	350000	360000	0	0
2	360000	370000	0	0
2	370000	380000	0	0
2	380000	390000	0	0
2	390000	400000	0	0
2	400000	410000	0	0
2	410000	420000	0	0
2	420000	430000	0	0
2	430000	440000	0	0
2	440000	450000	0	0
2	450000	460000	0	0
2	460000	470000	0	0
2	470000	480000	0	0
2	480000	490000	0	0
2	490000	500000	0	0
2	500000	510000	0	0
2	510000	520000	0	0
2	520000	530000	0	0
2	530000	540000	0	0
2	540000	550000	0	0
2	550000	560000	0	0
2	560000	570000	0	0
2	570000	580000	0	0
2	580000	590000	0	0
2	590000	600000	0	0
2	600000	610000	0	0
2	610000	620000	0	0
2	620000	630000	0	0
2	630000	640000	0	0
2	640000	650000	0	0
2	650000	660000	0	0
2	660000	670000	0	0
2	670000	680000	0	0
2	680000	690000	0	0
2	690000	700000	0	0
2	700000	710000	0	0
2	710000	720000	0	0
2	720000	730000	0	0
2	730000	740000	0	0
2	740000	750000	0	0
2	750000	760000	0	0
2	760000	770000	0	0
2	770000	780000	0	0
2	780000	790000	0	0
2	790000	800000	0	0
2	800000	810000	0	0
2	810000	820000	0	0
2	820000	830000	0	0
2	830000	840000	0	0
2	840000	850000	0	0
2	850000	860000	0	0
2	860000	870000	0	0
2	870000	880000	0	0
2	880000	890000	0	0
2	890000	900000	0	0
2	900000	910000	0	0
2	910000	920000	0	0
2	920000	930000	0	0
2	930000	940000	0	0
2	940000	950000	0	0
2	950000	960000	0	0
2	960000	970000	0	0
2	970000	980000	0	0
2	980000	990000	0	0
2	990000	1000000	0	0
2	1000000	1010000	0	0
2	1010000	1020000	0	0
2	1020000	1030000	0	0
2	1030000	1040000	0	0
2	1040000	1050000	0	0
2	1050000	1060000	0	0
2	1060000	1070000	0	0
2	1070000	1080000	0	0
2	1080000	1090000	0	0
2	1090000	1100000	0	0
2	1100000	1110000	0	0
2	1110000	1120000	0	0
2	1120000	1130000	0	0
2	1130000	1140000	0	0
2	1140000	1150000	0	0
2	1150000	1160000	0	0
2	1160000	1170000	0	0
2	1170000	1180000	0	0
2	1180000	1190000	0	0
2	1190000	1200000	0	0
2	1200000	1210000	0	0
2	1210000	1220000	0	0
2	1220000	1230000	0	0
2	1230000	1240000	0	0
2	1240000	1250000	0	0
2	1250000	1260000	0	0
2	1260000	1270000	0	0
2	1270000	1280000	0	0
2	1280000	1290000	0	0
2	1290000	1300000	0	0
2	1300000	1310000	0	0
2	1310000	1320000	0	0
2	1320000	1330000	0	0
2	1330000	1340000	0	0
2	1340000	1350000	0	0
2	1350000	1360000	0	0
2	1360000	1370000	0	0
2	1370000	1380000	0	0
2	1380000	1390000	0	0
2	1390000	1400000	0	0
2	1400000	1410000	0	0
2	1410000	1420000	0	0
2	1420000	1430000	0	0
2	1430000	1440000	0	0
2	1440000	1450000	0	0
2	1450000	1460000	0	0
2	1460000	1470000	0	0
2	1470000	1480000	0	0
2	1480000	1490000	0	0
2	1490000	1500000	0	0
2	1500000	1510000	0	0
2	1510000	1520000	0	0
2	1520000	1530000	0	0
2	1530000	1540000	0	0
2	1540000	1550000	0	0
2	1550000	1560000	0	0
2	1560000	1570000	0	0
2	1570000	1580000	0	0
2	1580000	1590000	0	0
2	1590000	1600000	0	0
2	1600000	1610000	0	0
2	1610000	1620000	0	0
2	1620000	1630000	0	0
2	1630000	1640000	0	0
2	1640000	1650000	0	0
2	1650000	1660000	0	0
2	1660000	1670000	0	0
2	1670000	1680000	0	0
2	1680000	1690000	0	0
2	1690000	1700000	0	0
2	1700000	1710000	0	0
2	1710000	1720000	0	0
2	1720000	1730000	0	0
2	1730000	1740000	0	0
2	1740000	1750000	0	0
2	1750000	1760000	0	0
2	1760000	1770000	0	0
2	1770000	1780000	0	0
2	1780000	1790000	0	0
2	1790000	1800000	0	0
2	1800000	1810000	0	0
2	1810000	1820000	0	0
2	1820000	1830000	0	0
2	1830000	1840000	0	0
2	1840000	1850000	0	0
2	1850000	1860000	0	0
2	1860000	1870000	0	0
2	1870000	1880000	0	0
2	1880000	1890000	0	0
2	1890000	1900000	0	0
2	1900000	1910000	0	0
2	1910000	1920000	0	0
2	1920000	1930000	0	0
2	1930000	1940000	0	0
2	1940000	1950000	0	0
2	1950000	1960000	0	0
2	1960000	1970000	0	0
2	1970000	1980000	0	0
2	1980000	1990000	0	0
2	1990000	2000000	0	0
2	2000000	2010000	0	0
2	2010000	2020000	0	0
2	2020000	2030000	0	0
2	2030000	2040000	0	0
2	2040000	2050000	0	0
2	2050000	2060000	0	0
2	2060000	2070000	0	0
2	2070000	2080000	0	0
2	2080000	2090000	0	0
2	2090000	2100000	0	0
2	2100000	2110000	0	0
2	2110000	2120000	0	0
2	2120000	2130000	0	0
2	2130000	2140000	0	0
2	2140000	2150000	0	0
2	2150000	2160000	0	0
2	2160000	2170000	0	0
2	2170000	2180000	0	0
2	2180000	2190000	0	0
2	2190000	2200000	0	0
2	2200000	2210000	0	0
2	2210000	2220000	0	0
2	2220000	2230000	0	0
2	2230000	2240000	0	0
2	2240000	2250000	0	0
2	2250000	2260000	0	0
2	2260000	2270000	0	0
2	2270000	2280000	0	0
2	2280000	2290000	0	0
2	2290000	2300000	0	0
2	2300000	2310000	0	0
2	2310000	2320000	0	0
2	2320000	2330000	0	0
2	2330000	2340000	0	0
2	2340000	2350000	0	0
2	2350000	2360000	0	0
2	2360000	2370000	0	0
2	2370000	2380000	0	0
2	2380000	2390000	0	0
2	2390000	2400000	0	0
2	2400000	2410000	0	0
2	2410000	2420000	0	0
2	2420000	2430000	0	0
2	2430000	2440000	0	0
2	2440000	2450000	0	0
2	2450000	2460000	0	0
2	2460000	2470000	0	0
2	2470000	2480000	0	0
2	2480000	2490000	0	0
2	2490000	2500000	0	0
2	2500000	2510000	0	0
2	2510000	2520000	0	0
2	2520000	2530000	0	0
2	2530000	2540000	0	0
2	2540000	2550000	0	0
2	2550000	2560000	0	0
2	2560000	2570000	0	0
2	2570000	2580000	0	0
2	2580000	2590000	0	0
2	2590000	2600000	0	0
2	2600000	2610000	0	0
2	2610000	2620000	0	0
2	2620000	2630000	0	0
2	2630000	2640000	0	0
2	2640000	2650000	0	0
2	2650000	2660000	0	0
2	2660000	2670000	0	0
2	2670000	2680000	0	0
2	2680000	2690000	0	0
2	2690000	2700000	0	0
2	2700000	2710000	0	0
2	2710000	2720000	0	0
2	2720000	2730000	0	0
2	2730000	2740000	0	0
2	2740000	2750000	0	0
2	2750000	2760000	0	0
2	2760000	2770000	0	0
2	2770000	2780000	0	0
2	2780000	2790000	0	0
2	2790000	2800000	0	0
2	2800000	2810000	0	0
2	2810000	2820000	0	0
2	2820000	2830000	0	0
2	2830000	2840000	0	0
2	2840000	2850000	0	0
2	2850000	2860000	0	0
2	2860000	2870000	0	0
2	2870000	2880000	0	0
2	2880000	2890000	0	0
2	2890000	2900000	0	0
2	2900000	2910000	0	0
2	2910000	2920000	0	0
2	2920000	2930000	0	0
2	2930000	2940000	0	0
2	2940000	2950000	0	0
2	2950000	2960000	0	0
2	2960000	2970000	0	0
2	2970000	2980000	0	0
2	2980000	2990000	0	0
2	2990000	3000000	0	0
2	3000000	3010000	0	0
2	3010000	3020000	0	0
2	3020000	3030000	0	0
2	3030000	3040000	0	0
2	3040000	3050000	0	0
2	3050000	3060000	0	0
2	3060000	3070000	0	0
2	3070000	3080000	0	0
2	3080000	3090000	0	0
2	3090000	3100000	0	0
2	3100000	3110000	0	0
2	3110000	3120000	0	0
2	3120000	3130000	0	0
2	3130000	3140000	0	0
2	3140000	3150000	0	0
2	3150000	3160000	0	0
2	3160000	3170000	0	0
2	3170000	3180000	0	0
2	3180000	3190000	0	0
2	3190000	3200000	0	0
2	3200000	3210000	0	0
2	3210000	3220000	0	0
2	3220000	3230000	0	0
2	3230000	3240000	0	0
2	3240000	3250000	0	0
2	3250000	3260000	0	0
2	3260000	3270000	0	0
2	3270000	3280000	0	0
2	3280000	3290000	0	0
2	3290000	3300000	0	0
2	3300000	3310000	0	0
2	3310000	3320000	0	0
2	3320000	3330000	0	0
2	3330000	3340000	0	0
2	3340000	3350000	0	0
2	3350000	3360000	0	0
2	3360000	3370000	0	0
2	3370000	3380000	0	0
2	3380000	3390000	0	0
2	3390000	3400000	0	0
2	3400000	3410000	0	0
2	3410000	3420000	0	0
2	3420000	3430000	0	0
2	3430000	3440000	0	0
2	3440000	3450000	0	0
2	3450000	3460000	0	0
2	3460000	3470000	0	0
2	3470000	3480000	0	0
2	3480000	3490000	0	0
2	3490000	3500000	0	0
2	3500000	3510000	0	0
2	3510000	3520000	0	0
2	3520000	3530000	0	0
2	3530000	3540000	0	0
2	3540000	3550000	0	0
2	3550000	3560000	0	0
2	3560000	3570000	0	0
2	3570000	3580000	0	0
2	3580000	3590000	0	0
2	3590000	3600000	0	0
2	3600000	3610000	0	0
2	3610000	3620000	0	0
2	3620000	3630000	0	0
2	3630000	3640000	0	0
2	3640000	3650000	0	0
2	3650000	3660000	0	0
2	3660000	3670000	0	0
2	3670000	3680000	0	0
2	3680000	3690000	0	0
2	3690000	3700000	0	0
2	3700000	3710000	0	0
2	3710000	3720000	0	0
2	3720000	3730000	0	0
2	3730000	3740000	0	0
2	3740000	3750000	0	0
2	3750000	3760000	0	0
2	3760000	3770000	0	0
2	3770000	3780000	0	0
2	3780000	3790000	0	0
2	3790000	3800000	0	0
2	3800000	3810000	0	0
2	3810000	3820000	0	0
2	3820000	3830000	0	0
2	3830000	3840000	0	0
2	3840000	3850000	0	0
2	3850000	3860000	0	0
2	3860000	3870000	0	0
2	3870000	3880000	0	0
2	3880000	3890000	0	0
2	3890000	3900000	0	0
2	3900000	3910000	0	0
2	3910000	3920000	0	0
2	3920000	3930000	0	0
2	3930000	3940000	0	0
2	3940000	3950000	0	0
2	3950000	3960000	0	0
2	3960000	3970000	0	0
2	3970000	3980000	0	0
2	3980000	3990000	0	0
2	3990000	4000000	0	0
2	4000000	4010000	0	0
2	4010000	4020000	0	0
2	4020000	4030000	0	0
2	4030000	4040000	0	0
2	4040000	4050000	0	0
2	4050000	4060000	0	0
2	4060000	4070000	0	0
2	4070000	4080000	0	0
2	4080000	4090000	0	0
2	4090000	4100000	0	0
2	4100000	4110000	0	0
2	4110000	4120000	0	0
2	4120000	4130000	0	0
2	4130000	4140000	0	0
2	4140000	4150000	0	0
2	4150000	4160000	0	0
2	4160000	4170000	0	0
2	4170000	4180000	0	0
2	4180000	4190000	0	0
2	4190000	4200000	0	0
2	4200000	4210000	0	0
2	4210000	4220000	0	0
2	4220000	4230000	0	0
2	4230000	4240000	0	0
2	4240000	4250000	0	0
2	4250000	4260000	0	0
2	4260000	4270000	0	0
2	4270000	4280000	0	0
2	4280000	4290000	0	0
2	4290000	4300000	0	0
2	4300000	4310000	0	0
2	4310000	4320000	0	0
2	4320000	4330000	0	0
2	4330000	4340000	0	0
2	4340000	4350000	0	0
2	4350000	4360000	0	0
2	4360000	4370000	0	0
2	4370000	4380000	0	0
2	4380000	4390000	0	0
2	4390000	4400000	0	0
2	4400000	4410000	0	0
2	4410000	4420000	0	0
2	4420000	4430000	0	0
2	4430000	4440000	0	0
2	4440000	4450000	0	0
2	4450000	4460000	0	0
2	4460000	4470000	0	0
2	4470000	4480000	0	0
2	4480000	4490000	0	0
2	4490000	4500000	0	0
2	4500000	4510000	0	0
2	4510000	4520000	0	0
2	4520000	4530000	0	0
2	4530000	4540000	0	0
2	4540000	4550000	0	0
2	4550000	4560000	0	0
2	4560000	4570000	0	0
2	4570000	4580000	0	0
2	4580000	4590000	0	0
2	4590000	4600000	0	0
2	4600000	4610000	0	0
2	4610000	4620000	0	0
2	4620000	4630000	0	0
2	4630000	4640000	0	0
2	4640000	4650000	0	0
2	4650000	4660000	0	0
2	4660000	4670000	0	0
2	4670000	4680000	0	0
2	4680000	4690000	0	0
2	4690000	4700000	0	0
2	4700000	4710000	0	0
2	4710000	4720000	0	0
2	4720000	4730000	0	0
2	4730000	4740000	0	0
2	4740000	4750000	0	0
2	4750000	4760000	0	0
2	4760000	4770000	0	0
2	4770000	4780000	0	0
2	4780000	4790000	0	0
2	4790000	4800000	0	0
2	4800000	4810000	0	0
2	4810000	4820000	0	0
2	4820000	4830000	0	0
2	4830000	4840000	0	0
2	4840000	4850000	0	0
2	4850000	4860000	0	0
2	4860000	4870000	0	0
2	4870000	4880000	0	0
2	4880000	4890000	0	0
2	4890000	4900000	0	0
2	4900000	4910000	0	0
2	4910000	4920000	0	0
2	4920000	4930000	0	0
2	4930000	4940000	0	0
2	4940000	4950000	0	0
2	4950000	4960000	0	0
2	4960000	4970000	0	0
2	4970000	4980000	0	0
2	4980000	4990000	0	0
2	4990000	5000000	0	0
2	5000000	5010000	0	0
2	5010000	5020000	0	0
2	5020000	5030000	0	0
2	5030000	5040000	0	0
2	5040000	5050000	0	0
2	5050000	5060000	0	0
2	5060000	5070000	0	0
2	5070000	5080000	0	0
2	5080000	5090000	0	0
2	5090000	5100000	0	0
2	5100000	5110000	0	0
2	5110000	5120000	0	0
2	5120000	5130000	0	0
2	5130000	5140000	0	0
2	5140000	5150000	0	0
2	5150000	5160000	0	0
2	5160000	5170000	0	0
2	5170000	5180000	0	0
2	5180000	5190000	0	0
2	5190000	5200000	0	0
2	5200000	5210000	0	0
2	5210000	5220000	0	0
2	5220000	5230000	0	0
2	5230000	5240000	0	0
2	5240000	5250000	0	0
2	5250000	5260000	0	0
2	5260000	5270000	0	0
2	5270000	5280000	0	0
2	5280000	5290000	0	0
2	5290000	5300000	0	0
2	5300000	5310000	0	0
2	5310000	5320000	0	0
2	5320000	5330000	0	0
2	5330000	5340000	0	0
2	5340000	5350000	0	0
2	5350000	5360000	0	0
2	5360000	5370000	0	0
2	5370000	5380000	0	0
2	5380000	5390000	0	0
2	5390000	5400000	0	0
2	5400000	5410000	0	0
2	5410000	5420000	0	0
2	5420000	5430000	0	0
2	5430000	5440000	0	0
2	5440000	5450000	0	0
2	5450000	5460000	0	0
2	5460000	5470000	0	0
2	5470000	5480000	0	0
2	5480000	5490000	0	0
2	5490000	5500000	0	0
2	5500000	5510000	0	0
2	5510000	5520000	0	0
2	5520000	5530000	0	0
2	5530000	5540000	0	0
2	5540000	5550000	0	0
2	5550000	5560000	0	0
2	5560000	5570000	0	0
2	5570000	5580000	0	0
2	5580000	5590000	0	0
2	5590000	5600000	0	0
2	5600000	5610000	0	0
2	5610000	5620000	0	0
2	5620000	5630000	0	0
2	5630000	5640000	0	0
2	5640000	5650000	0	0
2	5650000	5660000	0	0
2	5660000	5670000	0	0
2	5670000	5680000	0	0
2	5680000	5690000	0	0
2	5690000	5700000	0	0
2	5700000	5710000	0	0
2	5710000	5720000	0	0
2	5720000	5730000	0	0
2	5730000	5740000	0	0
2	5740000	5750000	0	0
2	5750000	5760000	0	0
2	5760000	5770000	0	0
2	5770000	5780000	0	0
2	5780000	5790000	0	0
2	5790000	5800000	0	0
2	5800000	5810000	0	0
2	5810000	5820000	0	0
2	5820000	5830000	0	0
2	5830000	5840000	0	0
2	5840000	5850000	0	0
2	5850000	5860000	0	0
2	5860000	5870000	0	0
2	5870000	5880000	0	0
2	5880000	5890000	0	0
2	5890000	5900000	0	0
2	5900000	5910000	0	0
2	5910000	5920000	0	0
2	5920000	5930000	0	0
2	5930000	5940000	0	0
2	5940000	5950000	0	0
2	5950000	5960000	0	0
2	5960000	5970000	0	0
2	5970000	5980000	0	0
2	5980000	5990000	0	0
2	5990000	6000000	0	0
2	6000000	6010000	0	0
2	6010000	6020000	0	0
2	6020000	6030000	0	0
2	6030000	6040000	0	0
2	6040000	6050000	0	0
2	6050000	6060000	0	0
2	6060000	6070000	0	0
2	6070000	6080000	0	0
2	6080000	6090000	0	0
2	6090000	6100000	0	0
2	6100000	6110000	0	0
2	6110000	6120000	0	0
2	6120000	6130000	0	0
2	6130000	6140000	0	0
2	6140000	6150000	0	0
2	6150000	6160000	0	0
2	6160000	6170000	0	0
2	6170000	6180000	0	0
2	6180000	6190000	0	0
2	6190000	6200000	0	0
2	6200000	6210000	0	0
2	6210000	6220000	0	0
2	6220000	6230000	0	0
2	6230000	6240000	0	0
2	6240000	6250000	0	0
2	6250000	6260000	0	0
2	6260000	6270000	0	0
2	6270000	6280000	0	0
2	6280000	6290000	0	0
2	6290000	6300000	0	0
2	6300000	6310000	0	0
2	6310000	6320000	0	0
2	6320000	6330000	0	0
2	6330000	6340000	0	0
2	6340000	6350000	0	0
2	6350000	6360000	0	0
2	6360000	6370000	0	0
2	6370000	6380000	0	0
2	6380000	6390000	0	0
2	6390000	6400000	0	0
2	6400000	6410000	0	0
2	6410000	6420000	0	0
2	6420000	6430000	0	0
2	6430000	6440000	0	0
2	6440000	6450000	0	0
2	6450000	6460000	0	0
2	6460000	6470000	0	0
2	6470000	6480000	0	0
2	6480000	6490000	0	0
2	6490000	6500000	0	0
2	6500000	6510000	0	0
2	6510000	6520000	0	0
2	6520000	6530000	0	0
2	6530000	6540000	0	0
2	6540000	6550000	0	0
2	6550000	6560000	0	0
2	6560000	6570000	0	0
2	6570000	6580000	0	0
2	6580000	6590000	0	0
2	6590000	6600000	0	0
2	6600000	6610000	0	0
2	6610000	6620000	0	0
2	6620000	6630000	0	0
2	6630000	6640000	0	0
2	6640000	6650000	0	0
2	6650000	6660000	0	0
2	6660000	6670000	0	0
2	6670000	6680000	0	0
2	6680000	6690000	0	0
2	6690000	6700000	0	0
2	6700000	6710000	0	0
2	6710000	6720000	0	0
2	6720000	6730000	0	0
2	6730000	6740000	0	0
2	6740000	6750000	0	0
2	6750000	6760000	0	0
2	6760000	6770000	0	0
2	6770000	6780000	0	0
2	6780000	6790000	0	0
2	6790000	6800000	0	0
2	6800000	6810000	0	0
2	6810000	6820000	0	0
2	6820000	6830000	0	0
2	6830000	6840000	0	0
2	6840000	6850000	0	0
2	6850000	6860000	0	0
2	6860000	6870000	0	0
2	6870000	6880000	0	0
2	6880000	6890000	0	0
2	6890000	6900000	0	0
2	6900000	6910000	0	0
2	6910000	6920000	0	0
2	6920000	6930000	0	0
2	6930000	6940000	0	0
2	6940000	6950000	0	0
2	6950000	6960000	0	0
2	6960000	6970000	0	0
2	6970000	6980000	0	0
2	6980000	6990000	0	0
2	6990000	7000000	0	0
2	7000000	7010000	0	0
2	7010000	7020000	0	0
2	7020000	7030000	0	0
2	7030000	7040000	0	0
2	7040000	7050000	0	0
2	7050000	7060000	0	0
2	7060000	7070000	0	0
2	7070000	7080000	0	0
2	7080000	7090000	0	0
2	7090000	7100000	0	0
2	7100000	7110000	0	0
2	7110000	7120000	0	0
2	7120000	7130000	0	0
2	7130000	7140000	0	0
2	7140000	7150000	0	0
2	7150000	7160000	0	0
2	7160000	7170000	0	0
2	7170000	7180000	0	0
2	7180000	7190000	0	0
2	7190000	7200000	0	0
2	7200000	7210000	0	0
2	7210000	7220000	0	0
2	7220000	7230000	0	0
2	7230000	7240000	0	0
2	7240000	7250000	0	0
2	7250000	7260000	0	0
2	7260000	7270000	0	0
2	7270000	7280000	0	0
2	7280000	7290000	0	0
2	7290000	7300000	0	0
2	7300000	7310000	0	0
2	7310000	7320000	0	0
2	7320000	7330000	0	0
2	7330000	7340000	0	0
2	7340000	7350000	0	0
2	7350000	7360000	0	0
2	7360000	7370000	0	0
2	7370000	7380000	0	0
2	7380000	7390000	0	0
2	7390000	7400000	0	0
2	7400000	7410000	0	0
2	7410000	7420000	0	0
2	7420000	7430000	0	0
2	7430000	7440000	0	0
2	7440000	7450000	0	0
2	7450000	7460000	0	0
2	7460000	7470000	0	0
2	7470000	7480000	0	0
2	7480000	7490000	0	0
2	7490000	7500000	0	0
2	7500000	7510000	0	0
2	7510000	7520000	0	0
2	7520000	7530000	0	0
2	7530000	7540000	0	0
2	7540000	7550000	0	0
2	7550000	7560000	0	0
2	7560000	7570000	0	0
2	7570000	7580000	0	0
2	7580000	7590000	0	0
2	7590000	7600000	0	0
2	7600000	7610000	0	0
2	7610000	7620000	0	0
2	7620000	7630000	0	0
2	7630000	7640000	0	0
2	7640000	7650000	0	0
2	7650000	7660000	0	0
2	7660000	7670000	0	0
2	7670000	7680000	0	0
2	7680000	7690000	0	0
2	7690000	7700000	0	0
2	7700000	7710000	0	0
2	7710000	7720000	0	0
2	7720000	7730000	0	0
2	7730000	7740000	0	0
2	7740000	7750000	0	0
2	7750000	7760000	0	0
2	7760000	7770000	0	0
2	7770000	7780000	0	0
2	7780000	7790000	0	0
2	7790000	7800000	0	0
2	7800000	7810000	0	0
2	7810000	7820000	0	0
2	7820000	7830000	0	0
2	7830000	7840000	0	0
2	7840000	7850000	0	0
2	7850000	7860000	0	0
2	7860000	7870000	0	0
2	7870000	7880000	0	0
2	7880000	7890000	0	0
2	7890000	7900000	0	0
2	7900000	7910000	0	0
2	7910000	7920000	0	0
2	7920000	7930000	0	0
2	7930000	7940000	0	0
2	7940000	7950000	0	0
2	7950000	7960000	0	0
2	7960000	7970000	0	0
2	7970000	7980000	0	0
2	7980000	7990000	0	0
2	7990000	8000000	0	0
2	8000000	8010000	0	0
2	8010000	8020000	0	0
2	8020000	8030000	0	0
2	8030000	8040000	0	0
2	8040000	8050000	0	0
2	8050000	8060000	0	0
2	8060000	8070000	0	0
2	8070000	8080000	0	0
2	8080000	8090000	0	0
2	8090000	8100000	0	0
2	8100000	8110000	0	0
2	8110000	8120000	0	0
2	8120000	8130000	0	0
2	8130000	8140000	0	0
2	8140000	8150000	0	0
2	8150000	8160000	0	0
2	8160000	8170000	0	0
2	8170000	8180000	0	0
2	8180000	8190000	0	0
2	8190000	8200000	0	0
2	8200000	8210000	0	0
2	8210000	8220000	0	0
2	8220000	8230000	0	0
2	8230000	8240000	0	0
2	8240000	8250000	0	0
2	8250000	8260000	0	0
2	8260000	8270000	0	0
2	8270000	8280000	0	0
2	8280000	8290000	0	0
2	8290000	8300000	0	0
2	8300000	8310000	0	0
2	8310000	8320000	0	0
2	8320000	8330000	0	0
2	8330000	8340000	0	0
2	8340000	8350000	0	0
2	8350000	8360000	0	0
2	8360000	8370000	0	0
2	8370000	8380000	0	0
2	8380000	8390000	0	0
2	8390000	8400000	0	0
2	8400000	8410000	0	0
2	8410000	8420000	0	0
2	8420000	8430000	0	0
2	8430000	8440000	0	0
2	8440000	8450000	0	0
2	8450000	8460000	0	0
2	8460000	8470000	0	0
2	8470000	8480000	0	0
2	8480000	8490000	0	0
2	8490000	8500000	0	0
2	8500000	8510000	0	0
2	8510000	8520000	0	0
2	8520000	8530000	0	0
2	8530000	8540000	0	0
2	8540000	8550000	0	0
2	8550000	8560000	0	0
2	8560000	8570000	0	0
2	8570000	8580000	0	0
2	8580000	8590000	0	0
2	8590000	8600000	0	0
2	8600000	8610000	0	0
2	8610000	8620000	0	0
2	8620000	8630000	0	0
2	8630000	8640000	0	0
2	8640000	8650000	0	0
2	8650000	8660000	0	0
2	8660000	8670000	0	0
2	8670000	8680000	0	0
2	8680000	8690000	0	0
2	8690000	8700000	0	0
2	8700000	8710000	0	0
2	8710000	8720000	0	0
2	8720000	8730000	0	0
2	8730000	8740000	0	0
2	8740000	8750000	0	0
2	8750000	8760000	0	0
2	8760000	8770000	0	0
2	8770000	8780000	0	0
2	8780000	8790000	0	0
2	8790000	8800000	0	0
2	8800000	8810000	0	0
2	8810000	8820000	0	0
2	8820000	8830000	0	0
2	8830000	8840000	0	0
2	8840000	8850000	0	0
2	8850000	8860000	0	0
2	8860000	8870000	0	0
2	8870000	8880000	0	0
2	8880000	8890000	0	0
2	8890000	8900000	0	0
2	8900000	8910000	0	0
2	8910000	8920000	0	0
2	8920000	8930000	0	0
2	8930000	8940000	0	0
2	8940000	8950000	0	0
2	8950000	8960000	0	0
2	8960000	8970000	0	0
2	8970000	8980000	0	0
2	8980000	8990000	0	0
2	8990000	9000000	0	0
2	9000000	9010000	0	0
2	9010000	9020000	0	0
2	9020000	9030000	0	0
2	9030000	9040000	0	0
2	9040000	9050000	0	0
2	9050000	9060000	0	0
2	9060000	9070000	0	0
2	9070000	9080000	0	0
2	9080000	9090000	0	0
2	9090000	9100000	0	0
2	9100000	9110000	0	0
2	9110000	9120000	0	0
2	9120000	9130000	0	0
2	9130000	9140000	0	0
2	9140000	9150000	0	0
2	9150000	9160000	0	0
2	9160000	9170000	0	0
2	9170000	9180000	0	0
2	9180000	9190000	0	0
2	9190000	9200000	0	0
2	9200000	9210000	0	0
2	9210000	9220000	0	0
2	9220000	9230000	0	0
2	9230000	9240000	0	0
2	9240000	9250000	0	0
2	9250000	9260000	0	0
2	9260000	9270000	0	0
2	9270000	9280000	0	0
2	9280000	9290000	0	0
2	9290000	9300000	0	0
2	9300000	9310000	0	0
2	9310000	9320000	0	0
2	9320000	9330000	0	0
2	9330000	9340000	0	0
2	9340000	9350000	0	0
2	9350000	9360000	0	0
2	9360000	9370000	0	0
2	9370000	9380000	0	0
2	9380000	9390000	0	0
2	9390000	9400000	0	0
2	9400000	9410000	0	0
2	9410000	9420000	0	0
2	9420000	9430000	0	0
2	9430000	9440000	0	0
2	9440000	9450000	0	0
2	9450000	9460000	0	0
2	9460000	9470000	0	0
2	9470000	9480000	0	0
2	9480000	9490000	0	0
2	9490000	9500000	0	0
2	9500000	9510000	0	0
2	9510000	9520000	0	0
2	9520000	9530000	0	0
2	9530000	9540000	0	0
2	9540000	9550000	0	0
2	9550000	9560000	0	0
2	9560000	9570000	0	0
2	9570000	9580000	0	0
2	9580000	9590000	0	0
2	9590000	9600000	0	0
2	9600000	9610000	0	0
2	9610000	9620000	0	0
2	9620000	9630000	0	0
2	9630000	9640000	0	0
2	9640000	9650000	0	0
2	9650000	9660000	0	0
2	9660000	9670000	0	0
2	9670000	9680000	0	0
2	9680000	9690000	0	0
2	9690000	9700000	0	0
2	9700000	9710000	0	0
2	9710000	9720000	0	0
2	9720000	9730000	0	0
2	9730000	9740000	0	0
2	9740000	9750000	0	0
2	9750000	9760000	0	0
2	9760000	9770000	0	0
2	9770000	9780000	0	0
2	9780000	9790000	0	0
2	9790000	9800000	0	0
2	9800000	9810000	0	0
2	9810000	9820000	0	0
2	9820000	9830000	0	0
2	9830000	9840000	0	0
2	9840000	9850000	0	0
2	9850000	9860000	0	0
2	9860000	9870000	0	0
2	9870000	9880000	0	0
2	9880000	9890000	0	0
2	9890000	9900000	0	0
2	9900000	9910000	0	0
2	9910000	9920000	0	0
2	9920000	9930000	0	0
2	9930000	9940000	0	0
2	9940000	9950000	0	0
2	9950000	9960000	0	0
2	9960000	9970000	0	0
2	9970000	9980000	0	0
2	9980000	9990000	0	0
2	9990000	10000000	0	0
2	10000000	10010000	0	0
2	10010000	10020000	0	0
2	10020000	10030000	0	0
2	10030000	10040000	0	0
2	10040000	10050000	0	0
2	10050000	10060000	0	0
2	10060000	10070000	0	0
2	10070000	10080000	0	0
2	10080000	10090000	0	0
2	10090000	10100000	0	0
2	10100000	10110000	0	0
2	10110000	10120000	0	0
2	10120000	10130000	0	0
2	10130000	10140000	0	0
2	10140000	10150000	0	0
2	10150000	10160000	0	0
2	10160000	10170000	0	0
2	10170000	10180000	0	0
2	10180000	10190000	0	0
2	10190000	10200000	0	0
2	10200000	10210000	0	0
2	10210000	10220000	0	0
2	10220000	10230000	0	0
2	10230000	10240000	0	0
2	10240000	10250000	0	0
2	10250000	10260000	0	0
2	10260000	10270000	0	0
2	10270000	10280000	0	0
2	10280000	10290000	0	0
2	10290000	10300000	0	0
2	10300000	10310000	0	0
2	10310000	10320000	0	0
2	10320000	10330000	0	0
2	10330000	10340000	0	0
2	10340000	10350000	0	0
2	10350000	10360000	0	0
2	10360000	10370000	0	0
2	10370000	10380000	0	0
2	10380000	10390000	0	0
2	10390000	10400000	0	0
2	10400000	10410000	0	0
2	10410000	10420000	0	0
2	10420000	10430000	0	0
2	10430000	10440000	0	0
2	10440000	10450000	0	0
2	10450000	10460000	0	0
2	10460000	10470000	0	0
2	10470000	10480000	0	0
2	10480000	10490000	0	0
2	10490000	10500000	0	0
2	10500000	10510000	0	0
2	10510000	10520000	0	0
2	10520000	10530000	0	0
2	10530000	10540000	0	0
2	10540000	10550000	0	0
2	10550000	10560000	0	0
2	10560000	10570000	0	0
2	10570000	10580000	0	0
2	10580000	10590000	0	0
2	10590000	10600000	0	0
2	10600000	10610000	0	0
2	10610000	10620000	0	0
2	10620000	10630000	0	0
2	10630000	10640000	0	0
2	10640000	10650000	0	0
2	10650000	10660000	0	0
2	10660000	10670000	0	0
2	10670000	10680000	0	0
2	10680000	10690000	0	0
2	10690000	10700000	0	0
2	10700000	10710000	0	0
2	10710000	10720000	0	0
2	10720000	10730000	0	0
2	10730000	10740000	0	0
2	10740000	10750000	0	0
2	10750000	10760000	0	0
2	10760000	10770000	0	0
2	10770000	10780000	0	0
2	10780000	10790000	0	0
2	10790000	10800000	0	0
2	10800000	10810000	0	0
2	10810000	10820000	0	0
2	10820000	10830000	0	0
2	10830000	10840000	0	0
2	10840000	10850000	0	0
2	10850000	10860000	0	0
2	10860000	10870000	0	0
2	10870000	10880000	0	0
2	10880000	10890000	0	0
2	10890000	10900000	0	0
2	10900000	10910000	0	0
2	10910000	10920000	0	0
2	10920000	10930000	0	0
2	10930000	10940000	0	0
2	10940000	10950000	0	0
2	10950000	10960000	0	0
2	10960000	10970000	0	0
2	10970000	10980000	0	0
2	10980000	10990000	0	0
2	10990000	11000000	0	0
2	11000000	11010000	0	0
2	11010000	11020000	0	0
2	11020000	11030000	0	0
2	11030000	11040000	0	0
2	11040000	11050000	0	0
2	11050000	11060000	0	0
2	11060000	11070000	0	0
2	11070000	11080000	0	0
2	11080000	11090000	0	0
2	11090000	11100000	0	0
2	11100000	11110000	0	0
2	11110000	11120000	0	0
2	11120000	11130000	0	0
2	11130000	11140000	0	0
2	11140000	11150000	0	0
2	11150000	11160000	0	0
2	11160000	11170000	0	0
2	11170000	11180000	0	0
2	11180000	11190000	0	0
2	11190000	11200000	0	0
2	11200000	11210000	0	0
2	11210000	11220000	0	0
2	11220000	11230000	0	0
2	11230000	11240000	0	0
2	11240000	11250000	0	0
2	11250000	11260000	0	0
2	11260000	11270000	0	0
2	11270000	11280000	0	0
2	11280000	11290000	0	0
2	11290000	11300000	0	0
2	11300000	11310000	0	0
2	11310000	11320000	0	0
2	11320000	11330000	0	0
2	11330000	11340000	0	0
2	11340000	11350000	0	0
2	11350000	11360000	0	0
2	11360000	11370000	0	0
2	11370000	11380000	0	0
2	11380000	11390000	0	0
2	11390000	11400000	0	0
2	11400000	11410000	0	0
2	11410000	11420000	0	0
2	11420000	11430000	0	0
2	11430000	11440000	0	0
2	11440000	11450000	0	0
2	11450000	11460000	0	0
2	11460000	11470000	0	0
2	11470000	11480000	0	0
2	11480000	11490000	0	0
2	11490000	11500000	0	0
2	11500000	11510000	0	0
2	11510000	11520000	0	0
2	11520000	11530000	0	0
2	11530000	11540000	0	0
2	11540000	11550000	0	0
2	11550000	11560000	0	0
2	11560000	11570000	0	0
2	11570000	11580000	0	0
2	11580000	11590000	0	0
2	11590000	11600000	0	0
2	11600000	11610000	0	0
2	11610000	11620000	0	0
2	11620000	11630000	0	0
2	11630000	11640000	0	0
2	11640000	11650000	0	0
2	11650000	11660000	0	0
2	11660000	11670000	0	0
2	11670000	11680000	0	0
2	11680000	11690000	0	0
2	11690000	11700000	0	0
2	11700000	11710000	0	0
2	11710000	11720000	0	0
2	11720000	11730000	0	0
2	11730000	11740000	0	0
2	11740000	11750000	0	0
2	11750000	11760000	0	0
2	11760000	11770000	0	0
2	11770000	11780000	0	0
2	11780000	11790000	0	0
2	11790000	11800000	0	0
2	11800000	11810000	0	0
2	11810000	11820000	0	0
2	11820000	11830000	0	0
2	11830000	11840000	0	0
2	11840000	11850000	0	0
2	11850000	11860000	0	0
2	11860000	11870000	0	0
2	11870000	11880000	0	0
2	11880000	11890000	0	0
2	11890000	11900000	0	0
2	11900000	11910000	0	0
2	11910000	11920000	0	0
2	11920000	11930000	0	0
2	11930000	11940000	0	0
2	11940000	11950000	0	0
2	11950000	11960000	0	0
2	11960000	11970000	0	0
2	11970000	11980000	0	0
2	11980000	11990000	0	0
2	11990000	12000000	0	0
2	12000000	12010000	0	0
2	12010000	12020000	0	0
2	12020000	12030000	0	0
2	12030000	12040000	0	0
2	12040000	12050000	0	0
2	12050000	12060000	0	0
2	12060000	12070000	0	0
2	12070000	12080000	0	0
2	12080000	12090000	0	0
2	12090000	12100000	0	0
2	12100000	12110000	0	0
2	12110000	12120000	0	0
2	12120000	12130000	0	0
2	12130000	12140000	0	0
2	12140000	12150000	0	0
2	12150000	12160000	0	0
2	12160000	12170000	0	0
2	12170000	12180000	0	0
2	12180000	12190000	0	0
2	12190000	12200000	0	0
2	12200000	12210000	0	0
2	12210000	12220000	0	0
2	12220000	12230000	0	0
2	12230000	12240000	0	0
2	12240000	12250000	0	0
2	12250000	12260000	0	0
2	12260000	12270000	0	0
2	12270000	12280000	0	0
2	12280000	12290000	0	0
2	12290000	12300000	0	0
2	12300000	12310000	0	0
2	12310000	12320000	0	0
2	12320000	12330000	0	0
2	12330000	12340000	0	0
2	12340000	12350000	0	0
2	12350000	12360000	0	0
2	12360000	12370000	0	0
2	12370000	12380000	0	0
2	12380000	12390000	0	0
2	12390000	12400000	0	0
2	12400000	12410000	0	0
2	12410000	12420000	0	0
2	12420000	12430000	0	0
2	12430000	12440000	0	0
2	12440000	12450000	0	0
2	12450000	12460000	0	0
2	12460000	12470000	0	0
2	12470000	12480000	0	0
2	12480000	12490000	0	0
2	12490000	12500000	0	0
2	12500000	12510000	0	0
2	12510000	12520000	0	0
2	12520000	12530000	0	0
2	12530000	12540000	0	0
2	12540000	12550000	0	0
2	12550000	12560000	0	0
2	12560000	12570000	0	0
2	12570000	12580000	0	0
2	12580000	12590000	0	0
2	12590000	12600000	0	0
2	12600000	12610000	0	0
2	12610000	12620000	0	0
2	12620000	12630000	0	0
2	12630000	12640000	0	0
2	12640000	12650000	0	0
2	12650000	12660000	0	0
2	12660000	12670000	0	0
2	12670000	12680000	0	0
2	12680000	12690000	0	0
2	12690000	12700000	0	0
2	12700000	12710000	0	0
2	12710000	12720000	0	0
2	12720000	12730000	0	0
2	12730000	12740000	0	0
2	12740000	12750000	0	0
2	12750000	12760000	0	0
2	12760000	12770000	0	0
2	12770000	12780000	0	0
2	12780000	12790000	0	0
2	12790000	12800000	0	0
2	12800000	12810000	0	0
2	12810000	12820000	0	0
2	12820000	12830000	0	0
2	12830000	12840000	0	0
2	12840000	12850000	0	0
2	12850000	12860000	0	0
2	12860000	12870000	0	0
2	12870000	12880000	0	0
2	12880000	12890000	0	0
2	12890000	12900000	0	0
2	12900000	12910000	0	0
2	12910000	12920000	0	0
2	12920000	12930000	0	0
2	12930000	12940000	0	0
2	12940000	12950000	0	0
2	12950000	12960000	0	0
2	12960000	12970000	0	0
2	12970000	12980000	0	0
2	12980000	12990000	0	0
2	12990000	13000000	0	0
2	13000000	13010000	0	0
2	13010000	13020000	0	0
2	13020000	13030000	0	0
2	13030000	13040000	0	0
2	13040000	13050000	0	0
2	13050000	13060000	0	0
2	13060000	13070000	0	0
2	13070000	13080000	0	0
2	13080000	13090000	0	0
2	13090000	13100000	0	0
2	13100000	13110000	0	0
2	13110000	13120000	0	0
2	13120000	13130000	0	0
2	13130000	13140000	0	0
2	13140000	13150000	0	0
2	13150000	13160000	0	0
2	13160000	13170000	0	0
2	13170000	13180000	0	0
2	13180000	13190000	0	0
2	13190000	13200000	0	0
2	13200000	13210000	0	0
2	13210000	13220000	0	0
2	13220000	13230000	0	0
2	13230000	13240000	0	0
2	13240000	13250000	0	0
2	13250000	13260000	0	0
2	13260000	13270000	0	0
2	13270000	13280000	0	0
2	13280000	13290000	0	0
2	13290000	13300000	0	0
2	13300000	13310000	0	0
2	13310000	13320000	0	0
2	13320000	13330000	0	0
2	13330000	13340000	0	0
2	13340000	13350000	0	0
2	13350000	13360000	0	0
2	13360000	13370000	0	0
2	13370000	13380000	0	0
2	13380000	13390000	0	0
2	13390000	13400000	0	0
2	13400000	13410000	0	0
2	13410000	13420000	0	0
2	13420000	13430000	0	0
2	13430000	13440000	0	0
2	13440000	13450000	0	0
2	13450000	13460000	0	0
2	13460000	13470000	0	0
2	13470000	13480000	0	0
2	13480000	13490000	0	0
2	13490000	13500000	0	0
2	13500000	13510000	0	0
2	13510000	13520000	0	0
2	13520000	13530000	0	0
2	13530000	13540000	0	0
2	13540000	13550000	0	0
2	13550000	13560000	0	0
2	13560000	13570000	0	0
2	13570000	13580000	0	0
2	13580000	13590000	0	0
2	13590000	13600000	0	0
2	13600000	13610000	0	0
2	13610000	13620000	0	0
2	13620000	13630000	0	0
2	13630000	13640000	0	0
2	13640000	13650000	0	0
2	13650000	13660000	0	0
2	13660000	13670000	0	0
2	13670000	13680000	0	0
2	13680000	13690000	0	0
2	13690000	13700000	0	0
2	13700000	13710000	0	0
2	13710000	13720000	0	0
2	13720000	13730000	0	0
2	13730000	13740000	0	0
2	13740000	13750000	0	0
2	13750000	13760000	0	0
2	13760000	13770000	0	0
2	13770000	13780000	0	0
2	13780000	13790000	0	0
2	13790000	13800000	0	0
2	13800000	13810000	0	0
2	13810000	13820000	0	0
2	13820000	13830000	0	0
2	13830000	13840000	0	0
2	13840000	13850000	0	0
2	13850000	13860000	0	0
2	13860000	13870000	0	0
2	13870000	13880000	0	0
2	13880000	13890000	0	0
2	13890000	13900000	0	0
2	13900000	13910000	0	0
2	13910000	13920000	0	0
2	13920000	13930000	0	0
2	13930000	13940000	0	0
2	13940000	13950000	0	0
2	13950000	13960000	0	0
2	13960000	13970000	0	0
2	13970000	13980000	0	0
2	13980000	13990000	0	0
2	13990000	14000000	0	0
2	14000000	14010000	0	0
2	14010000	14020000	0	0
2	14020000	14030000	0	0
2	14030000	14040000	0	0
2	14040000	14050000	0	0
2	14050000	14060000	0	0
2	14060000	14070000	0	0
2	14070000	14080000	0	0
2	14080000	14090000	0	0
2	14090000	14100000	0	0
2	14100000	14110000	0	0
2	14110000	14120000	0	0
2	14120000	14130000	0	0
2	14130000	14140000	0	0
2	14140000	14150000	0	0
2	14150000	14160000	0	0
2	14160000	14170000	0	0
2	14170000	14180000	0	0
2	14180000	14190000	0	0
2	14190000	14200000	0	0
2	14200000	14210000	0	0
2	14210000	14220000	0	0
2	14220000	14230000	0	0
2	14230000	14240000	0	0
2	14240000	14250000	0	0
2	14250000	14260000	0	0
2	14260000	14270000	0	0
2	14270000	14280000	0	0
2	14280000	14290000	0	0
2	14290000	14300000	0	0
2	14300000	14310000	0	0
2	14310000	14320000	0	0
2	14320000	14330000	0	0
2	14330000	14340000	0	0
2	14340000	14350000	0	0
2	14350000	14360000	0	0
2	14360000	14370000	0	0
2	14370000	14380000	0	0
2	14380000	14390000	0	0
2	14390000	14400000	0	0
2	14400000	14410000	0	0
2	14410000	14420000	0	0
2	14420000	14430000	0	0
2	14430000	14440000	0	0
2	14440000	14450000	0	0
2	14450000	14460000	0	0
2	14460000	14470000	0	0
2	14470000	14480000	0	0
2	14480000	14490000	0	0
2	14490000	14500000	0	0
2	14500000	14510000	0	0
2	14510000	14520000	0	0
2	14520000	14530000	0	0
2	14530000	14540000	0	0
2	14540000	14550000	0	0
2	14550000	14560000	0	0
2	14560000	14570000	0	0
2	14570000	14580000	0	0
2	14580000	14590000	0	0
2	14590000	14600000	0	0
2	14600000	14610000	0	0
2	14610000	14620000	0	0
2	14620000	14630000	0	0
2	14630000	14640000	0	0
2	14640000	14650000	0	0
2	14650000	14660000	0	0
2	14660000	14670000	0	0
2	14670000	14680000	0	0
2	14680000	14690000	0	0
2	14690000	14700000	0	0
2	14700000	14710000	0	0
2	14710000	14720000	0	0
2	14720000	14730000	0	0
2	14730000	14740000	0	0
2	14740000	14750000	0	0
2	14750000	14760000	0	0
2	14760000	14770000	0	0
2	14770000	14780000	0	0
2	14780000	14790000	0	0
2	14790000	14800000	0	0
2	14800000	14810000	0	0
2	14810000	14820000	0	0
2	14820000	14830000	0	0
2	14830000	14840000	0	0
2	14840000	14850000	0	0
2	14850000	14860000	0	0
2	14860000	14870000	0	0
2	14870000	14880000	0	0
2	14880000	14890000	0	0
2	14890000	14900000	0	0
2	14900000	14910000	0	0
2	14910000	14920000	0	0
2	14920000	14930000	0	0
2	14930000	14940000	0	0
2	14940000	14950000	0	0
2	14950000	14960000	0	0
2	14960000	14970000	0	0
2	14970000	14980000	0	0
2	14980000	14990000	0	0
2	14990000	15000000	0	0
2	15000000	15010000	0	0
2	15010000	15020000	0	0
2	15020000	15030000	0	0
2	15030000	15040000	0	0
2	15040000	15050000	0	0
2	15050000	15060000	0	0
2	15060000	15070000	0	0
2	15070000	15080000	0	0
2	15080000	15090000	0	0
2	15090000	15100000	0	0
2	15100000	15110000	0	0
2	15110000	15120000	0	0
2	15120000	15130000	0	0
2	15130000	15140000	0	0
2	15140000	15150000	0	0
2	15150000	15160000	0	0
2	15160000	15170000	0	0
2	15170000	15180000	0	0
2	15180000	15190000	0	0
2	15190000	15200000	0	0
2	15200000	15210000	0	0
2	15210000	15220000	0	0
2	15220000	15230000	0	0
2	15230000	15240000	0	0
2	15240000	15250000	0	0
2	15250000	15260000	0	0
2	15260000	15270000	0	0
2	15270000	15280000	0	0
2	15280000	15290000	0	0
2	15290000	15300000	0	0
2	15300000	15310000	0	0
2	15310000	15320000	0	0
2	15320000	15330000	0	0
2	15330000	15340000	0	0
2	15340000	15350000	0	0
2	15350000	15360000	0	0
2	15360000	15370000	0	0
2	15370000	15380000	0	0
2	15380000	15390000	0	0
2	15390000	15400000	0	0
2	15400000	15410000	0	0
2	15410000	15420000	0	0
2	15420000	15430000	0	0
2	15430000	15440000	0	0
2	15440000	15450000	0	0
2	15450000	15460000	0	0
2	15460000	15470000	0	0
2	15470000	15480000	0	0
2	15480000	15490000	0	0
2	15490000	15500000	0	0
2	15500000	15510000	0	0
2	15510000	15520000	0	0
2	15520000	15530000	0	0
2	15530000	15540000	0	0
2	15540000	15550000	0	0
2	15550000	15560000	0	0
2	15560000	15570000	0	0
2	15570000	15580000	0	0
2	15580000	15590000	0	0
2	15590000	15600000	0	0
2	15600000	15610000	0	0
2	15610000	15620000	0	0
2	15620000	15630000	0	0
2	15630000	15640000	0	0
2	15640000	15650000	0	0
2	15650000	15660000	0	0
2	15660000	15670000	0	0
2	15670000	15680000	0	0
2	15680000	15690000	0	0
2	15690000	15700000	0	0
2	15700000	15710000	0	0
2	15710000	15720000	0	0
2	15720000	15730000	0	0
2	15730000	15740000	0	0
2	15740000	15750000	0	0
2	15750000	15760000	0	0
2	15760000	15770000	0	0
2	15770000	15780000	0	0
2	15780000	15790000	0	0
2	15790000	15800000	0	0
2	15800000	15810000	0	0
2	15810000	15820000	0	0
2	15820000	15830000	0	0
2	15830000	15840000	0	0
2	15840000	15850000	0	0
2	15850000	15860000	0	0
2	15860000	15870000	0	0
2	15870000	15880000	0	0
2	15880000	15890000	0	0
2	15890000	15900000	0	0
2	15900000	15910000	0	0
2	15910000	15920000	0	0
2	15920000	15930000	0	0
2	15930000	15940000	0	0
2	15940000	15950000	0	0
2	15950000	15960000	0	0
2	15960000	15970000	0	0
2	15970000	15980000	0	0
2	15980000	15990000	0	0
2	15990000	16000000	0	0
2	16000000	16010000	0	0
2	16010000	16020000	0	0
2	16020000	16030000	0	0
2	16030000	16040000	0	0
2	16040000	16050000	0	0
2	16050000	16060000	0	0
2	16060000	16070000	0	0
2	16070000	16080000	0	0
2	16080000	16090000	0	0
2	16090000	16100000	0	0
2	16100000	16110000	0	0
2	16110000	16120000	0	0
2	16120000	16130000	0	0
2	16130000	16140000	0	0
2	16140000	16150000	0	0
2	16150000	16160000	0	0
2	16160000	16170000	0	0
2	16170000	16180000	0	0
2	16180000	16190000	0	0
2	16190000	16200000	0	0
2	16200000	16210000	0	0
2	16210000	16220000	0	0
2	16220000	16230000	0	0
2	16230000	16240000	0	0
2	16240000	16250000	0	0
2	16250000	16260000	0	0
2	16260000	16270000	0	0
2	16270000	16280000	0	0
2	16280000	16290000	0	0
2	16290000	16300000	0	0
2	16300000	16310000	0	0
2	16310000	16320000	0	0
2	16320000	16330000	0	0
2	16330000	16340000	0	0
2	16340000	16350000	0	0
2	16350000	16360000	0	0
2	16360000	16370000	0	0
2	16370000	16380000	0	0
2	16380000	16390000	0	0
2	16390000	16400000	0	0
2	16400000	16410000	0	0
2	16410000	16420000	0	0
2	16420000	16430000	0	0
2	16430000	16440000	0	0
2	16440000	16450000	0	0
2	16450000	16460000	0	0
2	16460000	16470000	0	0
2	16470000	16480000	0	0
2	16480000	16490000	0	0
2	16490000	16500000	0	0
2	16500000	16510000	0	0
2	16510000	16520000	0	0
2	16520000	16530000	0	0
2	16530000	16540000	0	0
2	16540000	16550000	0	0
2	16550000	16560000	0	0
2	16560000	16570000	0	0
2	16570000	16580000	0	0
2	16580000	16590000	0	0
2	16590000	16600000	0	0
2	16600000	16610000	0	0
2	16610000	16620000	0	0
2	16620000	16630000	0	0
2	16630000	16640000	0	0
2	16640000	16650000	0	0
2	16650000	16660000	0	0
2	16660000	16670000	0	0
2	16670000	16680000	0	0
2	16680000	16690000	0	0
2	16690000	16700000	0	0
2	16700000	16710000	0	0
2	16710000	16720000	0	0
2	16720000	16730000	0	0
2	16730000	16740000	0	0
2	16740000	16750000	0	0
2	16750000	16760000	0	0
2	16760000	16770000	0	0
2	16770000	16780000	0	0
2	16780000	16790000	0	0
2	16790000	16800000	0	0
2	16800000	16810000	0	0
2	16810000	16820000	0	0
2	16820000	16830000	0	0
2	16830000	16840000	0	0
2	16840000	16850000	0	0
2	16850000	16860000	0	0
2	16860000	16870000	0	0
2	16870000	16880000	0	0
2	16880000	16890000	0	0
2	16890000	16900000	0	0
2	16900000	16910000	0	0
2	16910000	16920000	0	0
2	16920000	16930000	0	0
2	16930000	16940000	0	0
2	16940000	16950000	0	0
2	16950000	16960000	0	0
2	16960000	16970000	0	0
2	16970000	16980000	0	0
2	16980000	16990000	0	0
2	16990000	17000000	0	0
2	17000000	17010000	0	0
2	17010000	17020000	0	0
2	17020000	17030000	0	0
2	17030000	17040000	0	0
2	17040000	17050000	0	0
2	17050000	17060000	0	0
2	17060000	17070000	0	0
2	17070000	17080000	0	0
2	17080000	17090000	0	0
2	17090000	17100000	0	0
2	17100000	17110000	0	0
2	17110000	17120000	0	0
2	17120000	17130000	0	0
2	17130000	17140000	0	0
2	17140000	17150000	0	0
2	17150000	17160000	0	0
2	17160000	17170000	0	0
2	17170000	17180000	0	0
2	17180000	17190000	0	0
2	17190000	17200000	0	0
2	17200000	17210000	0	0
2	17210000	17220000	0	0
2	17220000	17230000	0	0
2	17230000	17240000	0	0
2	17240000	17250000	0	0
2	17250000	17260000	0	0
2	17260000	17270000	0	0
2	17270000	17280000	0	0
2	17280000	17290000	0	0
2	17290000	17300000	0	0
2	17300000	17310000	0	0
2	17310000	17320000	0	0
2	17320000	17330000	0	0
2	17330000	17340000	0	0
2	17340000	17350000	0	0
2	17350000	17360000	0	0
2	17360000	17370000	0	0
2	17370000	17380000	0	0
2	17380000	17390000	0	0
2	17390000	17400000	0	0
2	17400000	17410000	0	0
2	17410000	17420000	0	0
2	17420000	17430000	0	0
2	17430000	17440000	0	0
2	17440000	17450000	0	0
2	17450000	17460000	0	0
2	17460000	17470000	0	0
2	17470000	17480000	0	0
2	17480000	17490000	0	0
2	17490000	17500000	0	0
2	17500000	17510000	0	0
2	17510000	17520000	0	0
2	17520000	17530000	0	0
2	17530000	17540000	0	0
2	17540000	17550000	0	0
2	17550000	17560000	0	0
2	17560000	17570000	0	0
2	17570000	17580000	0	0
2	17580000	17590000	0	0
2	17590000	17600000	0	0
2	17600000	17610000	0	0
2	17610000	17620000	0	0
2	17620000	17630000	0	0
2	17630000	17640000	0	0
2	17640000	17650000	0	0
2	17650000	17660000	0	0
2	17660000	17670000	0	0
2	17670000	17680000	0	0
2	17680000	17690000	0	0
2	17690000	17700000	0	0
2	17700000	17710000	0	0
2	17710000	17720000	0	0
2	17720000	17730000	0	0
2	17730000	17740000	0	0
2	17740000	17750000	0	0
2	17750000	17760000	0	0
2	17760000	17770000	0	0
2	17770000	17780000	0	0
2	17780000	17790000	0	0
2	17790000	17800000	0	0
2	17800000	17810000	0	0
2	17810000	17820000	0	0
2	17820000	17830000	0	0
2	17830000	17840000	0	0
2	17840000	17850000	0	0
2	17850000	17860000	0	0
2	17860000	17870000	0	0
2	17870000	17880000	0	0
2	17880000	17890000	0	0
2	17890000	17900000	0	0
2	17900000	17910000	0	0
2	17910000	17920000	0	0
2	17920000	17930000	0	0
2	17930000	17940000	0	0
2	17940000	17950000	0	0
2	17950000	17960000	0	0
2	17960000	17970000	0	0
2	17970000	17980000	0	0
2	17980000	17990000	0	0
2	17990000	18000000	0	0
2	18000000	18010000	0	0
2	18010000	18020000	0	0
2	18020000	18030000	0	0
2	18030000	18040000	0	0
2	18040000	18050000	0	0
2	18050000	18060000	0	0
2	18060000	18070000	0	0
2	18070000	18080000	0	0
2	18080000	18090000	0	0
2	18090000	18100000	0	0
2	18100000	18110000	0	0
2	18110000	18120000	0	0
2	18120000	18130000	0	0
2	18130000	18140000	0	0
2	18140000	18150000	0	0
2	18150000	18160000	0	0
2	18160000	18170000	0	0
2	18170000	18180000	0	0
2	18180000	18190000	0	0
2	18190000	18200000	0	0
2	18200000	18210000	0	0
2	18210000	18220000	0	0
2	18220000	18230000	0	0
2	18230000	18240000	0	0
2	18240000	18250000	0	0
2	18250000	18260000	0	0
2	18260000	18270000	0	0
2	18270000	18280000	0	0
2	18280000	18290000	0	0
2	18290000	18300000	0	0
2	18300000	18310000	0	0
2	18310000	18320000	0	0
2	18320000	18330000	0	0
2	18330000	18340000	0	0
2	18340000	18350000	0	0
2	18350000	18360000	0	0
2	18360000	18370000	0	0
2	18370000	18380000	0	0
2	18380000	18390000	0	0
2	18390000	18400000	0	0
2	18400000	18410000	0	0
2	18410000	18420000	0	0
2	18420000	18430000	0	0
2	18430000	18440000	0	0
2	18440000	18450000	0	0
2	18450000	18460000	0	0
2	18460000	18470000	0	0
2	18470000	18480000	0	0
2	18480000	18490000	0	0
2	18490000	18500000	0	0
2	18500000	18510000	0	0
2	18510000	18520000	0	0
2	18520000	18530000	0	0
2	18530000	18540000	0	0
2	18540000	18550000	0	0
2	18550000	18560000	0	0
2	18560000	18570000	0	0
2	18570000	18580000	0	0
2	18580000	18590000	0	0
2	18590000	18600000	0	0
2	18600000	18610000	0	0
2	18610000	18620000	0	0
2	18620000	18630000	0	0
2	18630000	18640000	0	0
2	18640000	18650000	0	0
2	18650000	18660000	0	0
2	18660000	18670000	0	0
2	18670000	18680000	0	0
2	18680000	18690000	0	0
2	18690000	18700000	0	0
2	18700000	18710000	0	0
2	18710000	18720000	0	0
2	18720000	18730000	0	0
2	18730000	18740000	0	0
2	18740000	18750000	0	0
2	18750000	18760000	0	0
2	18760000	18770000	0	0
2	18770000	18780000	0	0
2	18780000	18790000	0	0
2	18790000	18800000	0	0
2	18800000	18810000	0	0
2	18810000	18820000	0	0
2	18820000	18830000	0	0
2	18830000	18840000	0	0
2	18840000	18850000	0	0
2	18850000	18860000	0	0
2	18860000	18870000	0	0
2	18870000	18880000	0	0
2	18880000	18890000	0	0
2	18890000	18900000	0	0
2	18900000	18910000	0	0
2	18910000	18920000	0	0
2	18920000	18930000	0	0
2	18930000	18940000	0	0
2	18940000	18950000	0	0
2	18950000	18960000	0	0
2	18960000	18970000	0	0
2	18970000	18980000	0	0
2	18980000	18990000	0	0
2	18990000	19000000	0	0
2	19000000	19010000	0	0
2	19010000	19020000	0	0
2	19020000	19030000	0	0
2	19030000	19040000	0	0
2	19040000	19050000	0	0
2	19050000	19060000	0	0
2	19060000	19070000	0	0
2	19070000	19080000	0	0
2	19080000	19090000	0	0
2	19090000	19100000	0	0
2	19100000	19110000	0	0
2	19110000	19120000	0	0
2	19120000	19130000	0	0
2	19130000	19140000	0	0
2	19140000	19150000	0	0
2	19150000	19160000	0	0
2	19160000	19170000	0	0
2	19170000	19180000	0	0
2	19180000	19190000	0	0
2	19190000	19200000	0	0
2	19200000	19210000	0	0
2	19210000	19220000	0	0
2	19220000	19230000	0	0
2	19230000	19240000	0	0
2	19240000	19250000	0	0
2	19250000	19260000	0	0
2	19260000	19270000	0	0
2	19270000	19280000	0	0
2	19280000	19290000	0	0
2	19290000	19300000	0	0
2	19300000	19310000	0	0
2	19310000	19320000	0	0
2	19320000	19330000	0	0
2	19330000	19340000	0	0
2	19340000	19350000	0	0
2	19350000	19360000	0	0
2	19360000	19370000	0	0
2	19370000	19380000	0	0
2	19380000	19390000	0	0
2	19390000	19400000	0	0
2	19400000	19410000	0	0
2	19410000	19420000	0	0
2	19420000	19430000	0	0
2	19430000	19440000	0	0
2	19440000	19450000	0	0
2	19450000	19460000	0	0
2	19460000	19470000	0	0
2	19470000	19480000	0	0
2	19480000	19490000	0	0
2	19490000	19500000	0	0
2	19500000	19510000	0	0
2	19510000	19520000	0	0
2	19520000	19530000	0	0
2	19530000	19540000	0	0
2	19540000	19550000	0	0
2	19550000	19560000	0	0
2	19560000	19570000	0	0
2	19570000	19580000	0	0
2	19580000	19590000	0	0
2	19590000	19600000	0	0
2	19600000	19610000	0	0
2	19610000	19620000	0	0
2	19620000	19630000	0	0
2	19630000	19640000	0	0
2	19640000	19650000	0	0
2	19650000	19660000	0	0
2	19660000	19670000	0	0
2	19670000	19680000	0	0
2	19680000	19690000	0	0
2	19690000	19700000	0	0
2	19700000	19710000	0	0
2	19710000	19720000	0	0
2	19720000	19730000	0	0
2	19730000	19740000	0	0
2	19740000	19750000	0	0
2	19750000	19760000	0	0
2	19760000	19770000	0	0
2	19770000	19780000	0	0
2	19780000	19790000	0	0
2	19790000	19800000	0	0
2	19800000	19810000	0	0
2	19810000	19820000	0	0
2	19820000	19830000	0	0
2	19830000	19840000	0	0
2	19840000	19850000	0	0
2	19850000	19860000	0	0
2	19860000	19870000	0	0
2	19870000	19880000	0	0
2	19880000	19890000	0	0
2	19890000	19900000	0	0
2	19900000	19910000	0	0
2	19910000	19920000	0	0
2	19920000	19930000	0	0
2	19930000	19940000	0	0
2	19940000	19950000	0	0
2	19950000	19960000	0	0
2	19960000	19970000	0	0
2	19970000	19980000	0	0
2	19980000	19990000	0	0
2	19990000	20000000	0	0
2	20000000	20010000	0	0
2	20010000	20020000	0	0
2	20020000	20030000	0	0
2	20030000	20040000	0	0
2	20040000	20050000	0	0
2	20050000	20060000	0	0
2	20060000	20070000	0	0
2	20070000	20080000	0	0
2	20080000	20090000	0	0
2	20090000	20100000	0	0
2	20100000	20110000	0	0
2	20110000	20120000	0	0
2	20120000	20130000	0	0
2	20130000	20140000	0	0
2	20140000	20150000	0	0
2	20150000	20160000	0	0
2	20160000	20170000	0	0
2	20170000	20180000	0	0
2	20180000	20190000	0	0
2	20190000	20200000	0	0
2	20200000	20210000	0	0
2	20210000	20220000	0	0
2	20220000	20230000	0	0
2	20230000	20240000	0	0
2	20240000	20250000	0	0
2	20250000	20260000	0	0
2	20260000	20270000	0	0
2	20270000	20280000	0	0
2	20280000	20290000	0	0
2	20290000	20300000	0	0
2	20300000	20310000	0	0
2	20310000	20320000	0	0
2	20320000	20330000	0	0
2	20330000	20340000	0	0
2	20340000	20350000	0	0
2	20350000	20360000	0	0
2	20360000	20370000	0	0
2	20370000	20380000	0	0
2	20380000	20390000	0	0
2	20390000	20400000	0	0
2	20400000	20410000	0	0
2	20410000	20420000	0	0
2	20420000	20430000	0	0
2	20430000	20440000	0	0
2	20440000	20450000	0	0
2	20450000	20460000	0	0
2	20460000	20470000	0	0
2	20470000	20480000	0	0
2	20480000	20490000	0	0
2	20490000	20500000	0	0
2	20500000	20510000	0	0
2	20510000	20520000	0	0
2	20520000	20530000	0	0
2	20530000	20540000	0	0
2	20540000	20550000	0	0
2	20550000	20560000	0	0
2	20560000	20570000	0	0
2	20570000	20580000	0	0
2	20580000	20590000	0	0
2	20590000	20600000	0	0
2	20600000	20610000	0	0
2	20610000	20620000	0	0
2	20620000	20630000	0	0
2	20630000	20640000	0	0
2	20640000	20650000	0	0
2	20650000	20660000	0	0
2	20660000	20670000	0	0
2	20670000	20680000	0	0
2	20680000	20690000	0	0
2	20690000	20700000	0	0
2	20700000	20710000	0	0
2	20710000	20720000	0	0
2	20720000	20730000	0	0
2	20730000	20740000	0	0
2	20740000	20750000	0	0
2	20750000	20760000	0	0
2	20760000	20770000	0	0
2	20770000	20780000	0	0
2	20780000	20790000	0	0
2	20790000	20800000	0	0
2	20800000	20810000	0	0
2	20810000	20820000	0	0
2	20820000	20830000	0	0
2	20830000	20840000	0	0
2	20840000	20850000	0	0
2	20850000	20860000	0	0
2	20860000	20870000	0	0
2	20870000	20880000	0	0
2	20880000	20890000	0	0
2	20890000	20900000	0	0
2	20900000	20910000	0	0
2	20910000	20920000	0	0
2	20920000	20930000	0	0
2	20930000	20940000	0	0
2	20940000	20950000	0	0
2	20950000	20960000	0	0
2	20960000	20970000	0	0
2	20970000	20980000	0	0
2	20980000	20990000	0	0
2	20990000	21000000	0	0
2	21000000	21010000	0	0
2	21010000	21020000	0	0
2	21020000	21030000	0	0
2	21030000	21040000	0	0
2	21040000	21050000	0	0
2	21050000	21060000	0	0
2	21060000	21070000	0	0
2	21070000	21080000	0	0
2	21080000	21090000	0	0
2	21090000	21100000	0	0
2	21100000	21110000	0	0
2	21110000	21120000	0	0
2	21120000	21130000	0	0
2	21130000	21140000	0	0
2	21140000	21150000	0	0
2	21150000	21160000	0	0
2	21160000	21170000	0	0
2	21170000	21180000	0	0
2	21180000	21190000	0	0
2	21190000	21200000	0	0
2	21200000	21210000	0	0
2	21210000	21220000	0	0
2	21220000	21230000	0	0
2	21230000	21240000	0	0
2	21240000	21250000	0	0
2	21250000	21260000	0	0
2	21260000	21270000	0	0
2	21270000	21280000	0	0
2	21280000	21290000	0	0
2	21290000	21300000	0	0
2	21300000	21310000	0	0
2	21310000	21320000	0	0
2	21320000	21330000	0	0
2	21330000	21340000	0	0
2	21340000	21350000	0	0
2	21350000	21360000	0	0
2	21360000	21370000	0	0
2	21370000	21380000	0	0
2	21380000	21390000	0	0
2	21390000	21400000	0	0
2	21400000	21410000	0	0
2	21410000	21420000	0	0
2	21420000	21430000	0	0
2	21430000	21440000	0	0
2	21440000	21450000	0	0
2	21450000	21460000	0	0
2	21460000	21470000	0	0
2	21470000	21480000	0	0
2	21480000	21490000	0	0
2	21490000	21500000	0	0
2	21500000	21510000	0	0
2	21510000	21520000	0	0
2	21520000	21530000	0	0
2	21530000	21540000	0	0
2	21540000	21550000	0	0
2	21550000	21560000	0	0
2	21560000	21570000	0	0
2	21570000	21580000	0	0
2	21580000	21590000	0	0
2	21590000	21600000	0	0
2	21600000	21610000	0	0
2	21610000	21620000	0	0
2	21620000	21630000	0	0
2	21630000	21640000	0	0
2	21640000	21650000	0	0
2	21650000	21660000	0	0
2	21660000	21670000	0	0
2	21670000	21680000	0	0
2	21680000	21690000	0	0
2	21690000	21700000	0	0
2	21700000	21710000	0	0
2	21710000	21720000	0	0
2	21720000	21730000	0	0
2	21730000	21740000	0	0
2	21740000	21750000	0	0
2	21750000	21760000	0	0
2	21760000	21770000	0	0
2	21770000	21780000	0	0
2	21780000	21790000	0	0
2	21790000	21800000	0	0
2	21800000	21810000	0	0
2	21810000	21820000	0	0
2	21820000	21830000	0	0
2	21830000	21840000	0	0
2	21840000	21850000	0	0
2	21850000	21860000	0	0
2	21860000	21870000	0	0
2	21870000	21880000	0	0
2	21880000	21890000	0	0
2	21890000	21900000	0	0
2	21900000	21910000	0	0
2	21910000	21920000	0	0
2	21920000	21930000	0	0
2	21930000	21940000	0	0
2	21940000	21950000	0	0
2	21950000	21960000	0	0
2	21960000	21970000	0	0
2	21970000	21980000	0	0
2	21980000	21990000	0	0
2	21990000	22000000	0	0
2	22000000	22010000	0	0
2	22010000	22020000	0	0
2	22020000	22030000	0	0
2	22030000	22040000	0	0
2	22040000	22050000	0	0
2	22050000	22060000	0	0
2	22060000	22070000	0	0
2	22070000	22080000	0	0
2	22080000	22090000	0	0
2	22090000	22100000	0	0
2	22100000	22110000	0	0
2	22110000	22120000	0	0
2	22120000	22130000	0	0
2	22130000	22140000	0	0
2	22140000	22150000	0	0
2	22150000	22160000	0	0
2	22160000	22170000	0	0
2	22170000	22180000	0	0
2	22180000	22190000	0	0
2	22190000	22200000	0	0
2	22200000	22210000	0	0
2	22210000	22220000	0	0
2	22220000	22230000	0	0
2	22230000	22240000	0	0
2	22240000	22250000	0	0
2	22250000	22260000	0	0
2	22260000	22270000	0	0
2	22270000	22280000	0	0
2	22280000	22290000	0	0
2	22290000	22300000	0	0
2	22300000	22310000	0	0
2	22310000	22320000	0	0
2	22320000	22330000	0	0
2	22330000	22340000	0	0
2	22340000	22350000	0	0
2	22350000	22360000	0	0
2	22360000	22370000	0	0
2	22370000	22380000	0	0
2	22380000	22390000	0	0
2	22390000	22400000	0	0
2	22400000	22410000	0	0
2	22410000	22420000	0	0
2	22420000	22430000	0	0
2	22430000	22440000	0	0
2	22440000	22450000	0	0
2	22450000	22460000	0	0
2	22460000	22470000	0	0
2	22470000	22480000	0	0
2	22480000	22490000	0	0
2	22490000	22500000	0	0
2	22500000	22510000	0	0
2	22510000	22520000	0	0
2	22520000	22530000	0	0
2	22530000	22540000	0	0
2	22540000	22550000	0	0
2	22550000	22560000	0	0
2	22560000	22570000	0	0
2	22570000	22580000	0	0
2	22580000	22590000	0	0
2	22590000	22600000	0	0
2	22600000	22610000	0	0
2	22610000	22620000	0	0
2	22620000	22630000	0	0
2	22630000	22640000	0	0
2	22640000	22650000	0	0
2	22650000	22660000	0	0
2	22660000	22670000	0	0
2	22670000	22680000	0	0
2	22680000	22690000	0	0
2	22690000	22700000	0	0
2	22700000	22710000	0	0
2	22710000	22720000	0	0
2	22720000	22730000	0	0
2	22730000	22740000	0	0
2	22740000	22750000	0	0
2	22750000	22760000	0	0
2	22760000	22770000	0	0
2	22770000	22780000	0	0
2	22780000	22790000	0	0
2	22790000	22800000	0	0
2	22800000	22810000	0	0
2	22810000	22820000	0	0
2	22820000	22830000	0	0
2	22830000	22840000	0	0
2	22840000	22850000	0	0
2	22850000	22860000	0	0
2	22860000	22870000	0	0
2	22870000	22880000	0	0
2	22880000	22890000	0	0
2	22890000	22900000	0	0
2	22900000	22910000	0	0
2	22910000	22920000	0	0
2	22920000	22930000	0	0
2	22930000	22940000	0	0
2	22940000	22950000	0	0
2	22950000	22960000	0	0
2	22960000	22970000	0	0
2	22970000	22980000	0	0
2	22980000	22990000	0	0
2	22990000	23000000	0	0
2	23000000	23010000	0	0
2	23010000	23020000	0	0
2	23020000	23030000	0	0
2	23030000	23040000	0	0
2	23040000	23050000	0	0
2	23050000	23060000	0	0
2	23060000	23070000	0	0
2	23070000	23080000	0	0
2	23080000	23090000	0	0
2	23090000	23100000	0	0
2	23100000	23110000	0	0
2	23110000	23120000	0	0
2	23120000	23130000	0	0
2	23130000	23140000	0	0
2	23140000	23150000	0	0
2	23150000	23160000	0	0
2	23160000	23170000	0	0
2	23170000	23180000	0	0
2	23180000	23190000	0	0
2	23190000	23200000	0	0
2	23200000	23210000	0	0
2	23210000	23220000	0	0
2	23220000	23230000	0	0
2	23230000	23240000	0	0
2	23240000	23250000	0	0
2	23250000	23260000	0	0
2	23260000	23270000	0	0
2	23270000	23280000	0	0
2	23280000	23290000	0	0
2	23290000	23300000	0	0
2	23300000	23310000	0	0
2	23310000	23320000	0	0
2	23320000	23330000	0	0
2	23330000	23340000	0	0
2	23340000	23350000	0	0
2	23350000	23360000	0	0
2	23360000	23370000	0	0
2	23370000	23380000	0	0
2	23380000	23390000	0	0
2	23390000	23400000	0	0
2	23400000	23410000	0	0
2	23410000	23420000	0	0
2	23420000	23430000	0	0
2	23430000	23440000	0	0
2	23440000	23450000	0	0
2	23450000	23460000	0	0
2	23460000	23470000	0	0
2	23470000	23480000	0	0
2	23480000	23490000	0	0
2	23490000	23500000	0	0
2	23500000	23510000	0	0
2	23510000	23520000	0	0
2	23520000	23530000	0	0
2	23530000	23540000	0	0
2	23540000	23550000	0	0
2	23550000	23560000	0	0
2	23560000	23570000	0	0
2	23570000	23580000	0	0
2	23580000	23590000	0	0
2	23590000	23600000	0	0
2	23600000	23610000	0	0
2	23610000	23620000	0	0
2	23620000	23630000	0	0
2	23630000	23640000	0	0
2	23640000	23650000	0	0
2	23650000	23660000	0	0
2	23660000	23670000	0	0
2	23670000	23680000	0	0
2	23680000	23690000	0	0
2	23690000	23700000	0	0
2	23700000	23710000	0	0
2	23710000	23720000	0	0
2	23720000	23730000	0	0
2	23730000	23740000	0	0
2	23740000	23750000	0	0
2	23750000	23760000	0	0
2	23760000	23770000	0	0
2	23770000	23780000	0	0
2	23780000	23790000	0	0
2	23790000	23800000	0	0
2	23800000	23810000	0	0
2	23810000	23820000	0	0
2	23820000	23830000	0	0
2	23830000	23840000	0	0
2	23840000	23850000	0	0
2	23850000	23860000	0	0
2	23860000	23870000	0	0
2	23870000	23880000	0	0
2	23880000	23890000	0	0
2	23890000	23900000	0	0
2	23900000	23910000	0	0
2	23910000	23920000	0	0
2	23920000	23930000	0	0
2	23930000	23940000	0	0
2	23940000	23950000	0	0
2	23950000	23960000	0	0
2	23960000	23970000	0	0
2	23970000	23980000	0	0
2	23980000	23990000	0	0
2	23990000	24000000	0	0
2	24000000	24010000	0	0
2	24010000	24020000	0	0
2	24020000	24030000	0	0
2	24030000	24040000	0	0
2	24040000	24050000	0	0
2	24050000	24060000	0	0
2	24060000	24070000	0	0
2	24070000	24080000	0	0
2	24080000	24090000	0	0
2	24090000	24100000	0	0
2	24100000	24110000	0	0
2	24110000	24120000	0	0
2	24120000	24130000	0	0
2	24130000	24140000	0	0
2	24140000	24150000	0	0
2	24150000	24160000	0	0
2	24160000	24170000	0	0
2	24170000	24180000	0	0
2	24180000	24190000	0	0
2	24190000	24200000	0	0
2	24200000	24210000	0	0
2	24210000	24220000	0	0
2	24220000	24230000	0	0
2	24230000	24240000	0	0
2	24240000	24250000	0	0
2	24250000	24260000	0	0
2	24260000	24270000	0	0
2	24270000	24280000	0	0
2	24280000	24290000	0	0
2	24290000	24300000	0	0
2	24300000	24310000	0	0
2	24310000	24320000	0	0
2	24320000	24330000	0	0
2	24330000	24340000	0	0
2	24340000	24350000	0	0
2	24350000	24360000	0	0
2	24360000	24370000	0	0
2	24370000	24380000	0	0
2	24380000	24390000	0	0
2	24390000	24400000	0	0
2	24400000	24410000	0	0
2	24410000	24420000	0	0
2	24420000	24430000	0	0
2	24430000	24440000	0	0
2	24440000	24450000	0	0
2	24450000	24460000	0	0
2	24460000	24470000	0	0
2	24470000	24480000	0	0
2	24480000	24490000	0	0
2	24490000	24500000	0	0
2	24500000	24510000	0	0
2	24510000	24520000	0	0
2	24520000	24530000	0	0
2	24530000	24540000	0	0
2	24540000	24550000	0	0
2	24550000	24560000	0	0
2	24560000	24570000	0	0
2	24570000	24580000	0	0
2	24580000	24590000	0	0
2	24590000	24600000	0	0
2	24600000	24610000	0	0
2	24610000	24620000	0	0
2	24620000	24630000	0	0
2	24630000	24640000	0	0
2	24640000	24650000	0	0
2	24650000	24660000	0	0
2	24660000	24670000	0	0
2	24670000	24680000	0	0
2	24680000	24690000	0	0
2	24690000	24700000	0	0
2	24700000	24710000	0	0
2	24710000	24720000	0	0
2	24720000	24730000	0	0
2	24730000	24740000	0	0
2	24740000	24750000	0	0
2	24750000	24760000	0	0
2	24760000	24770000	0	0
2	24770000	24780000	0	0
2	24780000	24790000	0	0
2	24790000	24800000	0	0
2	24800000	24810000	0	0
2	24810000	24820000	0	0
2	24820000	24830000	0	0
2	24830000	24840000	0	0
2	24840000	24850000	0	0
2	24850000	24860000	0	0
2	24860000	24870000	0	0
2	24870000	24880000	0	0
2	24880000	24890000	0	0
2	24890000	24900000	0	0
2	24900000	24910000	0	0
2	24910000	24920000	0	0
2	24920000	24930000	0	0
2	24930000	24940000	0	0
2	24940000	24950000	0	0
2	24950000	24960000	0	0
2	24960000	24970000	0	0
2	24970000	24980000	0	0
2	24980000	24990000	0	0
2	24990000	25000000	0	0
2	25000000	25010000	0	0
2	25010000	25020000	0	0
2	25020000	25030000	0	0
2	25030000	25040000	0	0
2	25040000	25050000	0	0
2	25050000	25060000	0	0
2	25060000	25070000	0	0
2	25070000	25080000	0	0
2	25080000	25090000	0	0
2	25090000	25100000	0	0
2	25100000	25110000	0	0
2	25110000	25120000	0	0
2	25120000	25130000	0	0
2	25130000	25140000	0	0
2	25140000	25150000	0	0
2	25150000	25160000	0	0
2	25160000	25170000	0	0
2	25170000	25180000	0	0
2	25180000	25190000	0	0
2	25190000	25200000	0	0
2	25200000	25210000	0	0
2	25210000	25220000	0	0
2	25220000	25230000	0	0
2	25230000	25240000	0	0
2	25240000	25250000	0	0
2	25250000	25260000	0	0
2	25260000	25270000	0	0
2	25270000	25280000	0	0
2	25280000	25290000	0	0
2	25290000	25300000	0	0
2	25300000	25310000	0	0
2	25310000	25320000	0	0
2	25320000	25330000	0	0
2	25330000	25340000	0	0
2	25340000	25350000	0	0
2	25350000	25360000	0	0
2	25360000	25370000	0	0
2	25370000	25380000	0	0
2	25380000	25390000	0	0
2	25390000	25400000	0	0
2	25400000	25410000	0	0
2	25410000	25420000	0	0
2	25420000	25430000	0	0
2	25430000	25440000	0	0
2	25440000	25450000	0	0
2	25450000	25460000	0	0
2	25460000	25470000	0	0
2	25470000	25480000	0	0
2	25480000	25490000	0	0
2	25490000	25500000	0	0
2	25500000	25510000	0	0
2	25510000	25520000	0	0
2	25520000	25530000	0	0
2	25530000	25540000	0	0
2	25540000	25550000	0	0
2	25550000	25560000	0	0
2	25560000	25570000	0	0
2	25570000	25580000	0	0
2	25580000	25590000	0	0
2	25590000	25600000	0	0
2	25600000	25610000	0	0
2	25610000	25620000	0	0
2	25620000	25630000	0	0
2	25630000	25640000	0	0
2	25640000	25650000	0	0
2	25650000	25660000	0	0
2	25660000	25670000	0	0
2	25670000	25680000	0	0
2	25680000	25690000	0	0
2	25690000	25700000	0	0
2	25700000	25710000	0	0
2	25710000	25720000	0	0
2	25720000	25730000	0	0
2	25730000	25740000	0	0
2	25740000	25750000	0	0
2	25750000	25760000	0	0
2	25760000	25770000	0	0
2	25770000	25780000	0	0
2	25780000	25790000	0	0
2	25790000	25800000	0	0
2	25800000	25810000	0	0
2	25810000	25820000	0	0
2	25820000	25830000	0	0
2	25830000	25840000	0	0
2	25840000	25850000	0	0
2	25850000	25860000	0	0
2	25860000	25870000	0	0
2	25870000	25880000	0	0
2	25880000	25890000	0	0
2	25890000	25900000	0	0
2	25900000	25910000	0	0
2	25910000	25920000	0	0
2	25920000	25930000	0	0
2	25930000	25940000	0	0
2	25940000	25950000	0	0
2	25950000	25960000	0	0
2	25960000	25970000	0	0
2	25970000	25980000	0	0
2	25980000	25990000	0	0
2	25990000	26000000	0	0
2	26000000	26010000	0	0
2	26010000	26020000	0	0
2	26020000	26030000	0	0
2	26030000	26040000	0	0
2	26040000	26050000	0	0
2	26050000	26060000	0	0
2	26060000	26070000	0	0
2	26070000	26080000	0	0
2	26080000	26090000	0	0
2	26090000	26100000	0	0
2	26100000	26110000	0	0
2	26110000	26120000	0	0
2	26120000	26130000	0	0
2	26130000	26140000	0	0
2	26140000	26150000	0	0
2	26150000	26160000	0	0
2	26160000	26170000	0	0
2	26170000	26180000	0	0
2	26180000	26190000	0	0
2	26190000	26200000	0	0
2	26200000	26210000	0	0
2	26210000	26220000	0	0
2	26220000	26230000	0	0
2	26230000	26240000	0	0
2	26240000	26250000	0	0
2	26250000	26260000	0	0
2	26260000	26270000	0	0
2	26270000	26280000	0	0
2	26280000	26290000	0	0
2	26290000	26300000	0	0
2	26300000	26310000	0	0
2	26310000	26320000	0	0
2	26320000	26330000	0	0
2	26330000	26340000	0	0
2	26340000	26350000	0	0
2	26350000	26360000	0	0
2	26360000	26370000	0	0
2	26370000	26380000	0	0
2	26380000	26390000	0	0
2	26390000	26400000	0	0
2	26400000	26410000	0	0
2	26410000	26420000	0	0
2	26420000	26430000	0	0
2	26430000	26440000	0	0
2	26440000	26450000	0	0
2	26450000	26460000	0	0
2	26460000	26470000	0	0
2	26470000	26480000	0	0
2	26480000	26490000	0	0
2	26490000	26500000	0	0
2	26500000	26510000	0	0
2	26510000	26520000	0	0
2	26520000	26530000	0	0
2	26530000	26540000	0	0
2	26540000	26550000	0	0
2	26550000	26560000	0	0
2	26560000	26570000	0	0
2	26570000	26580000	0	0
2	26580000	26590000	0	0
2	26590000	26600000	0	0
2	26600000	26610000	0	0
2	26610000	26620000	0	0
2	26620000	26630000	0	0
2	26630000	26640000	0	0
2	26640000	26650000	0	0
2	26650000	26660000	0	0
2	26660000	26670000	0	0
2	26670000	26680000	0	0
2	26680000	26690000	0	0
2	26690000	26700000	0	0
2	26700000	26710000	0	0
2	26710000	26720000	0	0
2	26720000	26730000	0	0
2	26730000	26740000	0	0
2	26740000	26750000	0	0
2	26750000	26760000	0	0
2	26760000	26770000	0	0
2	26770000	26780000	0	0
2	26780000	26790000	0	0
2	26790000	26800000	0	0
2	26800000	26810000	0	0
2	26810000	26820000	0	0
2	26820000	26830000	0	0
2	26830000	26840000	0	0
2	26840000	26850000	0	0
2	26850000	26860000	0	0
2	26860000	26870000	0	0
2	26870000	26880000	0	0
2	26880000	26890000	0	0
2	26890000	26900000	0	0
2	26900000	26910000	0	0
2	26910000	26920000	0	0
2	26920000	26930000	0	0
2	26930000	26940000	0	0
2	26940000	26950000	0	0
2	26950000	26960000	0	0
2	26960000	26970000	0	0
2	26970000	26980000	0	0
2	26980000	26990000	0	0
2	26990000	27000000	0	0
2	27000000	27010000	0	0
2	27010000	27020000	0	0
2	27020000	27030000	0	0
2	27030000	27040000	0	0
2	27040000	27050000	0	0
2	27050000	27060000	0	0
2	27060000	27070000	0	0
2	27070000	27080000	0	0
2	27080000	27090000	0	0
2	27090000	27100000	0	0
2	27100000	27110000	0	0
2	27110000	27120000	0	0
2	27120000	27130000	0	0
2	27130000	27140000	0	0
2	27140000	27150000	0	0
2	27150000	27160000	0	0
2	27160000	27170000	0	0
2	27170000	27180000	0	0
2	27180000	27190000	0	0
2	27190000	27200000	0	0
2	27200000	27210000	0	0
2	27210000	27220000	0	0
2	27220000	27230000	0	0
2	27230000	27240000	0	0
2	27240000	27250000	0	0
2	27250000	27260000	0	0
2	27260000	27270000	0	0
2	27270000	27280000	0	0
2	27280000	27290000	0	0
2	27290000	27300000	0	0
2	27300000	27310000	0	0
2	27310000	27320000	0	0
2	27320000	27330000	0	0
2	27330000	27340000	0	0
2	27340000	27350000	0	0
2	27350000	27360000	0	0
2	27360000	27370000	0	0
2	27370000	27380000	0	0
2	27380000	27390000	0	0
2	27390000	27400000	0	0
2	27400000	27410000	0	0
2	27410000	27420000	0	0
2	27420000	27430000	0	0
2	27430000	27440000	0	0
2	27440000	27450000	0	0
2	27450000	27460000	0	0
2	27460000	27470000	0	0
2	27470000	27480000	0	0
2	27480000	27490000	0	0
2	27490000	27500000	0	0
2	27500000	27510000	0	0
2	27510000	27520000	0	0
2	27520000	27530000	0	0
2	27530000	27540000	0	0
2	27540000	27550000	0	0
2	27550000	27560000	0	0
2	27560000	27570000	0	0
2	27570000	27580000	0	0
2	27580000	27590000	0	0
2	27590000	27600000	0	0
2	27600000	27610000	0	0
2	27610000	27620000	0	0
2	27620000	27630000	0	0
2	27630000	27640000	0	0
2	27640000	27650000	0	0
2	27650000	27660000	0	0
2	27660000	27670000	0	0
2	27670000	27680000	0	0
2	27680000	27690000	0	0
2	27690000	27700000	0	0
2	27700000	27710000	0	0
2	27710000	27720000	0	0
2	27720000	27730000	0	0
2	27730000	27740000	0	0
2	27740000	27750000	0	0
2	27750000	27760000	0	0
2	27760000	27770000	0	0
2	27770000	27780000	0	0
2	27780000	27790000	0	0
2	27790000	27800000	0	0
2	27800000	27810000	0	0
2	27810000	27820000	0	0
2	27820000	27830000	0	0
2	27830000	27840000	0	0
2	27840000	27850000	0	0
2	27850000	27860000	0	0
2	27860000	27870000	0	0
2	27870000	27880000	0	0
2	27880000	27890000	0	0
2	27890000	27900000	0	0
2	27900000	27910000	0	0
2	27910000	27920000	0	0
2	27920000	27930000	0	0
2	27930000	27940000	0	0
2	27940000	27950000	0	0
2	27950000	27960000	0	0
2	27960000	27970000	0	0
2	27970000	27980000	0	0
2	27980000	27990000	0	0
2	27990000	28000000	0	0
2	28000000	28010000	0	0
2	28010000	28020000	0	0
2	28020000	28030000	0	0
2	28030000	28040000	0	0
2	28040000	28050000	0	0
2	28050000	28060000	0	0
2	28060000	28070000	0	0
2	28070000	28080000	0	0
2	28080000	28090000	0	0
2	28090000	28100000	0	0
2	28100000	28110000	0	0
2	28110000	28120000	0	0
2	28120000	28130000	0	0
2	28130000	28140000	0	0
2	28140000	28150000	0	0
2	28150000	28160000	0	0
2	28160000	28170000	0	0
2	28170000	28180000	0	0
2	28180000	28190000	0	0
2	28190000	28200000	0	0
2	28200000	28210000	0	0
2	28210000	28220000	0	0
2	28220000	28230000	0	0
2	28230000	28240000	0	0
2	28240000	28250000	0	0
2	28250000	28260000	0	0
2	28260000	28270000	0	0
2	28270000	28280000	0	0
2	28280000	28290000	0	0
2	28290000	28300000	0	0
2	28300000	28310000	0	0
2	28310000	28320000	0	0
2	28320000	28330000	0	0
2	28330000	28340000	0	0
2	28340000	28350000	0	0
2	28350000	28360000	0	0
2	28360000	28370000	0	0
2	28370000	28380000	0	0
2	28380000	28390000	0	0
2	28390000	28400000	0	0
2	28400000	28410000	0	0
2	28410000	28420000	0	0
2	28420000	28430000	0	0
2	28430000	28440000	0	0
2	28440000	28450000	0	0
2	28450000	28460000	0	0
2	28460000	28470000	0	0
2	28470000	28480000	0	0
2	28480000	28490000	0	0
2	28490000	28500000	0	0
2	28500000	28510000	0	0
2	28510000	28520000	0	0
2	28520000	28530000	0	0
2	28530000	28540000	0	0
2	28540000	28550000	0	0
2	28550000	28560000	0	0
2	28560000	28570000	0	0
2	28570000	28580000	0	0
2	28580000	28590000	0	0
2	28590000	28600000	0	0
2	28600000	28610000	0	0
2	28610000	28620000	0	0
2	28620000	28630000	0	0
2	28630000	28640000	0	0
2	28640000	28650000	0	0
2	28650000	28660000	0	0
2	28660000	28670000	0	0
2	28670000	28680000	0	0
2	28680000	28690000	0	0
2	28690000	28700000	0	0
2	28700000	28710000	0	0
2	28710000	28720000	0	0
2	28720000	28730000	0	0
2	28730000	28740000	0	0
2	28740000	28750000	0	0
2	28750000	28760000	0	0
2	28760000	28770000	0	0
2	28770000	28780000	0	0
2	28780000	28790000	0	0
2	28790000	28800000	0	0
2	28800000	28810000	0	0
2	28810000	28820000	0	0
2	28820000	28830000	0	0
2	28830000	28840000	0	0
2	28840000	28850000	0	0
2	28850000	28860000	0	0
2	28860000	28870000	0	0
2	28870000	28880000	0	0
2	28880000	28890000	0	0
2	28890000	28900000	0	0
2	28900000	28910000	0	0
2	28910000	28920000	0	0
2	28920000	28930000	0	0
2	28930000	28940000	0	0
2	28940000	28950000	0	0
2	28950000	28960000	0	0
2	28960000	28970000	0	0
2	28970000	28980000	0	0
2	28980000	28990000	0	0
2	28990000	29000000	0	0
2	29000000	29010000	0	0
2	29010000	29020000	0	0
2	29020000	29030000	0	0
2	29030000	29040000	0	0
2	29040000	29050000	0	0
2	29050000	29060000	0	0
2	29060000	29070000	0	0
2	29070000	29080000	0	0
2	29080000	29090000	0	0
2	29090000	29100000	0	0
2	29100000	29110000	0	0
2	29110000	29120000	0	0
2	29120000	29130000	0	0
2	29130000	29140000	0	0
2	29140000	29150000	0	0
2	29150000	29160000	0	0
2	29160000	29170000	0	0
2	29170000	29180000	0	0
2	29180000	29190000	0	0
2	29190000	29200000	0	0
2	29200000	29210000	0	0
2	29210000	29220000	0	0
2	29220000	29230000	0	0
2	29230000	29240000	0	0
2	29240000	29250000	0	0
2	29250000	29260000	0	0
2	29260000	29270000	0	0
2	29270000	29280000	0	0
2	29280000	29290000	0	0
2	29290000	29300000	0	0
2	29300000	29310000	0	0
2	29310000	29320000	0	0
2	29320000	29330000	0	0
2	29330000	29340000	0	0
2	29340000	29350000	0	0
2	29350000	29360000	0	0
2	29360000	29370000	0	0
2	29370000	29380000	0	0
2	29380000	29390000	0	0
2	29390000	29400000	0	0
2	29400000	29410000	0	0
2	29410000	29420000	0	0
2	29420000	29430000	0	0
2	29430000	29440000	0	0
2	29440000	29450000	0	0
2	29450000	29460000	0	0
2	29460000	29470000	0	0
2	29470000	29480000	0	0
2	29480000	29490000	0	0
2	29490000	29500000	0	0
2	29500000	29510000	0	0
2	29510000	29520000	0	0
2	29520000	29530000	0	0
2	29530000	29540000	0	0
2	29540000	29550000	0	0
2	29550000	29560000	0	0
2	29560000	29570000	0	0
2	29570000	29580000	0	0
2	29580000	29590000	0	0
2	29590000	29600000	0	0
2	29600000	29610000	0	0
2	29610000	29620000	0	0
2	29620000	29630000	0	0
2	29630000	29640000	0	0
2	29640000	29650000	0	0
2	29650000	29660000	0	0
2	29660000	29670000	0	0
2	29670000	29680000	0	0
2	29680000	29690000	0	0
2	29690000	29700000	0	0
2	29700000	29710000	0	0
2	29710000	29720000	0	0
2	29720000	29730000	0	0
2	29730000	29740000	0	0
2	29740000	29750000	0	0
2	29750000	29760000	0	0
2	29760000	29770000	0	0
2	29770000	29780000	0	0
2	29780000	29790000	0	0
2	29790000	29800000	0	0
2	29800000	29810000	0	0
2	29810000	29820000	0	0
2	29820000	29830000	0	0
2	29830000	29840000	0	0
2	29840000	29850000	0	0
2	29850000	29860000	0	0
2	29860000	29870000	0	0
2	29870000	29880000	0	0
2	29880000	29890000	0	0
2	29890000	29900000	0	0
2	29900000	29910000	0	0
2	29910000	29920000	0	0
2	29920000	29930000	0	0
2	29930000	29940000	0	0
2	29940000	29950000	0	0
2	29950000	29960000	0	0
2	29960000	29970000	0	0
2	29970000	29980000	0	0
2	29980000	29990000	0	0
2	29990000	30000000	0	0
2	30000000	30010000	0	0
2	30010000	30020000	0	0
2	30020000	30030000	0	0
2	30030000	30040000	0	0
2	30040000	30050000	0	0
2	30050000	30060000	0	0
2	30060000	30070000	0	0
2	30070000	30080000	0	0
2	30080000	30090000	0	0
2	30090000	30100000	0	0
2	30100000	30110000	0	0
2	30110000	30120000	0	0
2	30120000	30130000	0	0
2	30130000	30140000	0	0
2	30140000	30150000	0	0
2	30150000	30160000	0	0
2	30160000	30170000	0	0
2	30170000	30180000	0	0
2	30180000	30190000	0	0
2	30190000	30200000	0	0
2	30200000	30210000	0	0
2	30210000	30220000	0	0
2	30220000	30230000	0	0
2	30230000	30240000	0	0
2	30240000	30250000	0	0
2	30250000	30260000	0	0
2	30260000	30270000	0	0
2	30270000	30280000	0	0
2	30280000	30290000	0	0
2	30290000	30300000	0	0
2	30300000	30310000	0	0
2	30310000	30320000	0	0
2	30320000	30330000	0	0
2	30330000	30340000	0	0
2	30340000	30350000	0	0
2	30350000	30360000	0	0
2	30360000	30370000	0	0
2	30370000	30380000	0	0
2	30380000	30390000	0	0
2	30390000	30400000	0	0
2	30400000	30410000	0	0
2	30410000	30420000	0	0
2	30420000	30430000	0	0
2	30430000	30440000	0	0
2	30440000	30450000	0	0
2	30450000	30460000	0	0
2	30460000	30470000	0	0
2	30470000	30480000	0	0
2	30480000	30490000	0	0
2	30490000	30500000	0	0
2	30500000	30510000	0	0
2	30510000	30520000	0	0
2	30520000	30530000	0	0
2	30530000	30540000	0	0
2	30540000	30550000	0	0
2	30550000	30560000	0	0
2	30560000	30570000	0	0
2	30570000	30580000	0	0
2	30580000	30590000	0	0
2	30590000	30600000	0	0
2	30600000	30610000	0	0
2	30610000	30620000	0	0
2	30620000	30630000	0	0
2	30630000	30640000	0	0
2	30640000	30650000	0	0
2	30650000	30660000	0	0
2	30660000	30670000	0	0
2	30670000	30680000	0	0
2	30680000	30690000	0	0
2	30690000	30700000	0	0
2	30700000	30710000	0	0
2	30710000	30720000	0	0
2	30720000	30730000	0	0
2	30730000	30740000	0	0
2	30740000	30750000	0	0
2	30750000	30760000	0	0
2	30760000	30770000	0	0
2	30770000	30780000	0	0
2	30780000	30790000	0	0
2	30790000	30800000	0	0
2	30800000	30810000	0	0
2	30810000	30820000	0	0
2	30820000	30830000	0	0
2	30830000	30840000	0	0
2	30840000	30850000	0	0
2	30850000	30860000	0	0
2	30860000	30870000	0	0
2	30870000	30880000	0	0
2	30880000	30890000	0	0
2	30890000	30900000	0	0
2	30900000	30910000	0	0
2	30910000	30920000	0	0
2	30920000	30930000	0	0
2	30930000	30940000	0	0
2	30940000	30950000	0	0
2	30950000	30960000	0	0
2	30960000	30970000	0	0
2	30970000	30980000	0	0
2	30980000	30990000	0	0
2	30990000	31000000	0	0
2	31000000	31010000	0	0
2	31010000	31020000	0	0
2	31020000	31030000	0	0
2	31030000	31040000	0	0
2	31040000	31050000	0	0
2	31050000	31060000	0	0
2	31060000	31070000	0	0
2	31070000	31080000	0	0
2	31080000	31090000	0	0
2	31090000	31100000	0	0
2	31100000	31110000	0	0
2	31110000	31120000	0	0
2	31120000	31130000	0	0
2	31130000	31140000	0	0
2	31140000	31150000	0	0
2	31150000	31160000	0	0
2	31160000	31170000	0	0
2	31170000	31180000	0	0
2	31180000	31190000	0	0
2	31190000	31200000	0	0
2	31200000	31210000	0	0
2	31210000	31220000	0	0
2	31220000	31230000	0	0
2	31230000	31240000	0	0
2	31240000	31250000	0	0
2	31250000	31260000	0	0
2	31260000	31270000	0	0
2	31270000	31280000	0	0
2	31280000	31290000	0	0
2	31290000	31300000	0	0
2	31300000	31310000	0	0
2	31310000	31320000	0	0
2	31320000	31330000	0	0
2	31330000	31340000	0	0
2	31340000	31350000	0	0
2	31350000	31360000	0	0
2	31360000	31370000	0	0
2	31370000	31380000	0	0
2	31380000	31390000	0	0
2	31390000	31400000	0	0
2	31400000	31410000	0	0
2	31410000	31420000	0	0
2	31420000	31430000	0	0
2	31430000	31440000	0	0
2	31440000	31450000	0	0
2	31450000	31460000	0	0
2	31460000	31470000	0	0
2	31470000	31480000	0	0
2	31480000	31490000	0	0
2	31490000	31500000	0	0
2	31500000	31510000	0	0
2	31510000	31520000	0	0
2	31520000	31530000	0	0
2	31530000	31540000	0	0
2	31540000	31550000	0	0
2	31550000	31560000	0	0
2	31560000	31570000	0	0
2	31570000	31580000	0	0
2	31580000	31590000	0	0
2	31590000	31600000	0	0
2	31600000	31610000	0	0
2	31610000	31620000	0	0
2	31620000	31630000	0	0
2	31630000	31640000	0	0
2	31640000	31650000	0	0
2	31650000	31660000	0	0
2	31660000	31670000	0	0
2	31670000	31680000	0	0
2	31680000	31690000	0	0
2	31690000	31700000	0	0
2	31700000	31710000	0	0
2	31710000	31720000	0	0
2	31720000	31730000	0	0
2	31730000	31740000	0	0
2	31740000	31750000	0	0
2	31750000	31760000	0	0
2	31760000	31770000	0	0
2	31770000	31780000	0	0
2	31780000	31790000	0	0
2	31790000	31800000	0	0
2	31800000	31810000	0	0
2	31810000	31820000	0	0
2	31820000	31830000	0	0
2	31830000	31840000	0	0
2	31840000	31850000	0	0
2	31850000	31860000	0	0
2	31860000	31870000	0	0
2	31870000	31880000	0	0
2	31880000	31890000	0	0
2	31890000	31900000	0	0
2	31900000	31910000	0	0
2	31910000	31920000	0	0
2	31920000	31930000	0	0
2	31930000	31940000	0	0
2	31940000	31950000	0	0
2	31950000	31960000	0	0
2	31960000	31970000	0	0
2	31970000	31980000	0	0
2	31980000	31990000	0	0
2	31990000	32000000	0	0
2	32000000	32010000	0	0
2	32010000	32020000	0	0
2	32020000	32030000	0	0
2	32030000	32040000	0	0
2	32040000	32050000	0	0
2	32050000	32060000	0	0
2	32060000	32070000	0	0
2	32070000	32080000	0	0
2	32080000	32090000	0	0
2	32090000	32100000	0	0
2	32100000	32110000	0	0
2	32110000	32120000	0	0
2	32120000	32130000	0	0
2	32130000	32140000	0	0
2	32140000	32150000	0	0
2	32150000	32160000	0	0
2	32160000	32170000	0	0
2	32170000	32180000	0	0
2	32180000	32190000	0	0
2	32190000	32200000	0	0
2	32200000	32210000	0	0
2	32210000	32220000	0	0
2	32220000	32230000	0	0
2	32230000	32240000	0	0
2	32240000	32250000	0	0
2	32250000	32260000	0	0
2	32260000	32270000	0	0
2	32270000	32280000	0	0
2	32280000	32290000	0	0
2	32290000	32300000	0	0
2	32300000	32310000	0	0
2	32310000	32320000	0	0
2	32320000	32330000	0	0
2	32330000	32340000	0	0
2	32340000	32350000	0	0
2	32350000	32360000	0	0
2	32360000	32370000	0	0
2	32370000	32380000	0	0
2	32380000	32390000	0	0
2	32390000	32400000	0	0
2	32400000	32410000	0	0
2	32410000	32420000	0	0
2	32420000	32430000	0	0
2	32430000	32440000	0	0
2	32440000	32450000	0	0
2	32450000	32460000	0	0
2	32460000	32470000	0	0
2	32470000	32480000	0	0
2	32480000	32490000	0	0
2	32490000	32500000	0	0
2	32500000	32510000	0	0
2	32510000	32520000	0	0
2	32520000	32530000	0	0
2	32530000	32540000	0	0
2	32540000	32550000	0	0
2	32550000	32560000	0	0
2	32560000	32570000	0	0
2	32570000	32580000	0	0
2	32580000	32590000	0	0
2	32590000	32600000	0	0
2	32600000	32610000	0	0
2	32610000	32620000	0	0
2	32620000	32630000	0	0
2	32630000	32640000	0	0
2	32640000	32650000	0	0
2	32650000	32660000	0	0
2	32660000	32670000	0	0
2	32670000	32680000	0	0
2	32680000	32690000	0	0
2	32690000	32700000	0	0
2	32700000	32710000	0	0
2	32710000	32720000	0	0
2	32720000	32730000	0	0
2	32730000	32740000	0	0
2	32740000	32750000	0	0
2	32750000	32760000	0	0
2	32760000	32770000	0	0
2	32770000	32780000	0	0
2	32780000	32790000	0	0
2	32790000	32800000	0	0
2	32800000	32810000	0	0
2	32810000	32820000	0	0
2	32820000	32830000	0	0
2	32830000	32840000	0	0
2	32840000	32850000	0	0
2	32850000	32860000	0	0
2	32860000	32870000	0	0
2	32870000	32880000	0	0
2	32880000	32890000	0	0
2	32890000	32900000	0	0
2	32900000	32910000	0	0
2	32910000	32920000	0	0
2	32920000	32930000	0	0
2	32930000	32940000	0	0
2	32940000	32950000	0	0
2	32950000	32960000	0	0
2	32960000	32970000	0	0
2	32970000	32980000	0	0
2	32980000	32990000	0	0
2	32990000	33000000	0	0
2	33000000	33010000	0	0
2	33010000	33020000	0	0
2	33020000	33030000	0	0
2	33030000	33040000	0	0
2	33040000	33050000	0	0
2	33050000	33060000	0	0
2	33060000	33070000	0	0
2	33070000	33080000	0	0
2	33080000	33090000	0	0
2	33090000	33100000	0	0
2	33100000	33110000	0	0
2	33110000	33120000	0	0
2	33120000	33130000	0	0
2	33130000	33140000	0	0
2	33140000	33150000	0	0
2	33150000	33160000	0	0
2	33160000	33170000	0	0
2	33170000	33180000	0	0
2	33180000	33190000	0	0
2	33190000	33200000	0	0
2	33200000	33210000	0	0
2	33210000	33220000	0	0
2	33220000	33230000	0	0
2	33230000	33240000	0	0
2	33240000	33250000	0	0
2	33250000	33260000	0	0
2	33260000	33270000	0	0
2	33270000	33280000	0	0
2	33280000	33290000	0	0
2	33290000	33300000	0	0
2	33300000	33310000	0	0
2	33310000	33320000	0	0
2	33320000	33330000	0	0
2	33330000	33340000	0	0
2	33340000	33350000	0	0
2	33350000	33360000	0	0
2	33360000	33370000	0	0
2	33370000	33380000	0	0
2	33380000	33390000	0	0
2	33390000	33400000	0	0
2	33400000	33410000	0	0
2	33410000	33420000	0	0
2	33420000	33430000	0	0
2	33430000	33440000	0	0
2	33440000	33450000	0	0
2	33450000	33460000	0	0
2	33460000	33470000	0	0
2	33470000	33480000	0	0
2	33480000	33490000	0	0
2	33490000	33500000	0	0
2	33500000	33510000	0	0
2	33510000	33520000	0	0
2	33520000	33530000	0	0
2	33530000	33540000	0	0
2	33540000	33550000	0	0
2	33550000	33560000	0	0
2	33560000	33570000	0	0
2	33570000	33580000	0	0
2	33580000	33590000	0	0
2	33590000	33600000	0	0
2	33600000	33610000	0	0
2	33610000	33620000	0	0
2	33620000	33630000	0	0
2	33630000	33640000	0	0
2	33640000	33650000	0	0
2	33650000	33660000	0	0
2	33660000	33670000	0	0
2	33670000	33680000	0	0
2	33680000	33690000	0	0
2	33690000	33700000	0	0
2	33700000	33710000	0	0
2	33710000	33720000	0	0
2	33720000	33730000	0	0
2	33730000	33740000	0	0
2	33740000	33750000	0	0
2	33750000	33760000	0	0
2	33760000	33770000	0	0
2	33770000	33780000	0	0
2	33780000	33790000	0	0
2	33790000	33800000	0	0
2	33800000	33810000	0	0
2	33810000	33820000	0	0
2	33820000	33830000	0	0
2	33830000	33840000	0	0
2	33840000	33850000	0	0
2	33850000	33860000	0	0
2	33860000	33870000	0	0
2	33870000	33880000	0	0
2	33880000	33890000	0	0
2	33890000	33900000	0	0
2	33900000	33910000	0	0
2	33910000	33920000	0	0
2	33920000	33930000	0	0
2	33930000	33940000	0	0
2	33940000	33950000	0	0
2	33950000	33960000	0	0
2	33960000	33970000	0	0
2	33970000	33980000	0	0
2	33980000	33990000	0	0
2	33990000	34000000	0	0
2	34000000	34010000	0	0
2	34010000	34020000	0	0
2	34020000	34030000	0	0
2	34030000	34040000	0	0
2	34040000	34050000	0	0
2	34050000	34060000	0	0
2	34060000	34070000	0	0
2	34070000	34080000	0	0
2	34080000	34090000	0	0
2	34090000	34100000	0	0
2	34100000	34110000	0	0
2	34110000	34120000	0	0
2	34120000	34130000	0	0
2	34130000	34140000	0	0
2	34140000	34150000	0	0
2	34150000	34160000	0	0
2	34160000	34170000	0	0
2	34170000	34180000	0	0
2	34180000	34190000	0	0
2	34190000	34200000	0	0
2	34200000	34210000	0	0
2	34210000	34220000	0	0
2	34220000	34230000	0	0
2	34230000	34240000	0	0
2	34240000	34250000	0	0
2	34250000	34260000	0	0
2	34260000	34270000	0	0
2	34270000	34280000	0	0
2	34280000	34290000	0	0
2	34290000	34300000	0	0
2	34300000	34310000	0	0
2	34310000	34320000	0	0
2	34320000	34330000	0	0
2	34330000	34340000	0	0
2	34340000	34350000	0	0
2	34350000	34360000	0	0
2	34360000	34370000	0	0
2	34370000	34380000	0	0
2	34380000	34390000	0	0
2	34390000	34400000	0	0
2	34400000	34410000	0	0
2	34410000	34420000	0	0
2	34420000	34430000	0	0
2	34430000	34440000	0	0
2	34440000	34450000	0	0
2	34450000	34460000	0	0
2	34460000	34470000	0	0
2	34470000	34480000	0	0
2	34480000	34490000	0	0
2	34490000	34500000	0	0
2	34500000	34510000	0	0
2	34510000	34520000	0	0
2	34520000	34530000	0	0
2	34530000	34540000	0	0
2	34540000	34550000	0	0
2	34550000	34560000	0	0
2	34560000	34570000	0	0
2	34570000	34580000	0	0
2	34580000	34590000	0	0
2	34590000	34600000	0	0
2	34600000	34610000	0	0
2	34610000	34620000	0	0
2	34620000	34630000	0	0
2	34630000	34640000	0	0
2	34640000	34650000	0	0
2	34650000	34660000	0	0
2	34660000	34670000	0	0
2	34670000	34680000	0	0
2	34680000	34690000	0	0
2	34690000	34700000	0	0
2	34700000	34710000	0	0
2	34710000	34720000	0	0
2	34720000	34730000	0	0
2	34730000	34740000	0	0
2	34740000	34750000	0	0
2	34750000	34760000	0	0
2	34760000	34770000	0	0
2	34770000	34780000	0	0
2	34780000	34790000	0	0
2	34790000	34800000	0	0
2	34800000	34810000	0	0
2	34810000	34820000	0	0
2	34820000	34830000	0	0
2	34830000	34840000	0	0
2	34840000	34850000	0	0
2	34850000	34860000	0	0
2	34860000	34870000	0	0
2	34870000	34880000	0	0
2	34880000	34890000	0	0
2	34890000	34900000	0	0
2	34900000	34910000	0	0
2	34910000	34920000	0	0
2	34920000	34930000	0	0
2	34930000	34940000	0	0
2	34940000	34950000	0	0
2	34950000	34960000	0	0
2	34960000	34970000	0	0
2	34970000	34980000	0	0
2	34980000	34990000	0	0
2	34990000	35000000	0	0
2	35000000	35010000	0	0
2	35010000	35020000	0	0
2	35020000	35030000	0	0
2	35030000	35040000	0	0
2	35040000	35050000	0	0
2	35050000	35060000	0	0
2	35060000	35070000	0	0
2	35070000	35080000	0	0
2	35080000	35090000	0	0
2	35090000	35100000	0	0
2	35100000	35110000	0	0
2	35110000	35120000	0	0
2	35120000	35130000	0	0
2	35130000	35140000	0	0
2	35140000	35150000	0	0
2	35150000	35160000	0	0
2	35160000	35170000	0	0
2	35170000	35180000	0	0
2	35180000	35190000	0	0
2	35190000	35200000	0	0
2	35200000	35210000	0	0
2	35210000	35220000	0	0
2	35220000	35230000	0	0
2	35230000	35240000	0	0
2	35240000	35250000	0	0
2	35250000	35260000	0	0
2	35260000	35270000	0	0
2	35270000	35280000	0	0
2	35280000	35290000	0	0
2	35290000	35300000	0	0
2	35300000	35310000	0	0
2	35310000	35320000	0	0
2	35320000	35330000	0	0
2	35330000	35340000	0	0
2	35340000	35350000	0	0
2	35350000	35360000	0	0
2	35360000	35370000	0	0
2	35370000	35380000	0	0
2	35380000	35390000	0	0
2	35390000	35400000	0	0
2	35400000	35410000	0	0
2	35410000	35420000	0	0
2	35420000	35430000	0	0
2	35430000	35440000	0	0
2	35440000	35450000	0	0
2	35450000	35460000	0	0
2	35460000	35470000	0	0
2	35470000	35480000	0	0
2	35480000	35490000	0	0
2	35490000	35500000	0	0
2	35500000	35510000	0	0
2	35510000	35520000	0	0
2	35520000	35530000	0	0
2	35530000	35540000	0	0
2	35540000	35550000	0	0
2	35550000	35560000	0	0
2	35560000	35570000	0	0
2	35570000	35580000	0	0
2	35580000	35590000	0	0
2	35590000	35600000	0	0
2	35600000	35610000	0	0
2	35610000	35620000	0	0
2	35620000	35630000	0	0
2	35630000	35640000	0	0
2	35640000	35650000	0	0
2	35650000	35660000	0	0
2	35660000	35670000	0	0
2	35670000	35680000	0	0
2	35680000	35690000	0	0
2	35690000	35700000	0	0
2	35700000	35710000	0	0
2	35710000	35720000	0	0
2	35720000	35730000	0	0
2	35730000	35740000	0	0
2	35740000	35750000	0	0
2	35750000	35760000	0	0
2	35760000	35770000	0	0
2	35770000	35780000	0	0
2	35780000	35790000	0	0
2	35790000	35800000	0	0
2	35800000	35810000	0	0
2	35810000	35820000	0	0
2	35820000	35830000	0	0
2	35830000	35840000	0	0
2	35840000	35850000	0	0
2	35850000	35860000	0	0
2	35860000	35870000	0	0
2	35870000	35880000	0	0
2	35880000	35890000	0	0
2	35890000	35900000	0	0
2	35900000	35910000	0	0
2	35910000	35920000	0	0
2	35920000	35930000	0	0
2	35930000	35940000	0	0
2	35940000	35950000	0	0
2	35950000	35960000	0	0
2	35960000	35970000	0	0
2	35970000	35980000	0	0
2	35980000	35990000	0	0
2	35990000	36000000	0	0
2	36000000	36010000	0	0
2	36010000	36020000	0	0
2	36020000	36030000	0	0
2	36030000	36040000	0	0
2	36040000	36050000	0	0
2	36050000	36060000	0	0
2	36060000	36070000	0	0
2	36070000	36080000	0	0
2	36080000	36090000	0	0
2	36090000	36100000	0	0
2	36100000	36110000	0	0
2	36110000	36120000	0	0
2	36120000	36130000	0	0
2	36130000	36140000	0	0
2	36140000	36150000	0	0
2	36150000	36160000	0	0
2	36160000	36170000	0	0
2	36170000	36180000	0	0
2	36180000	36190000	0	0
2	36190000	36200000	0	0
2	36200000	36210000	0	0
2	36210000	36220000	0	0
2	36220000	36230000	0	0
2	36230000	36240000	0	0
2	36240000	36250000	0	0
2	36250000	36260000	0	0
2	36260000	36270000	0	0
2	36270000	36280000	0	0
2	36280000	36290000	0	0
2	36290000	36300000	0	0
2	36300000	36310000	0	0
2	36310000	36320000	0	0
2	36320000	36330000	0	0
2	36330000	36340000	0	0
2	36340000	36350000	0	0
2	36350000	36360000	0	0
2	36360000	36370000	0	0
2	36370000	36380000	0	0
2	36380000	36390000	0	0
2	36390000	36400000	0	0
2	36400000	36410000	0	0
2	36410000	36420000	0	0
2	36420000	36430000	0	0
2	36430000	36440000	0	0
2	36440000	36450000	0	0
2	36450000	36460000	0	0
2	36460000	36470000	0	0
2	36470000	36480000	0	0
2	36480000	36490000	0	0
2	36490000	36500000	0	0
2	36500000	36510000	0	0
2	36510000	36520000	0	0
2	36520000	36530000	0	0
2	36530000	36540000	0	0
2	36540000	36550000	0	0
2	36550000	36560000	0	0
2	36560000	36570000	0	0
2	36570000	36580000	0	0
2	36580000	36590000	0	0
2	36590000	36600000	0	0
2	36600000	36610000	0	0
2	36610000	36620000	0	0
2	36620000	36630000	0	0
2	36630000	36640000	0	0
2	36640000	36650000	0	0
2	36650000	36660000	0	0
2	36660000	36670000	0	0
2	36670000	36680000	0	0
2	36680000	36690000	0	0
2	36690000	36700000	0	0
2	36700000	36710000	0	0
2	36710000	36720000	0	0
2	36720000	36730000	0	0
2	36730000	36740000	0	0
2	36740000	36750000	0	0
2	36750000	36760000	0	0
2	36760000	36770000	0	0
2	36770000	36780000	0	0
2	36780000	36790000	0	0
2	36790000	36800000	0	0
2	36800000	36810000	0	0
2	36810000	36820000	0	0
2	36820000	36830000	0	0
2	36830000	36840000	0	0
2	36840000	36850000	0	0
2	36850000	36860000	0	0
2	36860000	36870000	0	0
2	36870000	36880000	0	0
2	36880000	36890000	0	0
2	36890000	36900000	0	0
2	36900000	36910000	0	0
2	36910000	36920000	0	0
2	36920000	36930000	0	0
2	36930000	36940000	0	0
2	36940000	36950000	0	0
2	36950000	36960000	0	0
2	36960000	36970000	0	0
2	36970000	36980000	0	0
2	36980000	36990000	0	0
2	36990000	37000000	0	0
2	37000000	37010000	0	0
2	37010000	37020000	0	0
2	37020000	37030000	0	0
2	37030000	37040000	0	0
2	37040000	37050000	0	0
2	37050000	37060000	0	0
2	37060000	37070000	0	0
2	37070000	37080000	0	0
2	37080000	37090000	0	0
2	37090000	37100000	0	0
2	37100000	37110000	0	0
2	37110000	37120000	0	0
2	37120000	37130000	0	0
2	37130000	37140000	0	0
2	37140000	37150000	0	0
2	37150000	37160000	0	0
2	37160000	37170000	0	0
2	37170000	37180000	0	0
2	37180000	37190000	0	0
2	37190000	37200000	0	0
2	37200000	37210000	0	0
2	37210000	37220000	0	0
2	37220000	37230000	0	0
2	37230000	37240000	0	0
2	37240000	37250000	0	0
2	37250000	37260000	0	0
2	37260000	37270000	0	0
2	37270000	37280000	0	0
2	37280000	37290000	0	0
2	37290000	37300000	0	0
2	37300000	37310000	0	0
2	37310000	37320000	0	0
2	37320000	37330000	0	0
2	37330000	37340000	0	0
2	37340000	37350000	0	0
2	37350000	37360000	0	0
2	37360000	37370000	0	0
2	37370000	37380000	0	0
2	37380000	37390000	0	0
2	37390000	37400000	0	0
2	37400000	37410000	0	0
2	37410000	37420000	0	0
2	37420000	37430000	0	0
2	37430000	37440000	0	0
2	37440000	37450000	0	0
2	37450000	37460000	0	0
2	37460000	37470000	0	0
2	37470000	37480000	0	0
2	37480000	37490000	0	0
2	37490000	37500000	0	0
2	37500000	37510000	0	0
2	37510000	37520000	0	0
2	37520000	37530000	0	0
2	37530000	37540000	0	0
2	37540000	37550000	0	0
2	37550000	37560000	0	0
2	37560000	37570000	0	0
2	37570000	37580000	0	0
2	37580000	37590000	0	0
2	37590000	37600000	0	0
2	37600000	37610000	0	0
2	37610000	37620000	0	0
2	37620000	37630000	0	0
2	37630000	37640000	0	0
2	37640000	37650000	0	0
2	37650000	37660000	0	0
2	37660000	37670000	0	0
2	37670000	37680000	0	0
2	37680000	37690000	0	0
2	37690000	37700000	0	0
2	37700000	37710000	0	0
2	37710000	37720000	0	0
2	37720000	37730000	0	0
2	37730000	37740000	0	0
2	37740000	37750000	0	0
2	37750000	37760000	0	0
2	37760000	37770000	0	0
2	37770000	37780000	0	0
2	37780000	37790000	0	0
2	37790000	37800000	0	0
2	37800000	37810000	0	0
2	37810000	37820000	0	0
2	37820000	37830000	0	0
2	37830000	37840000	0	0
2	37840000	37850000	0	0
2	37850000	37860000	0	0
2	37860000	37870000	0	0
2	37870000	37880000	0	0
2	37880000	37890000	0	0
2	37890000	37900000	0	0
2	37900000	37910000	0	0
2	37910000	37920000	0	0
2	37920000	37930000	0	0
2	37930000	37940000	0	0
2	37940000	37950000	0	0
2	37950000	37960000	0	0
2	37960000	37970000	0	0
2	37970000	37980000	0	0
2	37980000	37990000	0	0
2	37990000	38000000	0	0
2	38000000	38010000	0	0
2	38010000	38020000	0	0
2	38020000	38030000	0	0
2	38030000	38040000	0	0
2	38040000	38050000	0	0
2	38050000	38060000	0	0
2	38060000	38070000	0	0
2	38070000	38080000	0	0
2	38080000	38090000	0	0
2	38090000	38100000	0	0
2	38100000	38110000	0	0
2	38110000	38120000	0	0
2	38120000	38130000	0	0
2	38130000	38140000	0	0
2	38140000	38150000	0	0
2	38150000	38160000	0	0
2	38160000	38170000	0	0
2	38170000	38180000	0	0
2	38180000	38190000	0	0
2	38190000	38200000	0	0
2	38200000	38210000	0	0
2	38210000	38220000	0	0
2	38220000	38230000	0	0
2	38230000	38240000	0	0
2	38240000	38250000	0	0
2	38250000	38260000	0	0
2	38260000	38270000	0	0
2	38270000	38280000	0	0
2	38280000	38290000	0	0
2	38290000	38300000	0	0
2	38300000	38310000	0	0
2	38310000	38320000	0	0
2	38320000	38330000	0	0
2	38330000	38340000	0	0
2	38340000	38350000	0	0
2	38350000	38360000	0	0
2	38360000	38370000	0	0
2	38370000	38380000	0	0
2	38380000	38390000	0	0
2	38390000	38400000	0	0
2	38400000	38410000	0	0
2	38410000	38420000	0	0
2	38420000	38430000	0	0
2	38430000	38440000	0	0
2	38440000	38450000	0	0
2	38450000	38460000	0	0
2	38460000	38470000	0	0
2	38470000	38480000	0	0
2	38480000	38490000	0	0
2	38490000	38500000	0	0
2	38500000	38510000	0	0
2	38510000	38520000	0	0
2	38520000	38530000	0	0
2	38530000	38540000	0	0
2	38540000	38550000	0	0
2	38550000	38560000	0	0
2	38560000	38570000	0	0
2	38570000	38580000	0	0
2	38580000	38590000	0	0
2	38590000	38600000	0	0
2	38600000	38610000	0	0
2	38610000	38620000	0	0
2	38620000	38630000	0	0
2	38630000	38640000	0	0
2	38640000	38650000	0	0
2	38650000	38660000	0	0
2	38660000	38670000	0	0
2	38670000	38680000	0	0
2	38680000	38690000	0	0
2	38690000	38700000	0	0
2	38700000	38710000	0	0
2	38710000	38720000	0	0
2	38720000	38730000	0	0
2	38730000	38740000	0	0
2	38740000	38750000	0	0
2	38750000	38760000	0	0
2	38760000	38770000	0	0
2	38770000	38780000	0	0
2	38780000	38790000	0	0
2	38790000	38800000	0	0
2	38800000	38810000	0	0
2	38810000	38820000	0	0
2	38820000	38830000	0	0
2	38830000	38840000	0	0
2	38840000	38850000	0	0
2	38850000	38860000	0	0
2	38860000	38870000	0	0
2	38870000	38880000	0	0
2	38880000	38890000	0	0
2	38890000	38900000	0	0
2	38900000	38910000	0	0
2	38910000	38920000	0	0
2	38920000	38930000	0	0
2	38930000	38940000	0	0
2	38940000	38950000	0	0
2	38950000	38960000	0	0
2	38960000	38970000	0	0
2	38970000	38980000	0	0
2	38980000	38990000	0	0
2	38990000	39000000	0	0
2	39000000	39010000	0	0
2	39010000	39020000	0	0
2	39020000	39030000	0	0
2	39030000	39040000	0	0
2	39040000	39050000	0	0
2	39050000	39060000	0	0
2	39060000	39070000	0	0
2	39070000	39080000	0	0
2	39080000	39090000	0	0
2	39090000	39100000	0	0
2	39100000	39110000	0	0
2	39110000	39120000	0	0
2	39120000	39130000	0	0
2	39130000	39140000	0	0
2	39140000	39150000	0	0
2	39150000	39160000	0	0
2	39160000	39170000	0	0
2	39170000	39180000	0	0
2	39180000	39190000	0	0
2	39190000	39200000	0	0
2	39200000	39210000	0	0
2	39210000	39220000	0	0
2	39220000	39230000	0	0
2	39230000	39240000	0	0
2	39240000	39250000	0	0
2	39250000	39260000	0	0
2	39260000	39270000	0	0
2	39270000	39280000	0	0
2	39280000	39290000	0	0
2	39290000	39300000	0	0
2	39300000	39310000	0	0
2	39310000	39320000	0	0
2	39320000	39330000	0	0
2	39330000	39340000	0	0
2	39340000	39350000	0	0
2	39350000	39360000	0	0
2	39360000	39370000	0	0
2	39370000	39380000	0	0
2	39380000	39390000	0	0
2	39390000	39400000	0	0
2	39400000	39410000	0	0
2	39410000	39420000	0	0
2	39420000	39430000	0	0
2	39430000	39440000	0	0
2	39440000	39450000	0	0
2	39450000	39460000	0	0
2	39460000	39470000	0	0
2	39470000	39480000	0	0
2	39480000	39490000	0	0
2	39490000	39500000	0	0
2	39500000	39510000	0	0
2	39510000	39520000	0	0
2	39520000	39530000	0	0
2	39530000	39540000	0	0
2	39540000	39550000	0	0
2	39550000	39560000	0	0
2	39560000	39570000	0	0
2	39570000	39580000	0	0
2	39580000	39590000	0	0
2	39590000	39600000	0	0
2	39600000	39610000	0	0
2	39610000	39620000	0	0
2	39620000	39630000	0	0
2	39630000	39640000	0	0
2	39640000	39650000	0	0
2	39650000	39660000	0	0
2	39660000	39670000	0	0
2	39670000	39680000	0	0
2	39680000	39690000	0	0
2	39690000	39700000	0	0
2	39700000	39710000	0	0
2	39710000	39720000	0	0
2	39720000	39730000	0	0
2	39730000	39740000	0	0
2	39740000	39750000	0	0
2	39750000	39760000	0	0
2	39760000	39770000	0	0
2	39770000	39780000	0	0
2	39780000	39790000	0	0
2	39790000	39800000	0	0
2	39800000	39810000	0	0
2	39810000	39820000	0	0
2	39820000	39830000	0	0
2	39830000	39840000	0	0
2	39840000	39850000	0	0
2	39850000	39860000	0	0
2	39860000	39870000	0	0
2	39870000	39880000	0	0
2	39880000	39890000	0	0
2	39890000	39900000	0	0
2	39900000	39910000	0	0
2	39910000	39920000	0	0
2	39920000	39930000	0	0
2	39930000	39940000	0	0
2	39940000	39950000	0	0
2	39950000	39960000	0	0
2	39960000	39970000	0	0
2	39970000	39980000	0	0
2	39980000	39990000	0	0
2	39990000	40000000	0	0
2	40000000	40010000	0	0
2	40010000	40020000	0	0
2	40020000	40030000	0	0
2	40030000	40040000	0	0
2	40040000	40050000	0	0
2	40050000	40060000	0	0
2	40060000	40070000	0	0
2	40070000	40080000	0	0
2	40080000	40090000	0	0
2	40090000	40100000	0	0
2	40100000	40110000	0	0
2	40110000	40120000	0	0
2	40120000	40130000	0	0
2	40130000	40140000	0	0
2	40140000	40150000	0	0
2	40150000	40160000	0	0
2	40160000	40170000	0	0
2	40170000	40180000	0	0
2	40180000	40190000	0	0
2	40190000	40200000	0	0
2	40200000	40210000	0	0
2	40210000	40220000	0	0
2	40220000	40230000	0	0
2	40230000	40240000	0	0
2	40240000	40250000	0	0
2	40250000	40260000	0	0
2	40260000	40270000	0	0
2	40270000	40280000	0	0
2	40280000	40290000	0	0
2	40290000	40300000	0	0
2	40300000	40310000	0	0
2	40310000	40320000	0	0
2	40320000	40330000	0	0
2	40330000	40340000	0	0
2	40340000	40350000	0	0
2	40350000	40360000	0	0
2	40360000	40370000	0	0
2	40370000	40380000	0	0
2	40380000	40390000	0	0
2	40390000	40400000	0	0
2	40400000	40410000	0	0
2	40410000	40420000	0	0
2	40420000	40430000	0	0
2	40430000	40440000	0	0
2	40440000	40450000	0	0
2	40450000	40460000	0	0
2	40460000	40470000	0	0
2	40470000	40480000	0	0
2	40480000	40490000	0	0
2	40490000	40500000	0	0
2	40500000	40510000	0	0
2	40510000	40520000	0	0
2	40520000	40530000	0	0
2	40530000	40540000	0	0
2	40540000	40550000	0	0
2	40550000	40560000	0	0
2	40560000	40570000	0	0
2	40570000	40580000	0	0
2	40580000	40590000	0	0
2	40590000	40600000	0	0
2	40600000	40610000	0	0
2	40610000	40620000	0	0
2	40620000	40630000	0	0
2	40630000	40640000	0	0
2	40640000	40650000	0	0
2	40650000	40660000	0	0
2	40660000	40670000	0	0
2	40670000	40680000	0	0
2	40680000	40690000	0	0
2	40690000	40700000	0	0
2	40700000	40710000	0	0
2	40710000	40720000	0	0
2	40720000	40730000	0	0
2	40730000	40740000	0	0
2	40740000	40750000	0	0
2	40750000	40760000	0	0
2	40760000	40770000	0	0
2	40770000	40780000	0	0
2	40780000	40790000	0	0
2	40790000	40800000	0	0
2	40800000	40810000	0	0
2	40810000	40820000	0	0
2	40820000	40830000	0	0
2	40830000	40840000	0	0
2	40840000	40850000	0	0
2	40850000	40860000	0	0
2	40860000	40870000	0	0
2	40870000	40880000	0	0
2	40880000	40890000	0	0
2	40890000	40900000	0	0
2	40900000	40910000	0	0
2	40910000	40920000	0	0
2	40920000	40930000	0	0
2	40930000	40940000	0	0
2	40940000	40950000	0	0
2	40950000	40960000	0	0
2	40960000	40970000	0	0
2	40970000	40980000	0	0
2	40980000	40990000	0	0
2	40990000	41000000	0	0
2	41000000	41010000	0	0
2	41010000	41020000	0	0
2	41020000	41030000	0	0
2	41030000	41040000	0	0
2	41040000	41050000	0	0
2	41050000	41060000	0	0
2	41060000	41070000	0	0
2	41070000	41080000	0	0
2	41080000	41090000	0	0
2	41090000	41100000	0	0
2	41100000	41110000	0	0
2	41110000	41120000	0	0
2	41120000	41130000	0	0
2	41130000	41140000	0	0
2	41140000	41150000	0	0
2	41150000	41160000	0	0
2	41160000	41170000	0	0
2	41170000	41180000	0	0
2	41180000	41190000	0	0
2	41190000	41200000	0	0
2	41200000	41210000	0	0
2	41210000	41220000	0	0
2	41220000	41230000	0	0
2	41230000	41240000	0	0
2	41240000	41250000	0	0
2	41250000	41260000	0	0
2	41260000	41270000	0	0
2	41270000	41280000	0	0
2	41280000	41290000	0	0
2	41290000	41300000	0	0
2	41300000	41310000	0	0
2	41310000	41320000	0	0
2	41320000	41330000	0	0
2	41330000	41340000	0	0
2	41340000	41350000	0	0
2	41350000	41360000	0	0
2	41360000	41370000	0	0
2	41370000	41380000	0	0
2	41380000	41390000	0	0
2	41390000	41400000	0	0
2	41400000	41410000	0	0
2	41410000	41420000	0	0
2	41420000	41430000	0	0
2	41430000	41440000	0	0
2	41440000	41450000	0	0
2	41450000	41460000	0	0
2	41460000	41470000	0	0
2	41470000	41480000	0	0
2	41480000	41490000	0	0
2	41490000	41500000	0	0
2	41500000	41510000	0	0
2	41510000	41520000	0	0
2	41520000	41530000	0	0
2	41530000	41540000	0	0
2	41540000	41550000	0	0
2	41550000	41560000	0	0
2	41560000	41570000	0	0
2	41570000	41580000	0	0
2	41580000	41590000	0	0
2	41590000	41600000	0	0
2	41600000	41610000	0	0
2	41610000	41620000	0	0
2	41620000	41630000	0	0
2	41630000	41640000	0	0
2	41640000	41650000	0	0
2	41650000	41660000	0	0
2	41660000	41670000	0	0
2	41670000	41680000	0	0
2	41680000	41690000	0	0
2	41690000	41700000	0	0
2	41700000	41710000	0	0
2	41710000	41720000	0	0
2	41720000	41730000	0	0
2	41730000	41740000	0	0
2	41740000	41750000	0	0
2	41750000	41760000	0	0
2	41760000	41770000	0	0
2	41770000	41780000	0	0
2	41780000	41790000	0	0
2	41790000	41800000	0	0
2	41800000	41810000	0	0
2	41810000	41820000	0	0
2	41820000	41830000	0	0
2	41830000	41840000	0	0
2	41840000	41850000	0	0
2	41850000	41860000	0	0
2	41860000	41870000	0	0
2	41870000	41880000	0	0
2	41880000	41890000	0	0
2	41890000	41900000	0	0
2	41900000	41910000	0	0
2	41910000	41920000	0	0
2	41920000	41930000	0	0
2	41930000	41940000	0	0
2	41940000	41950000	0	0
2	41950000	41960000	0	0
2	41960000	41970000	0	0
2	41970000	41980000	0	0
2	41980000	41990000	0	0
2	41990000	42000000	0	0
2	42000000	42010000	0	0
2	42010000	42020000	0	0
2	42020000	42030000	0	0
2	42030000	42040000	0	0
2	42040000	42050000	0	0
2	42050000	42060000	0	0
2	42060000	42070000	0	0
2	42070000	42080000	0	0
2	42080000	42090000	0	0
2	42090000	42100000	0	0
2	42100000	42110000	0	0
2	42110000	42120000	0	0
2	42120000	42130000	0	0
2	42130000	42140000	0	0
2	42140000	42150000	0	0
2	42150000	42160000	0	0
2	42160000	42170000	0	0
2	42170000	42180000	0	0
2	42180000	42190000	0	0
2	42190000	42200000	0	0
2	42200000	42210000	0	0
2	42210000	42220000	0	0
2	42220000	42230000	0	0
2	42230000	42240000	0	0
2	42240000	42250000	0	0
2	42250000	42260000	0	0
2	42260000	42270000	0	0
2	42270000	42280000	0	0
2	42280000	42290000	0	0
2	42290000	42300000	0	0
2	42300000	42310000	0	0
2	42310000	42320000	0	0
2	42320000	42330000	0	0
2	42330000	42340000	0	0
2	42340000	42350000	0	0
2	42350000	42360000	0	0
2	42360000	42370000	0	0
2	42370000	42380000	0	0
2	42380000	42390000	0	0
2	42390000	42400000	0	0
2	42400000	42410000	0	0
2	42410000	42420000	0	0
2	42420000	42430000	0	0
2	42430000	42440000	0	0
2	42440000	42450000	0	0
2	42450000	42460000	0	0
2	42460000	42470000	0	0
2	42470000	42480000	0	0
2	42480000	42490000	0	0
2	42490000	42500000	0	0
2	42500000	42510000	0	0
2	42510000	42520000	0	0
2	42520000	42530000	0	0
2	42530000	42540000	0	0
2	42540000	42550000	0	0
2	42550000	42560000	0	0
2	42560000	42570000	0	0
2	42570000	42580000	0	0
2	42580000	42590000	0	0
2	42590000	42600000	0	0
2	42600000	42610000	0	0
2	42610000	42620000	0	0
2	42620000	42630000	0	0
2	42630000	42640000	0	0
2	42640000	42650000	0	0
2	42650000	42660000	0	0
2	42660000	42670000	0	0
2	42670000	42680000	0	0
2	42680000	42690000	0	0
2	42690000	42700000	0	0
2	42700000	42710000	0	0
2	42710000	42720000	0	0
2	42720000	42730000	0	0
2	42730000	42740000	0	0
2	42740000	42750000	0	0
2	42750000	42760000	0	0
2	42760000	42770000	0	0
2	42770000	42780000	0	0
2	42780000	42790000	0	0
2	42790000	42800000	0	0
2	42800000	42810000	0	0
2	42810000	42820000	0	0
2	42820000	42830000	0	0
2	42830000	42840000	0	0
2	42840000	42850000	0	0
2	42850000	42860000	0	0
2	42860000	42870000	0	0
2	42870000	42880000	0	0
2	42880000	42890000	0	0
2	42890000	42900000	0	0
2	42900000	42910000	0	0
2	42910000	42920000	0	0
2	42920000	42930000	0	0
2	42930000	42940000	0	0
2	42940000	42950000	0	0
2	42950000	42960000	0	0
2	42960000	42970000	0	0
2	42970000	42980000	0	0
2	42980000	42990000	0	0
2	42990000	43000000	0	0
2	43000000	43010000	0	0
2	43010000	43020000	0	0
2	43020000	43030000	0	0
2	43030000	43040000	0	0
2	43040000	43050000	0	0
2	43050000	43060000	0	0
2	43060000	43070000	0	0
2	43070000	43080000	0	0
2	43080000	43090000	0	0
2	43090000	43100000	0	0
2	43100000	43110000	0	0
2	43110000	43120000	0	0
2	43120000	43130000	0	0
2	43130000	43140000	0	0
2	43140000	43150000	0	0
2	43150000	43160000	0	0
2	43160000	43170000	0	0
2	43170000	43180000	0	0
2	43180000	43190000	0	0
2	43190000	43200000	0	0
2	43200000	43210000	0	0
2	43210000	43220000	0	0
2	43220000	43230000	0	0
2	43230000	43240000	0	0
2	43240000	43250000	0	0
2	43250000	43260000	0	0
2	43260000	43270000	0	0
2	43270000	43280000	0	0
2	43280000	43290000	0	0
2	43290000	43300000	0	0
2	43300000	43310000	0	0
2	43310000	43320000	0	0
2	43320000	43330000	0	0
2	43330000	43340000	0	0
2	43340000	43350000	0	0
2	43350000	43360000	0	0
2	43360000	43370000	0	0
2	43370000	43380000	0	0
2	43380000	43390000	0	0
2	43390000	43400000	0	0
2	43400000	43410000	0	0
2	43410000	43420000	0	0
2	43420000	43430000	0	0
2	43430000	43440000	0	0
2	43440000	43450000	0	0
2	43450000	43460000	0	0
2	43460000	43470000	0	0
2	43470000	43480000	0	0
2	43480000	43490000	0	0
2	43490000	43500000	0	0
2	43500000	43510000	0	0
2	43510000	43520000	0	0
2	43520000	43530000	0	0
2	43530000	43540000	0	0
2	43540000	43550000	0	0
2	43550000	43560000	0	0
2	43560000	43570000	0	0
2	43570000	43580000	0	0
2	43580000	43590000	0	0
2	43590000	43600000	0	0
2	43600000	43610000	0	0
2	43610000	43620000	0	0
2	43620000	43630000	0	0
2	43630000	43640000	0	0
2	43640000	43650000	0	0
2	43650000	43660000	0	0
2	43660000	43670000	0	0
2	43670000	43680000	0	0
2	43680000	43690000	0	0
2	43690000	43700000	0	0
2	43700000	43710000	0	0
2	43710000	43720000	0	0
2	43720000	43730000	0	0
2	43730000	43740000	0	0
2	43740000	43750000	0	0
2	43750000	43760000	0	0
2	43760000	43770000	0	0
2	43770000	43780000	0	0
2	43780000	43790000	0	0
2	43790000	43800000	0	0
2	43800000	43810000	0	0
2	43810000	43820000	0	0
2	43820000	43830000	0	0
2	43830000	43840000	0	0
2	43840000	43850000	0	0
2	43850000	43860000	0	0
2	43860000	43870000	0	0
2	43870000	43880000	0	0
2	43880000	43890000	0	0
2	43890000	43900000	0	0
2	43900000	43910000	0	0
2	43910000	43920000	0	0
2	43920000	43930000	0	0
2	43930000	43940000	0	0
2	43940000	43950000	0	0
2	43950000	43960000	0	0
2	43960000	43970000	0	0
2	43970000	43980000	0	0
2	43980000	43990000	0	0
2	43990000	44000000	0	0
2	44000000	44010000	0	0
2	44010000	44020000	0	0
2	44020000	44030000	0	0
2	44030000	44040000	0	0
2	44040000	44050000	0	0
2	44050000	44060000	0	0
2	44060000	44070000	0	0
2	44070000	44080000	0	0
2	44080000	44090000	0	0
2	44090000	44100000	0	0
2	44100000	44110000	0	0
2	44110000	44120000	0	0
2	44120000	44130000	0	0
2	44130000	44140000	0	0
2	44140000	44150000	0	0
2	44150000	44160000	0	0
2	44160000	44170000	0	0
2	44170000	44180000	0	0
2	44180000	44190000	0	0
2	44190000	44200000	0	0
2	44200000	44210000	0	0
2	44210000	44220000	0	0
2	44220000	44230000	0	0
2	44230000	44240000	0	0
2	44240000	44250000	0	0
2	44250000	44260000	0	0
2	44260000	44270000	0	0
2	44270000	44280000	0	0
2	44280000	44290000	0	0
2	44290000	44300000	0	0
2	44300000	44310000	0	0
2	44310000	44320000	0	0
2	44320000	44330000	0	0
2	44330000	44340000	0	0
2	44340000	44350000	0	0
2	44350000	44360000	0	0
2	44360000	44370000	0	0
2	44370000	44380000	0	0
2	44380000	44390000	0	0
2	44390000	44400000	0	0
2	44400000	44410000	0	0
2	44410000	44420000	0	0
2	44420000	44430000	0	0
2	44430000	44440000	0	0
2	44440000	44450000	0	0
2	44450000	44460000	0	0
2	44460000	44470000	0	0
2	44470000	44480000	0	0
2	44480000	44490000	0	0
2	44490000	44500000	0	0
2	44500000	44510000	0	0
2	44510000	44520000	0	0
2	44520000	44530000	0	0
2	44530000	44540000	0	0
2	44540000	44550000	0	0
2	44550000	44560000	0	0
2	44560000	44570000	0	0
2	44570000	44580000	0	0
2	44580000	44590000	0	0
2	44590000	44600000	0	0
2	44600000	44610000	0	0
2	44610000	44620000	0	0
2	44620000	44630000	0	0
2	44630000	44640000	0	0
2	44640000	44650000	0	0
2	44650000	44660000	0	0
2	44660000	44670000	0	0
2	44670000	44680000	0	0
2	44680000	44690000	0	0
2	44690000	44700000	0	0
2	44700000	44710000	0	0
2	44710000	44720000	0	0
2	44720000	44730000	0	0
2	44730000	44740000	0	0
2	44740000	44750000	0	0
2	44750000	44760000	0	0
2	44760000	44770000	0	0
2	44770000	44780000	0	0
2	44780000	44790000	0	0
2	44790000	44800000	0	0
2	44800000	44810000	0	0
2	44810000	44820000	0	0
2	44820000	44830000	0	0
2	44830000	44840000	0	0
2	44840000	44850000	0	0
2	44850000	44860000	0	0
2	44860000	44870000	0	0
2	44870000	44880000	0	0
2	44880000	44890000	0	0
2	44890000	44900000	0	0
2	44900000	44910000	0	0
2	44910000	44920000	0	0
2	44920000	44930000	0	0
2	44930000	44940000	0	0
2	44940000	44950000	0	0
2	44950000	44960000	0	0
2	44960000	44970000	0	0
2	44970000	44980000	0	0
2	44980000	44990000	0	0
2	44990000	45000000	0	0
2	45000000	45010000	0	0
2	45010000	45020000	0	0
2	45020000	45030000	0	0
2	45030000	45040000	0	0
2	45040000	45050000	0	0
2	45050000	45060000	0	0
2	45060000	45070000	0	0
2	45070000	45080000	0	0
2	45080000	45090000	0	0
2	45090000	45100000	0	0
2	45100000	45110000	0	0
2	45110000	45120000	0	0
2	45120000	45130000	0	0
2	45130000	45140000	0	0
2	45140000	45150000	0	0
2	45150000	45160000	0	0
2	45160000	45170000	0	0
2	45170000	45180000	0	0
2	45180000	45190000	0	0
2	45190000	45200000	0	0
2	45200000	45210000	0	0
2	45210000	45220000	0	0
2	45220000	45230000	0	0
2	45230000	45240000	0	0
2	45240000	45250000	0	0
2	45250000	45260000	0	0
2	45260000	45270000	0	0
2	45270000	45280000	0	0
2	45280000	45290000	0	0
2	45290000	45300000	0	0
2	45300000	45310000	0	0
2	45310000	45320000	0	0
2	45320000	45330000	0	0
2	45330000	45340000	0	0
2	45340000	45350000	0	0
2	45350000	45360000	0	0
2	45360000	45370000	0	0
2	45370000	45380000	0	0
2	45380000	45390000	0	0
2	45390000	45400000	0	0
2	45400000	45410000	0	0
2	45410000	45420000	0	0
2	45420000	45430000	0	0
2	45430000	45440000	0	0
2	45440000	45450000	0	0
2	45450000	45460000	0	0
2	45460000	45470000	0	0
2	45470000	45480000	0	0
2	45480000	45490000	0	0
2	45490000	45500000	0	0
2	45500000	45510000	0	0
2	45510000	45520000	0	0
2	45520000	45530000	0	0
2	45530000	45540000	0	0
2	45540000	45550000	0	0
2	45550000	45560000	0	0
2	45560000	45570000	0	0
2	45570000	45580000	0	0
2	45580000	45590000	0	0
2	45590000	45600000	0	0
2	45600000	45610000	0	0
2	45610000	45620000	0	0
2	45620000	45630000	0	0
2	45630000	45640000	0	0
2	45640000	45650000	0	0
2	45650000	45660000	0	0
2	45660000	45670000	0	0
2	45670000	45680000	0	0
2	45680000	45690000	0	0
2	45690000	45700000	0	0
2	45700000	45710000	0	0
2	45710000	45720000	0	0
2	45720000	45730000	0	0
2	45730000	45740000	0	0
2	45740000	45750000	0	0
2	45750000	45760000	0	0
2	45760000	45770000	0	0
2	45770000	45780000	0	0
2	45780000	45790000	0	0
2	45790000	45800000	0	0
2	45800000	45810000	0	0
2	45810000	45820000	0	0
2	45820000	45830000	0	0
2	45830000	45840000	0	0
2	45840000	45850000	0	0
2	45850000	45860000	0	0
2	45860000	45870000	0	0
2	45870000	45880000	0	0
2	45880000	45890000	0	0
2	45890000	45900000	0	0
2	45900000	45910000	0	0
2	45910000	45920000	0	0
2	45920000	45930000	0	0
2	45930000	45940000	0	0
2	45940000	45950000	0	0
2	45950000	45960000	0	0
2	45960000	45970000	0	0
2	45970000	45980000	0	0
2	45980000	45990000	0	0
2	45990000	46000000	0	0
2	46000000	46010000	0	0
2	46010000	46020000	0	0
2	46020000	46030000	0	0
2	46030000	46040000	0	0
2	46040000	46050000	0	0
2	46050000	46060000	0	0
2	46060000	46070000	0	0
2	46070000	46080000	0	0
2	46080000	46090000	0	0
2	46090000	46100000	0	0
2	46100000	46110000	0	0
2	46110000	46120000	0	0
2	46120000	46130000	0	0
2	46130000	46140000	0	0
2	46140000	46150000	0	0
2	46150000	46160000	0	0
2	46160000	46170000	0	0
2	46170000	46180000	0	0
2	46180000	46190000	0	0
2	46190000	46200000	0	0
2	46200000	46210000	0	0
2	46210000	46220000	0	0
2	46220000	46230000	0	0
2	46230000	46240000	0	0
2	46240000	46250000	0	0
2	46250000	46260000	0	0
2	46260000	46270000	0	0
2	46270000	46280000	0	0
2	46280000	46290000	0	0
2	46290000	46300000	0	0
2	46300000	46310000	0	0
2	46310000	46320000	0	0
2	46320000	46330000	0	0
2	46330000	46340000	0	0
2	46340000	46350000	0	0
2	46350000	46360000	0	0
2	46360000	46370000	0	0
2	46370000	46380000	0	0
2	46380000	46390000	0	0
2	46390000	46400000	0	0
2	46400000	46410000	0	0
2	46410000	46420000	0	0
2	46420000	46430000	0	0
2	46430000	46440000	0	0
2	46440000	46450000	0	0
2	46450000	46460000	0	0
2	46460000	46470000	0	0
2	46470000	46480000	0	0
2	46480000	46490000	0	0
2	46490000	46500000	0	0
2	46500000	46510000	0	0
2	46510000	46520000	0	0
2	46520000	46530000	0	0
2	46530000	46540000	0	0
2	46540000	46550000	0	0
2	46550000	46560000	0	0
2	46560000	46570000	0	0
2	46570000	46580000	0	0
2	46580000	46590000	0	0
2	46590000	46600000	0	0
2	46600000	46610000	0	0
2	46610000	46620000	0	0
2	46620000	46630000	0	0
2	46630000	46640000	0	0
2	46640000	46650000	0	0
2	46650000	46660000	0	0
2	46660000	46670000	0	0
2	46670000	46680000	0	0
2	46680000	46690000	0	0
2	46690000	46700000	0	0
2	46700000	46710000	0	0
2	46710000	46720000	0	0
2	46720000	46730000	0	0
2	46730000	46740000	0	0
2	46740000	46750000	0	0
2	46750000	46760000	0	0
2	46760000	46770000	0	0
2	46770000	46780000	0	0
2	46780000	46790000	0	0
2	46790000	46800000	0	0
2	46800000	46810000	0	0
2	46810000	46820000	0	0
2	46820000	46830000	0	0
2	46830000	46840000	0	0
2	46840000	46850000	0	0
2	46850000	46860000	0	0
2	46860000	46870000	0	0
2	46870000	46880000	0	0
2	46880000	46890000	0	0
2	46890000	46900000	0	0
2	46900000	46910000	0	0
2	46910000	46920000	0	0
2	46920000	46930000	0	0
2	46930000	46940000	0	0
2	46940000	46950000	0	0
2	46950000	46960000	0	0
2	46960000	46970000	0	0
2	46970000	46980000	0	0
2	46980000	46990000	0	0
2	46990000	47000000	0	0
2	47000000	47010000	0	0
2	47010000	47020000	0	0
2	47020000	47030000	0	0
2	47030000	47040000	0	0
2	47040000	47050000	0	0
2	47050000	47060000	0	0
2	47060000	47070000	0	0
2	47070000	47080000	0	0
2	47080000	47090000	0	0
2	47090000	47100000	0	0
2	47100000	47110000	0	0
2	47110000	47120000	0	0
2	47120000	47130000	0	0
2	47130000	47140000	0	0
2	47140000	47150000	0	0
2	47150000	47160000	0	0
2	47160000	47170000	0	0
2	47170000	47180000	0	0
2	47180000	47190000	0	0
2	47190000	47200000	0	0
2	47200000	47210000	0	0
2	47210000	47220000	0	0
2	47220000	47230000	0	0
2	47230000	47240000	0	0
2	47240000	47250000	0	0
2	47250000	47260000	0	0
2	47260000	47270000	0	0
2	47270000	47280000	0	0
2	47280000	47290000	0	0
2	47290000	47300000	0	0
2	47300000	47310000	0	0
2	47310000	47320000	0	0
2	47320000	47330000	0	0
2	47330000	47340000	0	0
2	47340000	47350000	0	0
2	47350000	47360000	0	0
2	47360000	47370000	0	0
2	47370000	47380000	0	0
2	47380000	47390000	0	0
2	47390000	47400000	0	0
2	47400000	47410000	0	0
2	47410000	47420000	0	0
2	47420000	47430000	0	0
2	47430000	47440000	0	0
2	47440000	47450000	0	0
2	47450000	47460000	0	0
2	47460000	47470000	0	0
2	47470000	47480000	0	0
2	47480000	47490000	0	0
2	47490000	47500000	0	0
2	47500000	47510000	0	0
2	47510000	47520000	0	0
2	47520000	47530000	0	0
2	47530000	47540000	0	0
2	47540000	47550000	0	0
2	47550000	47560000	0	0
2	47560000	47570000	0	0
2	47570000	47580000	0	0
2	47580000	47590000	0	0
2	47590000	47600000	0	0
2	47600000	47610000	0	0
2	47610000	47620000	0	0
2	47620000	47630000	0	0
2	47630000	47640000	0	0
2	47640000	47650000	0	0
2	47650000	47660000	0	0
2	47660000	47670000	0	0
2	47670000	47680000	0	0
2	47680000	47690000	0	0
2	47690000	47700000	0	0
2	47700000	47710000	0	0
2	47710000	47720000	0	0
2	47720000	47730000	0	0
2	47730000	47740000	0	0
2	47740000	47750000	0	0
2	47750000	47760000	0	0
2	47760000	47770000	0	0
2	47770000	47780000	0	0
2	47780000	47790000	0	0
2	47790000	47800000	0	0
2	47800000	47810000	0	0
2	47810000	47820000	0	0
2	47820000	47830000	0	0
2	47830000	47840000	0	0
2	47840000	47850000	0	0
2	47850000	47860000	0	0
2	47860000	47870000	0	0
2	47870000	47880000	0	0
2	47880000	47890000	0	0
2	47890000	47900000	0	0
2	47900000	47910000	0	0
2	47910000	47920000	0	0
2	47920000	47930000	0	0
2	47930000	47940000	0	0
2	47940000	47950000	0	0
2	47950000	47960000	0	0
2	47960000	47970000	0	0
2	47970000	47980000	0	0
2	47980000	47990000	0	0
2	47990000	48000000	0	0
2	48000000	48010000	0	0
2	48010000	48020000	0	0
2	48020000	48030000	0	0
2	48030000	48040000	0	0
2	48040000	48050000	0	0
2	48050000	48060000	0	0
2	48060000	48070000	0	0
2	48070000	48080000	0	0
2	48080000	48090000	0	0
2	48090000	48100000	0	0
2	48100000	48110000	0	0
2	48110000	48120000	0	0
2	48120000	48130000	0	0
2	48130000	48140000	0	0
2	48140000	48150000	0	0
2	48150000	48160000	0	0
2	48160000	48170000	0	0
2	48170000	48180000	0	0
2	48180000	48190000	0	0
2	48190000	48200000	0	0
2	48200000	48210000	0	0
2	48210000	48220000	0	0
2	48220000	48230000	0	0
2	48230000	48240000	0	0
2	48240000	48250000	0	0
2	48250000	48260000	0	0
2	48260000	48270000	0	0
2	48270000	48280000	0	0
2	48280000	48290000	0	0
2	48290000	48300000	0	0
2	48300000	48310000	0	0
2	48310000	48320000	0	0
2	48320000	48330000	0	0
2	48330000	48340000	0	0
2	48340000	48350000	0	0
2	48350000	48360000	0	0
2	48360000	48370000	0	0
2	48370000	48380000	0	0
2	48380000	48390000	0	0
2	48390000	48400000	0	0
2	48400000	48410000	0	0
2	48410000	48420000	0	0
2	48420000	48430000	0	0
2	48430000	48440000	0	0
2	48440000	48450000	0	0
2	48450000	48460000	0	0
2	48460000	48470000	0	0
2	48470000	48480000	0	0
2	48480000	48490000	0	0
2	48490000	48500000	0	0
2	48500000	48510000	0	0
2	48510000	48520000	0	0
2	48520000	48530000	0	0
2	48530000	48540000	0	0
2	48540000	48550000	0	0
2	48550000	48560000	0	0
2	48560000	48570000	0	0
2	48570000	48580000	0	0
2	48580000	48590000	0	0
2	48590000	48600000	0	0
2	48600000	48610000	0	0
2	48610000	48620000	0	0
2	48620000	48630000	0	0
2	48630000	48640000	0	0
2	48640000	48650000	0	0
2	48650000	48660000	0	0
2	48660000	48670000	0	0
2	48670000	48680000	0	0
2	48680000	48690000	0	0
2	48690000	48700000	0	0
2	48700000	48710000	0	0
2	48710000	48720000	0	0
2	48720000	48730000	0	0
2	48730000	48740000	0	0
2	48740000	48750000	0	0
2	48750000	48760000	0	0
2	48760000	48770000	0	0
2	48770000	48780000	0	0
2	48780000	48790000	0	0
2	48790000	48800000	0	0
2	48800000	48810000	0	0
2	48810000	48820000	0	0
2	48820000	48830000	0	0
2	48830000	48840000	0	0
2	48840000	48850000	0	0
2	48850000	48860000	0	0
2	48860000	48870000	0	0
2	48870000	48880000	0	0
2	48880000	48890000	0	0
2	48890000	48900000	0	0
2	48900000	48910000	0	0
2	48910000	48920000	0	0
2	48920000	48930000	0	0
2	48930000	48940000	0	0
2	48940000	48950000	0	0
2	48950000	48960000	0	0
2	48960000	48970000	0	0
2	48970000	48980000	0	0
2	48980000	48990000	0	0
2	48990000	49000000	0	0
2	49000000	49010000	0	0
2	49010000	49020000	0	0
2	49020000	49030000	0	0
2	49030000	49040000	0	0
2	49040000	49050000	0	0
2	49050000	49060000	0	0
2	49060000	49070000	0	0
2	49070000	49080000	0	0
2	49080000	49090000	0	0
2	49090000	49100000	0	0
2	49100000	49110000	0	0
2	49110000	49120000	0	0
2	49120000	49130000	0	0
2	49130000	49140000	0	0
2	49140000	49150000	0	0
2	49150000	49160000	0	0
2	49160000	49170000	0	0
2	49170000	49180000	0	0
2	49180000	49190000	0	0
2	49190000	49200000	0	0
2	49200000	49210000	0	0
2	49210000	49220000	0	0
2	49220000	49230000	0	0
2	49230000	49240000	0	0
2	49240000	49250000	0	0
2	49250000	49260000	0	0
2	49260000	49270000	0	0
2	49270000	49280000	0	0
2	49280000	49290000	0	0
2	49290000	49300000	0	0
2	49300000	49310000	0	0
2	49310000	49320000	0	0
2	49320000	49330000	0	0
2	49330000	49340000	0	0
2	49340000	49350000	0	0
2	49350000	49360000	0	0
2	49360000	49370000	0	0
2	49370000	49380000	0	0
2	49380000	49390000	0	0
2	49390000	49400000	0	0
2	49400000	49410000	0	0
2	49410000	49420000	0	0
2	49420000	49430000	0	0
2	49430000	49440000	0	0
2	49440000	49450000	0	0
2	49450000	49460000	0	0
2	49460000	49470000	0	0
2	49470000	49480000	0	0
2	49480000	49490000	0	0
2	49490000	49500000	0	0
2	49500000	49510000	0	0
2	49510000	49520000	0	0
2	49520000	49530000	0	0
2	49530000	49540000	0	0
2	49540000	49550000	0	0
2	49550000	49560000	0	0
2	49560000	49570000	0	0
2	49570000	49580000	0	0
2	49580000	49590000	0	0
2	49590000	49600000	0	0
2	49600000	49610000	0	0
2	49610000	49620000	0	0
2	49620000	49630000	0	0
2	49630000	49640000	0	0
2	49640000	49650000	0	0
2	49650000	49660000	0	0
2	49660000	49670000	0	0
2	49670000	49680000	0	0
2	49680000	49690000	0	0
2	49690000	49700000	0	0
2	49700000	49710000	0	0
2	49710000	49720000	0	0
2	49720000	49730000	0	0
2	49730000	49740000	0	0
2	49740000	49750000	0	0
2	49750000	49760000	0	0
2	49760000	49770000	0	0
2	49770000	49780000	0	0
2	49780000	49790000	0	0
2	49790000	49800000	0	0
2	49800000	49810000	0	0
2	49810000	49820000	0	0
2	49820000	49830000	0	0
2	49830000	49840000	0	0
2	49840000	49850000	0	0
2	49850000	49860000	0	0
2	49860000	49870000	0	0
2	49870000	49880000	0	0
2	49880000	49890000	0	0
2	49890000	49900000	0	0
2	49900000	49910000	0	0
2	49910000	49920000	0	0
2	49920000	49930000	0	0
2	49930000	49940000	0	0
2	49940000	49950000	0	0
2	49950000	49960000	0	0
2	49960000	49970000	0	0
2	49970000	49980000	0	0
2	49980000	49990000	0	0
2	49990000	50000000	0	0
2	50000000	50010000	0	0
2	50010000	50020000	0	0
2	50020000	50030000	0	0
2	50030000	50040000	0	0
2	50040000	50050000	0	0
2	50050000	50060000	0	0
2	50060000	50070000	0	0
2	50070000	50080000	0	0
2	50080000	50090000	0	0
2	50090000	50100000	0	0
2	50100000	50110000	0	0
2	50110000	50120000	0	0
2	50120000	50130000	0	0
2	50130000	50140000	0	0
2	50140000	50150000	0	0
2	50150000	50160000	0	0
2	50160000	50170000	0	0
2	50170000	50180000	0	0
2	50180000	50190000	0	0
2	50190000	50200000	0	0
2	50200000	50210000	0	0
2	50210000	50220000	0	0
2	50220000	50230000	0	0
2	50230000	50240000	0	0
2	50240000	50250000	0	0
2	50250000	50260000	0	0
2	50260000	50270000	0	0
2	50270000	50280000	0	0
2	50280000	50290000	0	0
2	50290000	50300000	0	0
2	50300000	50310000	0	0
2	50310000	50320000	0	0
2	50320000	50330000	0	0
2	50330000	50340000	0	0
2	50340000	50350000	0	0
2	50350000	50360000	0	0
2	50360000	50370000	0	0
2	50370000	50380000	0	0
2	50380000	50390000	0	0
2	50390000	50400000	0	0
2	50400000	50410000	0	0
2	50410000	50420000	0	0
2	50420000	50430000	0	0
2	50430000	50440000	0	0
2	50440000	50450000	0	0
2	50450000	50460000	0	0
2	50460000	50470000	0	0
2	50470000	50480000	0	0
2	50480000	50490000	0	0
2	50490000	50500000	0	0
2	50500000	50510000	0	0
2	50510000	50520000	0	0
2	50520000	50530000	0	0
2	50530000	50540000	0	0
2	50540000	50550000	0	0
2	50550000	50560000	0	0
2	50560000	50570000	0	0
2	50570000	50580000	0	0
2	50580000	50590000	0	0
2	50590000	50600000	0	0
2	50600000	50610000	0	0
2	50610000	50620000	0	0
2	50620000	50630000	0	0
2	50630000	50640000	0	0
2	50640000	50650000	0	0
2	50650000	50660000	0	0
2	50660000	50670000	0	0
2	50670000	50680000	0	0
2	50680000	50690000	0	0
2	50690000	50700000	0	0
2	50700000	50710000	0	0
2	50710000	50720000	0	0
2	50720000	50730000	0	0
2	50730000	50740000	0	0
2	50740000	50750000	0	0
2	50750000	50760000	0	0
2	50760000	50770000	0	0
2	50770000	50780000	0	0
2	50780000	50790000	0	0
2	50790000	50800000	0	0
2	50800000	50810000	0	0
2	50810000	50820000	0	0
2	50820000	50830000	0	0
2	50830000	50840000	0	0
2	50840000	50850000	0	0
2	50850000	50860000	0	0
2	50860000	50870000	0	0
2	50870000	50880000	0	0
2	50880000	50890000	0	0
2	50890000	50900000	0	0
2	50900000	50910000	0	0
2	50910000	50920000	0	0
2	50920000	50930000	0	0
2	50930000	50940000	0	0
2	50940000	50950000	0	0
2	50950000	50960000	0	0
2	50960000	50970000	0	0
2	50970000	50980000	0	0
2	50980000	50990000	0	0
2	50990000	51000000	0	0
2	51000000	51010000	0	0
2	51010000	51020000	0	0
2	51020000	51030000	0	0
2	51030000	51040000	0	0
2	51040000	51050000	0	0
2	51050000	51060000	0	0
2	51060000	51070000	0	0
2	51070000	51080000	0	0
2	51080000	51090000	0	0
2	51090000	51100000	0	0
2	51100000	51110000	0	0
2	51110000	51120000	0	0
2	51120000	51130000	0	0
2	51130000	51140000	0	0
2	51140000	51150000	0	0
2	51150000	51160000	0	0
2	51160000	51170000	0	0
2	51170000	51180000	0	0
2	51180000	51190000	0	0
2	51190000	51200000	0	0
2	51200000	51210000	0	0
2	51210000	51220000	0	0
2	51220000	51230000	0	0
2	51230000	51240000	0	0
2	51240000	51250000	0	0
2	51250000	51260000	0	0
2	51260000	51270000	0	0
2	51270000	51280000	0	0
2	51280000	51290000	0	0
2	51290000	51300000	0	0
2	51300000	51310000	0	0
2	51310000	51320000	0	0
2	51320000	51330000	0	0
2	51330000	51340000	0	0
2	51340000	51350000	0	0
2	51350000	51360000	0	0
2	51360000	51370000	0	0
2	51370000	51380000	0	0
2	51380000	51390000	0	0
2	51390000	51400000	0	0
2	51400000	51410000	0	0
2	51410000	51420000	0	0
2	51420000	51430000	0	0
2	51430000	51440000	0	0
2	51440000	51450000	0	0
2	51450000	51460000	0	0
2	51460000	51470000	0	0
2	51470000	51480000	0	0
2	51480000	51490000	0	0
2	51490000	51500000	0	0
2	51500000	51510000	0	0
2	51510000	51520000	0	0
2	51520000	51530000	0	0
2	51530000	51540000	0	0
2	51540000	51550000	0	0
2	51550000	51560000	0	0
2	51560000	51570000	0	0
2	51570000	51580000	0	0
2	51580000	51590000	0	0
2	51590000	51600000	0	0
2	51600000	51610000	0	0
2	51610000	51620000	0	0
2	51620000	51630000	0	0
2	51630000	51640000	0	0
2	51640000	51650000	0	0
2	51650000	51660000	0	0
2	51660000	51670000	0	0
2	51670000	51680000	0	0
2	51680000	51690000	0	0
2	51690000	51700000	0	0
2	51700000	51710000	0	0
2	51710000	51720000	0	0
2	51720000	51730000	0	0
2	51730000	51740000	0	0
2	51740000	51750000	0	0
2	51750000	51760000	0	0
2	51760000	51770000	0	0
2	51770000	51780000	0	0
2	51780000	51790000	0	0
2	51790000	51800000	0	0
2	51800000	51810000	0	0
2	51810000	51820000	0	0
2	51820000	51830000	0	0
2	51830000	51840000	0	0
2	51840000	51850000	0	0
2	51850000	51860000	0	0
2	51860000	51870000	0	0
2	51870000	51880000	0	0
2	51880000	51890000	0	0
2	51890000	51900000	0	0
2	51900000	51910000	0	0
2	51910000	51920000	0	0
2	51920000	51930000	0	0
2	51930000	51940000	0	0
2	51940000	51950000	0	0
2	51950000	51960000	0	0
2	51960000	51970000	0	0
2	51970000	51980000	0	0
2	51980000	51990000	0	0
2	51990000	52000000	0	0
2	52000000	52010000	0	0
2	52010000	52020000	0	0
2	52020000	52030000	0	0
2	52030000	52040000	0	0
2	52040000	52050000	0	0
2	52050000	52060000	0	0
2	52060000	52070000	0	0
2	52070000	52080000	0	0
2	52080000	52090000	0	0
2	52090000	52100000	0	0
2	52100000	52110000	0	0
2	52110000	52120000	0	0
2	52120000	52130000	0	0
2	52130000	52140000	0	0
2	52140000	52150000	0	0
2	52150000	52160000	0	0
2	52160000	52170000	0	0
2	52170000	52180000	0	0
2	52180000	52190000	0	0
2	52190000	52200000	0	0
2	52200000	52210000	0	0
2	52210000	52220000	0	0
2	52220000	52230000	0	0
2	52230000	52240000	0	0
2	52240000	52250000	0	0
2	52250000	52260000	0	0
2	52260000	52270000	0	0
2	52270000	52280000	0	0
2	52280000	52290000	0	0
2	52290000	52300000	0	0
2	52300000	52310000	0	0
2	52310000	52320000	0	0
2	52320000	52330000	0	0
2	52330000	52340000	0	0
2	52340000	52350000	0	0
2	52350000	52360000	0	0
2	52360000	52370000	0	0
2	52370000	52380000	0	0
2	52380000	52390000	0	0
2	52390000	52400000	0	0
2	52400000	52410000	0	0
2	52410000	52420000	0	0
2	52420000	52430000	0	0
2	52430000	52440000	0	0
2	52440000	52450000	0	0
2	52450000	52460000	0	0
2	52460000	52470000	0	0
2	52470000	52480000	0	0
2	52480000	52490000	0	0
2	52490000	52500000	0	0
2	52500000	52510000	0	0
2	52510000	52520000	0	0
2	52520000	52530000	0	0
2	52530000	52540000	0	0
2	52540000	52550000	0	0
2	52550000	52560000	0	0
2	52560000	52570000	0	0
2	52570000	52580000	0	0
2	52580000	52590000	0	0
2	52590000	52600000	0	0
2	52600000	52610000	0	0
2	52610000	52620000	0	0
2	52620000	52630000	0	0
2	52630000	52640000	0	0
2	52640000	52650000	0	0
2	52650000	52660000	0	0
2	52660000	52670000	0	0
2	52670000	52680000	0	0
2	52680000	52690000	0	0
2	52690000	52700000	0	0
2	52700000	52710000	0	0
2	52710000	52720000	0	0
2	52720000	52730000	0	0
2	52730000	52740000	0	0
2	52740000	52750000	0	0
2	52750000	52760000	0	0
2	52760000	52770000	0	0
2	52770000	52780000	0	0
2	52780000	52790000	0	0
2	52790000	52800000	0	0
2	52800000	52810000	0	0
2	52810000	52820000	0	0
2	52820000	52830000	0	0
2	52830000	52840000	0	0
2	52840000	52850000	0	0
2	52850000	52860000	0	0
2	52860000	52870000	0	0
2	52870000	52880000	0	0
2	52880000	52890000	0	0
2	52890000	52900000	0	0
2	52900000	52910000	0	0
2	52910000	52920000	0	0
2	52920000	52930000	0	0
2	52930000	52940000	0	0
2	52940000	52950000	0	0
2	52950000	52960000	0	0
2	52960000	52970000	0	0
2	52970000	52980000	0	0
2	52980000	52990000	0	0
2	52990000	53000000	0	0
2	53000000	53010000	0	0
2	53010000	53020000	0	0
2	53020000	53030000	0	0
2	53030000	53040000	0	0
2	53040000	53050000	0	0
2	53050000	53060000	0	0
2	53060000	53070000	0	0
2	53070000	53080000	0	0
2	53080000	53090000	0	0
2	53090000	53100000	0	0
2	53100000	53110000	0	0
2	53110000	53120000	0	0
2	53120000	53130000	0	0
2	53130000	53140000	0	0
2	53140000	53150000	0	0
2	53150000	53160000	0	0
2	53160000	53170000	0	0
2	53170000	53180000	0	0
2	53180000	53190000	0	0
2	53190000	53200000	0	0
2	53200000	53210000	0	0
2	53210000	53220000	0	0
2	53220000	53230000	0	0
2	53230000	53240000	0	0
2	53240000	53250000	0	0
2	53250000	53260000	0	0
2	53260000	53270000	0	0
2	53270000	53280000	0	0
2	53280000	53290000	0	0
2	53290000	53300000	0	0
2	53300000	53310000	0	0
2	53310000	53320000	0	0
2	53320000	53330000	0	0
2	53330000	53340000	0	0
2	53340000	53350000	0	0
2	53350000	53360000	0	0
2	53360000	53370000	0	0
2	53370000	53380000	0	0
2	53380000	53390000	0	0
2	53390000	53400000	0	0
2	53400000	53410000	0	0
2	53410000	53420000	0	0
2	53420000	53430000	0	0
2	53430000	53440000	0	0
2	53440000	53450000	0	0
2	53450000	53460000	0	0
2	53460000	53470000	0	0
2	53470000	53480000	0	0
2	53480000	53490000	0	0
2	53490000	53500000	0	0
2	53500000	53510000	0	0
2	53510000	53520000	0	0
2	53520000	53530000	0	0
2	53530000	53540000	0	0
2	53540000	53550000	0	0
2	53550000	53560000	0	0
2	53560000	53570000	0	0
2	53570000	53580000	0	0
2	53580000	53590000	0	0
2	53590000	53600000	0	0
2	53600000	53610000	0	0
2	53610000	53620000	0	0
2	53620000	53630000	0	0
2	53630000	53640000	0	0
2	53640000	53650000	0	0
2	53650000	53660000	0	0
2	53660000	53670000	0	0
2	53670000	53680000	0	0
2	53680000	53690000	0	0
2	53690000	53700000	0	0
2	53700000	53710000	0	0
2	53710000	53720000	0	0
2	53720000	53730000	0	0
2	53730000	53740000	0	0
2	53740000	53750000	0	0
2	53750000	53760000	0	0
2	53760000	53770000	0	0
2	53770000	53780000	0	0
2	53780000	53790000	0	0
2	53790000	53800000	0	0
2	53800000	53810000	0	0
2	53810000	53820000	0	0
2	53820000	53830000	0	0
2	53830000	53840000	0	0
2	53840000	53850000	0	0
2	53850000	53860000	0	0
2	53860000	53870000	0	0
2	53870000	53880000	0	0
2	53880000	53890000	0	0
2	53890000	53900000	0	0
2	53900000	53910000	0	0
2	53910000	53920000	0	0
2	53920000	53930000	0	0
2	53930000	53940000	0	0
2	53940000	53950000	0	0
2	53950000	53960000	0	0
2	53960000	53970000	0	0
2	53970000	53980000	0	0
2	53980000	53990000	0	0
2	53990000	54000000	0	0
2	54000000	54010000	0	0
2	54010000	54020000	0	0
2	54020000	54030000	0	0
2	54030000	54040000	0	0
2	54040000	54050000	0	0
2	54050000	54060000	0	0
2	54060000	54070000	0	0
2	54070000	54080000	0	0
2	54080000	54090000	0	0
2	54090000	54100000	0	0
2	54100000	54110000	0	0
2	54110000	54120000	0	0
2	54120000	54130000	0	0
2	54130000	54140000	0	0
2	54140000	54150000	0	0
2	54150000	54160000	0	0
2	54160000	54170000	0	0
2	54170000	54180000	0	0
2	54180000	54190000	0	0
2	54190000	54200000	0	0
2	54200000	54210000	0	0
2	54210000	54220000	0	0
2	54220000	54230000	0	0
2	54230000	54240000	0	0
2	54240000	54250000	0	0
2	54250000	54260000	0	0
2	54260000	54270000	0	0
2	54270000	54280000	0	0
2	54280000	54290000	0	0
2	54290000	54300000	0	0
2	54300000	54310000	0	0
2	54310000	54320000	0	0
2	54320000	54330000	0	0
2	54330000	54340000	0	0
2	54340000	54350000	0	0
2	54350000	54360000	0	0
2	54360000	54370000	0	0
2	54370000	54380000	0	0
2	54380000	54390000	0	0
2	54390000	54400000	0	0
2	54400000	54410000	0	0
2	54410000	54420000	0	0
2	54420000	54430000	0	0
2	54430000	54440000	0	0
2	54440000	54450000	0	0
2	54450000	54460000	0	0
2	54460000	54470000	0	0
2	54470000	54480000	0	0
2	54480000	54490000	0	0
2	54490000	54500000	0	0
2	54500000	54510000	0	0
2	54510000	54520000	0	0
2	54520000	54530000	0	0
2	54530000	54540000	0	0
2	54540000	54550000	0	0
