barcode,x,y,spot
GTGTTCTACGCATACA,69.7,22.9,pseudospot_1021
TAGGATGACGACTGGA,69.7,22.9,pseudospot_1021
GTGTTCTACGACTGGA,69.7,22.9,pseudospot_1021
TAGGATGACGCATACA,69.7,22.9,pseudospot_1021
GTGTTCTACTCAATGA,29.7,46.9,pseudospot_1022
GTGTTCTACTGAGCCA,29.7,46.9,pseudospot_1022
TAGGATGACTGAGCCA,29.7,46.9,pseudospot_1022
TAGGATGACTCAATGA,29.7,46.9,pseudospot_1022
GTGTTCTACTGGCATA,92.4,26.9,pseudospot_1023
GTGTTCTAGAATCTGA,92.4,26.9,pseudospot_1023
TAGGATGACTGGCATA,92.4,26.9,pseudospot_1023
TAGGATGAGAATCTGA,92.4,26.9,pseudospot_1023
GTGTTCTAGAGCTGAA,97.1,10.1,pseudospot_1024
TAGGATGAGAGCTGAA,97.1,10.1,pseudospot_1024
GTGTTCTACAAGACTA,97.1,10.1,pseudospot_1024
TAGGATGACAAGACTA,97.1,10.1,pseudospot_1024
TAGGATGAGCCACATA,94.4,16.7,pseudospot_1025
TAGGATGAGATAGACA,94.4,16.7,pseudospot_1025
GTGTTCTAGATAGACA,94.4,16.7,pseudospot_1025
GTGTTCTAGCCACATA,94.4,16.7,pseudospot_1025
TAGGATGAGCTAACGA,47.4,14.7,pseudospot_1026
TAGGATGAGCGAGTAA,47.4,14.7,pseudospot_1026
GTGTTCTAGCGAGTAA,47.4,14.7,pseudospot_1026
GTGTTCTAGCTAACGA,47.4,14.7,pseudospot_1026
TAGGATGAGCTCGGTA,86.2,97.3,pseudospot_1027
GTGTTCTAGCTCGGTA,86.2,97.3,pseudospot_1027
TAGGATGAGGAGAACA,86.2,97.3,pseudospot_1027
GTGTTCTAGGAGAACA,86.2,97.3,pseudospot_1027
GTGTTCTAGGTGCGAA,84.5,75.9,pseudospot_1028
TAGGATGAGTACGCAA,84.5,75.9,pseudospot_1028
TAGGATGAGGTGCGAA,84.5,75.9,pseudospot_1028
GTGTTCTAGTACGCAA,84.5,75.9,pseudospot_1028
TAGGATGAGTCGTAGA,31.9,96.8,pseudospot_1029
GTGTTCTAGTCGTAGA,31.9,96.8,pseudospot_1029
GTGTTCTAGTCTGTCA,31.9,96.8,pseudospot_1029
TAGGATGAGTCTGTCA,31.9,96.8,pseudospot_1029
GTGTTCTAGTGTTCTA,82.9,44.0,pseudospot_1030
TAGGATGAGTGTTCTA,82.9,44.0,pseudospot_1030
GTGTTCTATAGGATGA,82.9,44.0,pseudospot_1030
TAGGATGATAGGATGA,82.9,44.0,pseudospot_1030
GTGTTCTATATCAGCA,3.7,27.8,pseudospot_1031
TAGGATGATATCAGCA,3.7,27.8,pseudospot_1031
GTGTTCTATCCGTCTA,3.7,27.8,pseudospot_1031
TAGGATGATCCGTCTA,3.7,27.8,pseudospot_1031
TAGGATGATCTTCACA,59.6,79.8,pseudospot_1032
TAGGATGATGAAGAGA,59.6,79.8,pseudospot_1032
GTGTTCTATGAAGAGA,59.6,79.8,pseudospot_1032
GTGTTCTATCTTCACA,59.6,79.8,pseudospot_1032
TAGGATGATGGAACAA,23.0,32.6,pseudospot_1033
GTGTTCTATGGCTTCA,23.0,32.6,pseudospot_1033
TAGGATGATGGCTTCA,23.0,32.6,pseudospot_1033
GTGTTCTATGGAACAA,23.0,32.6,pseudospot_1033
TAGGATGATTCACGCA,12.1,29.9,pseudospot_1034
TAGGATGATGGTGGTA,12.1,29.9,pseudospot_1034
GTGTTCTATGGTGGTA,12.1,29.9,pseudospot_1034
GTGTTCTATTCACGCA,12.1,29.9,pseudospot_1034
GTGTTCTAAACTCACC,7.7,23.3,pseudospot_1035
GTGTTCTAAAGAGATC,7.7,23.3,pseudospot_1035
TAGGATGAAACTCACC,7.7,23.3,pseudospot_1035
TAGGATGAAAGAGATC,7.7,23.3,pseudospot_1035
GTGTTCTAAATCCGTC,69.6,13.0,pseudospot_1036
TAGGATGAAATCCGTC,69.6,13.0,pseudospot_1036
GTGTTCTAAAGGACAC,69.6,13.0,pseudospot_1036
TAGGATGAAAGGACAC,69.6,13.0,pseudospot_1036
TAGGATGAAATGTTGC,34.0,25.6,pseudospot_1037
GTGTTCTAACACGACC,34.0,25.6,pseudospot_1037
TAGGATGAACACGACC,34.0,25.6,pseudospot_1037
GTGTTCTAAATGTTGC,34.0,25.6,pseudospot_1037
GTGTTCTAAGATGTAC,72.5,35.5,pseudospot_1038
TAGGATGAAGATGTAC,72.5,35.5,pseudospot_1038
TAGGATGAACAGATTC,72.5,35.5,pseudospot_1038
GTGTTCTAACAGATTC,72.5,35.5,pseudospot_1038
GTGTTCTAAGCACCTC,6.5,67.4,pseudospot_1039
TAGGATGAAGCACCTC,6.5,67.4,pseudospot_1039
TAGGATGAAGCCATGC,6.5,67.4,pseudospot_1039
GTGTTCTAAGCCATGC,6.5,67.4,pseudospot_1039
GTGTTCTAATAGCGAC,31.5,6.3,pseudospot_1040
TAGGATGAATAGCGAC,31.5,6.3,pseudospot_1040
GTGTTCTAAGGCTAAC,31.5,6.3,pseudospot_1040
TAGGATGAAGGCTAAC,31.5,6.3,pseudospot_1040
TAGGATGAATTGGCTC,53.9,21.1,pseudospot_1041
GTGTTCTAATTGGCTC,53.9,21.1,pseudospot_1041
TAGGATGAATCATTCC,53.9,21.1,pseudospot_1041
GTGTTCTAATCATTCC,53.9,21.1,pseudospot_1041
GTGTTCTACAAGGAGC,79.1,80.9,pseudospot_1042
GTGTTCTACACCTTAC,79.1,80.9,pseudospot_1042
TAGGATGACACCTTAC,79.1,80.9,pseudospot_1042
TAGGATGACAAGGAGC,79.1,80.9,pseudospot_1042
GTGTTCTACCATCCTC,31.9,14.7,pseudospot_1043
GTGTTCTACCGACAAC,31.9,14.7,pseudospot_1043
TAGGATGACCGACAAC,31.9,14.7,pseudospot_1043
TAGGATGACCATCCTC,31.9,14.7,pseudospot_1043
GTGTTCTACCTCTATC,62.6,34.3,pseudospot_1044
TAGGATGACCTAATCC,62.6,34.3,pseudospot_1044
GTGTTCTACCTAATCC,62.6,34.3,pseudospot_1044
TAGGATGACCTCTATC,62.6,34.3,pseudospot_1044
TAGGATGACGGATTGC,88.6,86.5,pseudospot_1045
GTGTTCTACGACACAC,88.6,86.5,pseudospot_1045
GTGTTCTACGGATTGC,88.6,86.5,pseudospot_1045
TAGGATGACGACACAC,88.6,86.5,pseudospot_1045
TAGGATGAGAACAGGC,61.6,15.5,pseudospot_1046
GTGTTCTACTAAGGTC,61.6,15.5,pseudospot_1046
GTGTTCTAGAACAGGC,61.6,15.5,pseudospot_1046
TAGGATGACTAAGGTC,61.6,15.5,pseudospot_1046
TAGGATGAGAGTTAGC,23.3,8.3,pseudospot_1047
GTGTTCTAGAGTTAGC,23.3,8.3,pseudospot_1047
GTGTTCTAGACAGTGC,23.3,8.3,pseudospot_1047
TAGGATGAGACAGTGC,23.3,8.3,pseudospot_1047
GTGTTCTAGCCAAGAC,2.4,48.5,pseudospot_1048
TAGGATGAGATGAATC,2.4,48.5,pseudospot_1048
GTGTTCTAGATGAATC,2.4,48.5,pseudospot_1048
TAGGATGAGCCAAGAC,2.4,48.5,pseudospot_1048
TAGGATGAGTGACAAG,87.0,30.2,pseudospot_1049
GTGTTCTACGGAAGAA,87.0,30.2,pseudospot_1049
GTGTTCTAGTGACAAG,87.0,30.2,pseudospot_1049
TAGGATGACGGAAGAA,87.0,30.2,pseudospot_1049
TAGGATGATTGCTGGA,2.1,56.3,pseudospot_1050
GTGTTCTATTGCTGGA,2.1,56.3,pseudospot_1050
TAGGATGAGAACCAGA,2.1,56.3,pseudospot_1050
GTGTTCTAGAACCAGA,2.1,56.3,pseudospot_1050
GTCTGTCACGACTGGA,29.6,31.4,pseudospot_1071
GTCGTAGACGCATACA,29.6,31.4,pseudospot_1071
GTCGTAGACGACTGGA,29.6,31.4,pseudospot_1071
GTCTGTCACGCATACA,29.6,31.4,pseudospot_1071
GTCTGTCACTGAGCCA,23.4,53.8,pseudospot_1072
GTCGTAGACTCAATGA,23.4,53.8,pseudospot_1072
GTCGTAGACTGAGCCA,23.4,53.8,pseudospot_1072
GTCTGTCACTCAATGA,23.4,53.8,pseudospot_1072
GTCGTAGACTGGCATA,4.2,84.0,pseudospot_1073
GTCTGTCACTGGCATA,4.2,84.0,pseudospot_1073
GTCTGTCAGAATCTGA,4.2,84.0,pseudospot_1073
GTCGTAGAGAATCTGA,4.2,84.0,pseudospot_1073
GTCGTAGAGAGCTGAA,1.8,98.9,pseudospot_1074
GTCGTAGACAAGACTA,1.8,98.9,pseudospot_1074
GTCTGTCAGAGCTGAA,1.8,98.9,pseudospot_1074
GTCTGTCACAAGACTA,1.8,98.9,pseudospot_1074
GTCGTAGAGCCACATA,98.8,89.0,pseudospot_1075
GTCTGTCAGCCACATA,98.8,89.0,pseudospot_1075
GTCTGTCAGATAGACA,98.8,89.0,pseudospot_1075
GTCGTAGAGATAGACA,98.8,89.0,pseudospot_1075
GTCGTAGAGCTAACGA,42.8,37.1,pseudospot_1076
GTCGTAGAGCGAGTAA,42.8,37.1,pseudospot_1076
GTCTGTCAGCTAACGA,42.8,37.1,pseudospot_1076
GTCTGTCAGCGAGTAA,42.8,37.1,pseudospot_1076
GTCTGTCAGGAGAACA,38.4,19.5,pseudospot_1077
GTCTGTCAGCTCGGTA,38.4,19.5,pseudospot_1077
GTCGTAGAGGAGAACA,38.4,19.5,pseudospot_1077
GTCGTAGAGCTCGGTA,38.4,19.5,pseudospot_1077
GTCGTAGAGTACGCAA,68.0,48.9,pseudospot_1078
GTCTGTCAGGTGCGAA,68.0,48.9,pseudospot_1078
GTCTGTCAGTACGCAA,68.0,48.9,pseudospot_1078
GTCGTAGAGGTGCGAA,68.0,48.9,pseudospot_1078
GTCTGTCAGTCGTAGA,21.8,74.2,pseudospot_1079
GTCGTAGAGTCTGTCA,21.8,74.2,pseudospot_1079
GTCTGTCAGTCTGTCA,21.8,74.2,pseudospot_1079
GTCGTAGAGTCGTAGA,21.8,74.2,pseudospot_1079
GTCGTAGAGTGTTCTA,95.0,49.3,pseudospot_1080
GTCTGTCATAGGATGA,95.0,49.3,pseudospot_1080
GTCGTAGATAGGATGA,95.0,49.3,pseudospot_1080
GTCTGTCAGTGTTCTA,95.0,49.3,pseudospot_1080
GTCTGTCATATCAGCA,78.6,48.3,pseudospot_1081
GTCGTAGATATCAGCA,78.6,48.3,pseudospot_1081
GTCGTAGATCCGTCTA,78.6,48.3,pseudospot_1081
GTCTGTCATCCGTCTA,78.6,48.3,pseudospot_1081
GTCTGTCATGAAGAGA,8.9,83.8,pseudospot_1082
GTCGTAGATGAAGAGA,8.9,83.8,pseudospot_1082
GTCGTAGATCTTCACA,8.9,83.8,pseudospot_1082
GTCTGTCATCTTCACA,8.9,83.8,pseudospot_1082
GTCTGTCATGGCTTCA,41.8,36.1,pseudospot_1083
GTCTGTCATGGAACAA,41.8,36.1,pseudospot_1083
GTCGTAGATGGAACAA,41.8,36.1,pseudospot_1083
GTCGTAGATGGCTTCA,41.8,36.1,pseudospot_1083
GTCTGTCATTCACGCA,87.9,86.0,pseudospot_1084
GTCGTAGATTCACGCA,87.9,86.0,pseudospot_1084
GTCTGTCATGGTGGTA,87.9,86.0,pseudospot_1084
GTCGTAGATGGTGGTA,87.9,86.0,pseudospot_1084
GTCGTAGAAACTCACC,94.5,40.7,pseudospot_1085
GTCTGTCAAAGAGATC,94.5,40.7,pseudospot_1085
GTCTGTCAAACTCACC,94.5,40.7,pseudospot_1085
GTCGTAGAAAGAGATC,94.5,40.7,pseudospot_1085
GTCGTAGAAAGGACAC,46.7,32.8,pseudospot_1086
GTCGTAGAAATCCGTC,46.7,32.8,pseudospot_1086
GTCTGTCAAAGGACAC,46.7,32.8,pseudospot_1086
GTCTGTCAAATCCGTC,46.7,32.8,pseudospot_1086
GTCTGTCAACACGACC,61.3,45.4,pseudospot_1087
GTCGTAGAACACGACC,61.3,45.4,pseudospot_1087
GTCGTAGAAATGTTGC,61.3,45.4,pseudospot_1087
GTCTGTCAAATGTTGC,61.3,45.4,pseudospot_1087
GTCTGTCAAGATGTAC,16.7,76.2,pseudospot_1088
GTCGTAGAAGATGTAC,16.7,76.2,pseudospot_1088
GTCGTAGAACAGATTC,16.7,76.2,pseudospot_1088
GTCTGTCAACAGATTC,16.7,76.2,pseudospot_1088
GTCTGTCAAGCCATGC,99.1,12.6,pseudospot_1089
GTCGTAGAAGCCATGC,99.1,12.6,pseudospot_1089
GTCTGTCAAGCACCTC,99.1,12.6,pseudospot_1089
GTCGTAGAAGCACCTC,99.1,12.6,pseudospot_1089
GTCTGTCAATAGCGAC,23.2,19.6,pseudospot_1090
GTCGTAGAATAGCGAC,23.2,19.6,pseudospot_1090
GTCTGTCAAGGCTAAC,23.2,19.6,pseudospot_1090
GTCGTAGAAGGCTAAC,23.2,19.6,pseudospot_1090
GTCGTAGAATTGGCTC,94.3,95.1,pseudospot_1091
GTCTGTCAATTGGCTC,94.3,95.1,pseudospot_1091
GTCTGTCAATCATTCC,94.3,95.1,pseudospot_1091
GTCGTAGAATCATTCC,94.3,95.1,pseudospot_1091
GTCGTAGACAAGGAGC,65.0,17.5,pseudospot_1092
GTCGTAGACACCTTAC,65.0,17.5,pseudospot_1092
GTCTGTCACACCTTAC,65.0,17.5,pseudospot_1092
GTCTGTCACAAGGAGC,65.0,17.5,pseudospot_1092
GTCTGTCACCATCCTC,60.8,56.8,pseudospot_1093
GTCTGTCACCGACAAC,60.8,56.8,pseudospot_1093
GTCGTAGACCATCCTC,60.8,56.8,pseudospot_1093
GTCGTAGACCGACAAC,60.8,56.8,pseudospot_1093
GTCTGTCACCTCTATC,51.3,57.9,pseudospot_1094
GTCGTAGACCTCTATC,51.3,57.9,pseudospot_1094
GTCTGTCACCTAATCC,51.3,57.9,pseudospot_1094
GTCGTAGACCTAATCC,51.3,57.9,pseudospot_1094
GTCGTAGACGGATTGC,23.1,49.0,pseudospot_1095
GTCTGTCACGACACAC,23.1,49.0,pseudospot_1095
GTCTGTCACGGATTGC,23.1,49.0,pseudospot_1095
GTCGTAGACGACACAC,23.1,49.0,pseudospot_1095
GTCTGTCAGAACAGGC,17.7,64.5,pseudospot_1096
GTCTGTCACTAAGGTC,17.7,64.5,pseudospot_1096
GTCGTAGACTAAGGTC,17.7,64.5,pseudospot_1096
GTCGTAGAGAACAGGC,17.7,64.5,pseudospot_1096
GTCGTAGAGAGTTAGC,22.0,23.0,pseudospot_1097
GTCTGTCAGAGTTAGC,22.0,23.0,pseudospot_1097
GTCTGTCAGACAGTGC,22.0,23.0,pseudospot_1097
GTCGTAGAGACAGTGC,22.0,23.0,pseudospot_1097
GTCGTAGAGATGAATC,18.6,55.3,pseudospot_1098
GTCTGTCAGCCAAGAC,18.6,55.3,pseudospot_1098
GTCTGTCAGATGAATC,18.6,55.3,pseudospot_1098
GTCGTAGAGCCAAGAC,18.6,55.3,pseudospot_1098
GTCTGTCACGGAAGAA,78.0,37.2,pseudospot_1099
GTCGTAGAGTGACAAG,78.0,37.2,pseudospot_1099
GTCGTAGACGGAAGAA,78.0,37.2,pseudospot_1099
GTCTGTCAGTGACAAG,78.0,37.2,pseudospot_1099
GTCTGTCATTGCTGGA,35.0,66.2,pseudospot_1100
GTCTGTCAGAACCAGA,35.0,66.2,pseudospot_1100
GTCGTAGAGAACCAGA,35.0,66.2,pseudospot_1100
GTCGTAGATTGCTGGA,35.0,66.2,pseudospot_1100
GTACGCAACGACTGGA,88.9,67.3,pseudospot_1121
GGTGCGAACGCATACA,88.9,67.3,pseudospot_1121
GGTGCGAACGACTGGA,88.9,67.3,pseudospot_1121
GTACGCAACGCATACA,88.9,67.3,pseudospot_1121
GGTGCGAACTGAGCCA,95.6,22.1,pseudospot_1122
GGTGCGAACTCAATGA,95.6,22.1,pseudospot_1122
GTACGCAACTGAGCCA,95.6,22.1,pseudospot_1122
GTACGCAACTCAATGA,95.6,22.1,pseudospot_1122
GTACGCAACTGGCATA,86.2,21.8,pseudospot_1123
GGTGCGAACTGGCATA,86.2,21.8,pseudospot_1123
GGTGCGAAGAATCTGA,86.2,21.8,pseudospot_1123
GTACGCAAGAATCTGA,86.2,21.8,pseudospot_1123
GTACGCAACAAGACTA,81.0,87.4,pseudospot_1124
GTACGCAAGAGCTGAA,81.0,87.4,pseudospot_1124
GGTGCGAAGAGCTGAA,81.0,87.4,pseudospot_1124
GGTGCGAACAAGACTA,81.0,87.4,pseudospot_1124
GTACGCAAGCCACATA,65.5,25.0,pseudospot_1125
GGTGCGAAGCCACATA,65.5,25.0,pseudospot_1125
GTACGCAAGATAGACA,65.5,25.0,pseudospot_1125
GGTGCGAAGATAGACA,65.5,25.0,pseudospot_1125
GGTGCGAAGCTAACGA,55.1,26.3,pseudospot_1126
GGTGCGAAGCGAGTAA,55.1,26.3,pseudospot_1126
GTACGCAAGCGAGTAA,55.1,26.3,pseudospot_1126
GTACGCAAGCTAACGA,55.1,26.3,pseudospot_1126
GTACGCAAGGAGAACA,8.7,0.1,pseudospot_1127
GTACGCAAGCTCGGTA,8.7,0.1,pseudospot_1127
GGTGCGAAGCTCGGTA,8.7,0.1,pseudospot_1127
GGTGCGAAGGAGAACA,8.7,0.1,pseudospot_1127
GTACGCAAGTACGCAA,40.8,87.1,pseudospot_1128
GGTGCGAAGGTGCGAA,40.8,87.1,pseudospot_1128
GGTGCGAAGTACGCAA,40.8,87.1,pseudospot_1128
GTACGCAAGGTGCGAA,40.8,87.1,pseudospot_1128
GTACGCAAGTCGTAGA,37.3,79.3,pseudospot_1129
GTACGCAAGTCTGTCA,37.3,79.3,pseudospot_1129
GGTGCGAAGTCGTAGA,37.3,79.3,pseudospot_1129
GGTGCGAAGTCTGTCA,37.3,79.3,pseudospot_1129
GTACGCAAGTGTTCTA,26.0,62.7,pseudospot_1130
GGTGCGAAGTGTTCTA,26.0,62.7,pseudospot_1130
GGTGCGAATAGGATGA,26.0,62.7,pseudospot_1130
GTACGCAATAGGATGA,26.0,62.7,pseudospot_1130
GGTGCGAATATCAGCA,72.3,75.0,pseudospot_1131
GGTGCGAATCCGTCTA,72.3,75.0,pseudospot_1131
GTACGCAATCCGTCTA,72.3,75.0,pseudospot_1131
GTACGCAATATCAGCA,72.3,75.0,pseudospot_1131
GTACGCAATCTTCACA,49.6,15.2,pseudospot_1132
GGTGCGAATGAAGAGA,49.6,15.2,pseudospot_1132
GGTGCGAATCTTCACA,49.6,15.2,pseudospot_1132
GTACGCAATGAAGAGA,49.6,15.2,pseudospot_1132
GTACGCAATGGCTTCA,8.1,45.8,pseudospot_1133
GGTGCGAATGGAACAA,8.1,45.8,pseudospot_1133
GGTGCGAATGGCTTCA,8.1,45.8,pseudospot_1133
GTACGCAATGGAACAA,8.1,45.8,pseudospot_1133
GGTGCGAATGGTGGTA,22.0,35.1,pseudospot_1134
GTACGCAATTCACGCA,22.0,35.1,pseudospot_1134
GGTGCGAATTCACGCA,22.0,35.1,pseudospot_1134
GTACGCAATGGTGGTA,22.0,35.1,pseudospot_1134
GGTGCGAAAACTCACC,68.3,9.4,pseudospot_1135
GTACGCAAAACTCACC,68.3,9.4,pseudospot_1135
GGTGCGAAAAGAGATC,68.3,9.4,pseudospot_1135
GTACGCAAAAGAGATC,68.3,9.4,pseudospot_1135
GTACGCAAAATCCGTC,7.6,48.6,pseudospot_1136
GGTGCGAAAATCCGTC,7.6,48.6,pseudospot_1136
GTACGCAAAAGGACAC,7.6,48.6,pseudospot_1136
GGTGCGAAAAGGACAC,7.6,48.6,pseudospot_1136
GTACGCAAAATGTTGC,85.1,92.1,pseudospot_1137
GTACGCAAACACGACC,85.1,92.1,pseudospot_1137
GGTGCGAAAATGTTGC,85.1,92.1,pseudospot_1137
GGTGCGAAACACGACC,85.1,92.1,pseudospot_1137
GTACGCAAACAGATTC,49.5,4.0,pseudospot_1138
GTACGCAAAGATGTAC,49.5,4.0,pseudospot_1138
GGTGCGAAACAGATTC,49.5,4.0,pseudospot_1138
GGTGCGAAAGATGTAC,49.5,4.0,pseudospot_1138
GGTGCGAAAGCACCTC,48.1,29.1,pseudospot_1139
GTACGCAAAGCACCTC,48.1,29.1,pseudospot_1139
GTACGCAAAGCCATGC,48.1,29.1,pseudospot_1139
GGTGCGAAAGCCATGC,48.1,29.1,pseudospot_1139
GTACGCAAATAGCGAC,59.2,20.8,pseudospot_1140
GGTGCGAAAGGCTAAC,59.2,20.8,pseudospot_1140
GGTGCGAAATAGCGAC,59.2,20.8,pseudospot_1140
GTACGCAAAGGCTAAC,59.2,20.8,pseudospot_1140
GGTGCGAAATTGGCTC,82.5,23.8,pseudospot_1141
GTACGCAAATCATTCC,82.5,23.8,pseudospot_1141
GTACGCAAATTGGCTC,82.5,23.8,pseudospot_1141
GGTGCGAAATCATTCC,82.5,23.8,pseudospot_1141
GTACGCAACAAGGAGC,34.8,90.8,pseudospot_1142
GGTGCGAACACCTTAC,34.8,90.8,pseudospot_1142
GGTGCGAACAAGGAGC,34.8,90.8,pseudospot_1142
GTACGCAACACCTTAC,34.8,90.8,pseudospot_1142
GTACGCAACCATCCTC,67.8,46.8,pseudospot_1143
GGTGCGAACCGACAAC,67.8,46.8,pseudospot_1143
GTACGCAACCGACAAC,67.8,46.8,pseudospot_1143
GGTGCGAACCATCCTC,67.8,46.8,pseudospot_1143
GTACGCAACCTCTATC,56.6,46.6,pseudospot_1144
GGTGCGAACCTCTATC,56.6,46.6,pseudospot_1144
GGTGCGAACCTAATCC,56.6,46.6,pseudospot_1144
GTACGCAACCTAATCC,56.6,46.6,pseudospot_1144
GTACGCAACGGATTGC,26.7,76.1,pseudospot_1145
GGTGCGAACGACACAC,26.7,76.1,pseudospot_1145
GGTGCGAACGGATTGC,26.7,76.1,pseudospot_1145
GTACGCAACGACACAC,26.7,76.1,pseudospot_1145
GGTGCGAACTAAGGTC,87.9,15.4,pseudospot_1146
GTACGCAACTAAGGTC,87.9,15.4,pseudospot_1146
GGTGCGAAGAACAGGC,87.9,15.4,pseudospot_1146
GTACGCAAGAACAGGC,87.9,15.4,pseudospot_1146
GGTGCGAAGACAGTGC,79.7,48.7,pseudospot_1147
GGTGCGAAGAGTTAGC,79.7,48.7,pseudospot_1147
GTACGCAAGAGTTAGC,79.7,48.7,pseudospot_1147
GTACGCAAGACAGTGC,79.7,48.7,pseudospot_1147
GGTGCGAAGCCAAGAC,65.8,43.0,pseudospot_1148
GTACGCAAGATGAATC,65.8,43.0,pseudospot_1148
GTACGCAAGCCAAGAC,65.8,43.0,pseudospot_1148
GGTGCGAAGATGAATC,65.8,43.0,pseudospot_1148
GGTGCGAACGGAAGAA,85.1,59.7,pseudospot_1149
GGTGCGAAGTGACAAG,85.1,59.7,pseudospot_1149
GTACGCAACGGAAGAA,85.1,59.7,pseudospot_1149
GTACGCAAGTGACAAG,85.1,59.7,pseudospot_1149
GGTGCGAAGAACCAGA,86.7,100.0,pseudospot_1150
GTACGCAAGAACCAGA,86.7,100.0,pseudospot_1150
GTACGCAATTGCTGGA,86.7,100.0,pseudospot_1150
GGTGCGAATTGCTGGA,86.7,100.0,pseudospot_1150
GCTCGGTACGACTGGA,61.7,23.7,pseudospot_1171
GGAGAACACGACTGGA,61.7,23.7,pseudospot_1171
GCTCGGTACGCATACA,61.7,23.7,pseudospot_1171
GGAGAACACGCATACA,61.7,23.7,pseudospot_1171
GGAGAACACTGAGCCA,98.1,5.0,pseudospot_1172
GCTCGGTACTCAATGA,98.1,5.0,pseudospot_1172
GGAGAACACTCAATGA,98.1,5.0,pseudospot_1172
GCTCGGTACTGAGCCA,98.1,5.0,pseudospot_1172
GCTCGGTAGAATCTGA,63.2,72.5,pseudospot_1173
GCTCGGTACTGGCATA,63.2,72.5,pseudospot_1173
GGAGAACACTGGCATA,63.2,72.5,pseudospot_1173
GGAGAACAGAATCTGA,63.2,72.5,pseudospot_1173
GCTCGGTAGAGCTGAA,26.0,11.2,pseudospot_1174
GCTCGGTACAAGACTA,26.0,11.2,pseudospot_1174
GGAGAACACAAGACTA,26.0,11.2,pseudospot_1174
GGAGAACAGAGCTGAA,26.0,11.2,pseudospot_1174
GCTCGGTAGCCACATA,63.4,60.8,pseudospot_1175
GCTCGGTAGATAGACA,63.4,60.8,pseudospot_1175
GGAGAACAGATAGACA,63.4,60.8,pseudospot_1175
GGAGAACAGCCACATA,63.4,60.8,pseudospot_1175
GGAGAACAGCGAGTAA,54.0,28.1,pseudospot_1176
GCTCGGTAGCTAACGA,54.0,28.1,pseudospot_1176
GGAGAACAGCTAACGA,54.0,28.1,pseudospot_1176
GCTCGGTAGCGAGTAA,54.0,28.1,pseudospot_1176
GCTCGGTAGGAGAACA,78.0,17.3,pseudospot_1177
GGAGAACAGCTCGGTA,78.0,17.3,pseudospot_1177
GGAGAACAGGAGAACA,78.0,17.3,pseudospot_1177
GCTCGGTAGCTCGGTA,78.0,17.3,pseudospot_1177
GGAGAACAGGTGCGAA,10.7,38.0,pseudospot_1178
GGAGAACAGTACGCAA,10.7,38.0,pseudospot_1178
GCTCGGTAGTACGCAA,10.7,38.0,pseudospot_1178
GCTCGGTAGGTGCGAA,10.7,38.0,pseudospot_1178
GCTCGGTAGTCGTAGA,76.1,80.1,pseudospot_1179
GGAGAACAGTCGTAGA,76.1,80.1,pseudospot_1179
GCTCGGTAGTCTGTCA,76.1,80.1,pseudospot_1179
GGAGAACAGTCTGTCA,76.1,80.1,pseudospot_1179
GCTCGGTATAGGATGA,54.1,39.2,pseudospot_1180
GGAGAACATAGGATGA,54.1,39.2,pseudospot_1180
GCTCGGTAGTGTTCTA,54.1,39.2,pseudospot_1180
GGAGAACAGTGTTCTA,54.1,39.2,pseudospot_1180
GGAGAACATCCGTCTA,96.3,75.1,pseudospot_1181
GCTCGGTATCCGTCTA,96.3,75.1,pseudospot_1181
GCTCGGTATATCAGCA,96.3,75.1,pseudospot_1181
GGAGAACATATCAGCA,96.3,75.1,pseudospot_1181
GGAGAACATCTTCACA,34.2,12.5,pseudospot_1182
GCTCGGTATCTTCACA,34.2,12.5,pseudospot_1182
GGAGAACATGAAGAGA,34.2,12.5,pseudospot_1182
GCTCGGTATGAAGAGA,34.2,12.5,pseudospot_1182
GGAGAACATGGAACAA,63.3,77.3,pseudospot_1183
GCTCGGTATGGAACAA,63.3,77.3,pseudospot_1183
GGAGAACATGGCTTCA,63.3,77.3,pseudospot_1183
GCTCGGTATGGCTTCA,63.3,77.3,pseudospot_1183
GGAGAACATGGTGGTA,93.2,23.7,pseudospot_1184
GCTCGGTATGGTGGTA,93.2,23.7,pseudospot_1184
GGAGAACATTCACGCA,93.2,23.7,pseudospot_1184
GCTCGGTATTCACGCA,93.2,23.7,pseudospot_1184
GGAGAACAAAGAGATC,10.3,67.7,pseudospot_1185
GCTCGGTAAACTCACC,10.3,67.7,pseudospot_1185
GGAGAACAAACTCACC,10.3,67.7,pseudospot_1185
GCTCGGTAAAGAGATC,10.3,67.7,pseudospot_1185
GCTCGGTAAAGGACAC,93.7,56.6,pseudospot_1186
GGAGAACAAATCCGTC,93.7,56.6,pseudospot_1186
GGAGAACAAAGGACAC,93.7,56.6,pseudospot_1186
GCTCGGTAAATCCGTC,93.7,56.6,pseudospot_1186
GGAGAACAACACGACC,68.8,92.9,pseudospot_1187
GCTCGGTAACACGACC,68.8,92.9,pseudospot_1187
GGAGAACAAATGTTGC,68.8,92.9,pseudospot_1187
GCTCGGTAAATGTTGC,68.8,92.9,pseudospot_1187
GGAGAACAAGATGTAC,6.8,38.7,pseudospot_1188
GCTCGGTAACAGATTC,6.8,38.7,pseudospot_1188
GCTCGGTAAGATGTAC,6.8,38.7,pseudospot_1188
GGAGAACAACAGATTC,6.8,38.7,pseudospot_1188
GGAGAACAAGCCATGC,30.1,6.6,pseudospot_1189
GCTCGGTAAGCCATGC,30.1,6.6,pseudospot_1189
GCTCGGTAAGCACCTC,30.1,6.6,pseudospot_1189
GGAGAACAAGCACCTC,30.1,6.6,pseudospot_1189
GCTCGGTAAGGCTAAC,70.8,1.9,pseudospot_1190
GCTCGGTAATAGCGAC,70.8,1.9,pseudospot_1190
GGAGAACAATAGCGAC,70.8,1.9,pseudospot_1190
GGAGAACAAGGCTAAC,70.8,1.9,pseudospot_1190
GGAGAACAATTGGCTC,6.7,82.7,pseudospot_1191
GGAGAACAATCATTCC,6.7,82.7,pseudospot_1191
GCTCGGTAATCATTCC,6.7,82.7,pseudospot_1191
GCTCGGTAATTGGCTC,6.7,82.7,pseudospot_1191
GGAGAACACACCTTAC,58.2,52.5,pseudospot_1192
GCTCGGTACAAGGAGC,58.2,52.5,pseudospot_1192
GGAGAACACAAGGAGC,58.2,52.5,pseudospot_1192
GCTCGGTACACCTTAC,58.2,52.5,pseudospot_1192
GGAGAACACCGACAAC,34.6,77.5,pseudospot_1193
GCTCGGTACCGACAAC,34.6,77.5,pseudospot_1193
GCTCGGTACCATCCTC,34.6,77.5,pseudospot_1193
GGAGAACACCATCCTC,34.6,77.5,pseudospot_1193
GCTCGGTACCTCTATC,62.1,23.4,pseudospot_1194
GGAGAACACCTAATCC,62.1,23.4,pseudospot_1194
GGAGAACACCTCTATC,62.1,23.4,pseudospot_1194
GCTCGGTACCTAATCC,62.1,23.4,pseudospot_1194
GGAGAACACGACACAC,4.6,34.5,pseudospot_1195
GGAGAACACGGATTGC,4.6,34.5,pseudospot_1195
GCTCGGTACGACACAC,4.6,34.5,pseudospot_1195
GCTCGGTACGGATTGC,4.6,34.5,pseudospot_1195
GGAGAACAGAACAGGC,87.2,3.0,pseudospot_1196
GCTCGGTACTAAGGTC,87.2,3.0,pseudospot_1196
GCTCGGTAGAACAGGC,87.2,3.0,pseudospot_1196
GGAGAACACTAAGGTC,87.2,3.0,pseudospot_1196
GGAGAACAGAGTTAGC,97.3,96.1,pseudospot_1197
GCTCGGTAGAGTTAGC,97.3,96.1,pseudospot_1197
GCTCGGTAGACAGTGC,97.3,96.1,pseudospot_1197
GGAGAACAGACAGTGC,97.3,96.1,pseudospot_1197
GCTCGGTAGCCAAGAC,96.9,66.8,pseudospot_1198
GGAGAACAGCCAAGAC,96.9,66.8,pseudospot_1198
GGAGAACAGATGAATC,96.9,66.8,pseudospot_1198
GCTCGGTAGATGAATC,96.9,66.8,pseudospot_1198
GGAGAACACGGAAGAA,75.0,93.3,pseudospot_1199
GCTCGGTAGTGACAAG,75.0,93.3,pseudospot_1199
GGAGAACAGTGACAAG,75.0,93.3,pseudospot_1199
GCTCGGTACGGAAGAA,75.0,93.3,pseudospot_1199
GCTCGGTATTGCTGGA,13.0,26.5,pseudospot_1200
GGAGAACAGAACCAGA,13.0,26.5,pseudospot_1200
GCTCGGTAGAACCAGA,13.0,26.5,pseudospot_1200
GGAGAACATTGCTGGA,13.0,26.5,pseudospot_1200
GCGAGTAACGACTGGA,95.1,34.3,pseudospot_1221
GCTAACGACGCATACA,95.1,34.3,pseudospot_1221
GCTAACGACGACTGGA,95.1,34.3,pseudospot_1221
GCGAGTAACGCATACA,95.1,34.3,pseudospot_1221
GCTAACGACTCAATGA,15.1,83.5,pseudospot_1222
GCGAGTAACTCAATGA,15.1,83.5,pseudospot_1222
GCGAGTAACTGAGCCA,15.1,83.5,pseudospot_1222
GCTAACGACTGAGCCA,15.1,83.5,pseudospot_1222
GCGAGTAAGAATCTGA,43.2,93.5,pseudospot_1223
GCTAACGAGAATCTGA,43.2,93.5,pseudospot_1223
GCGAGTAACTGGCATA,43.2,93.5,pseudospot_1223
GCTAACGACTGGCATA,43.2,93.5,pseudospot_1223
GCTAACGACAAGACTA,94.4,18.6,pseudospot_1224
GCTAACGAGAGCTGAA,94.4,18.6,pseudospot_1224
GCGAGTAAGAGCTGAA,94.4,18.6,pseudospot_1224
GCGAGTAACAAGACTA,94.4,18.6,pseudospot_1224
GCTAACGAGATAGACA,42.0,37.3,pseudospot_1225
GCGAGTAAGCCACATA,42.0,37.3,pseudospot_1225
GCGAGTAAGATAGACA,42.0,37.3,pseudospot_1225
GCTAACGAGCCACATA,42.0,37.3,pseudospot_1225
GCTAACGAGCGAGTAA,63.9,92.9,pseudospot_1226
GCGAGTAAGCTAACGA,63.9,92.9,pseudospot_1226
GCTAACGAGCTAACGA,63.9,92.9,pseudospot_1226
GCGAGTAAGCGAGTAA,63.9,92.9,pseudospot_1226
GCGAGTAAGGAGAACA,39.8,6.2,pseudospot_1227
GCGAGTAAGCTCGGTA,39.8,6.2,pseudospot_1227
GCTAACGAGGAGAACA,39.8,6.2,pseudospot_1227
GCTAACGAGCTCGGTA,39.8,6.2,pseudospot_1227
GCGAGTAAGTACGCAA,27.4,9.2,pseudospot_1228
GCTAACGAGGTGCGAA,27.4,9.2,pseudospot_1228
GCGAGTAAGGTGCGAA,27.4,9.2,pseudospot_1228
GCTAACGAGTACGCAA,27.4,9.2,pseudospot_1228
GCTAACGAGTCTGTCA,98.4,16.3,pseudospot_1229
GCGAGTAAGTCTGTCA,98.4,16.3,pseudospot_1229
GCGAGTAAGTCGTAGA,98.4,16.3,pseudospot_1229
GCTAACGAGTCGTAGA,98.4,16.3,pseudospot_1229
GCGAGTAATAGGATGA,40.9,59.5,pseudospot_1230
GCTAACGATAGGATGA,40.9,59.5,pseudospot_1230
GCGAGTAAGTGTTCTA,40.9,59.5,pseudospot_1230
GCTAACGAGTGTTCTA,40.9,59.5,pseudospot_1230
GCGAGTAATATCAGCA,89.4,15.0,pseudospot_1231
GCTAACGATCCGTCTA,89.4,15.0,pseudospot_1231
GCTAACGATATCAGCA,89.4,15.0,pseudospot_1231
GCGAGTAATCCGTCTA,89.4,15.0,pseudospot_1231
GCGAGTAATCTTCACA,23.0,96.8,pseudospot_1232
GCTAACGATCTTCACA,23.0,96.8,pseudospot_1232
GCTAACGATGAAGAGA,23.0,96.8,pseudospot_1232
GCGAGTAATGAAGAGA,23.0,96.8,pseudospot_1232
GCTAACGATGGAACAA,21.3,44.7,pseudospot_1233
GCTAACGATGGCTTCA,21.3,44.7,pseudospot_1233
GCGAGTAATGGAACAA,21.3,44.7,pseudospot_1233
GCGAGTAATGGCTTCA,21.3,44.7,pseudospot_1233
GCTAACGATGGTGGTA,3.1,50.2,pseudospot_1234
GCGAGTAATGGTGGTA,3.1,50.2,pseudospot_1234
GCTAACGATTCACGCA,3.1,50.2,pseudospot_1234
GCGAGTAATTCACGCA,3.1,50.2,pseudospot_1234
GCGAGTAAAAGAGATC,65.2,24.7,pseudospot_1235
GCTAACGAAAGAGATC,65.2,24.7,pseudospot_1235
GCTAACGAAACTCACC,65.2,24.7,pseudospot_1235
GCGAGTAAAACTCACC,65.2,24.7,pseudospot_1235
GCGAGTAAAATCCGTC,36.9,47.1,pseudospot_1236
GCTAACGAAATCCGTC,36.9,47.1,pseudospot_1236
GCGAGTAAAAGGACAC,36.9,47.1,pseudospot_1236
GCTAACGAAAGGACAC,36.9,47.1,pseudospot_1236
GCTAACGAAATGTTGC,86.4,66.2,pseudospot_1237
GCTAACGAACACGACC,86.4,66.2,pseudospot_1237
GCGAGTAAACACGACC,86.4,66.2,pseudospot_1237
GCGAGTAAAATGTTGC,86.4,66.2,pseudospot_1237
GCTAACGAAGATGTAC,47.3,75.1,pseudospot_1238
GCGAGTAAACAGATTC,47.3,75.1,pseudospot_1238
GCGAGTAAAGATGTAC,47.3,75.1,pseudospot_1238
GCTAACGAACAGATTC,47.3,75.1,pseudospot_1238
GCTAACGAAGCACCTC,96.8,75.4,pseudospot_1239
GCTAACGAAGCCATGC,96.8,75.4,pseudospot_1239
GCGAGTAAAGCCATGC,96.8,75.4,pseudospot_1239
GCGAGTAAAGCACCTC,96.8,75.4,pseudospot_1239
GCTAACGAAGGCTAAC,18.6,57.8,pseudospot_1240
GCGAGTAAAGGCTAAC,18.6,57.8,pseudospot_1240
GCGAGTAAATAGCGAC,18.6,57.8,pseudospot_1240
GCTAACGAATAGCGAC,18.6,57.8,pseudospot_1240
GCGAGTAAATTGGCTC,86.9,90.4,pseudospot_1241
GCTAACGAATCATTCC,86.9,90.4,pseudospot_1241
GCTAACGAATTGGCTC,86.9,90.4,pseudospot_1241
GCGAGTAAATCATTCC,86.9,90.4,pseudospot_1241
GCTAACGACAAGGAGC,77.7,81.7,pseudospot_1242
GCGAGTAACACCTTAC,77.7,81.7,pseudospot_1242
GCTAACGACACCTTAC,77.7,81.7,pseudospot_1242
GCGAGTAACAAGGAGC,77.7,81.7,pseudospot_1242
GCGAGTAACCATCCTC,77.1,75.7,pseudospot_1243
GCGAGTAACCGACAAC,77.1,75.7,pseudospot_1243
GCTAACGACCATCCTC,77.1,75.7,pseudospot_1243
GCTAACGACCGACAAC,77.1,75.7,pseudospot_1243
GCGAGTAACCTAATCC,84.5,5.6,pseudospot_1244
GCTAACGACCTAATCC,84.5,5.6,pseudospot_1244
GCTAACGACCTCTATC,84.5,5.6,pseudospot_1244
GCGAGTAACCTCTATC,84.5,5.6,pseudospot_1244
GCTAACGACGACACAC,76.1,0.7,pseudospot_1245
GCGAGTAACGGATTGC,76.1,0.7,pseudospot_1245
GCGAGTAACGACACAC,76.1,0.7,pseudospot_1245
GCTAACGACGGATTGC,76.1,0.7,pseudospot_1245
GCGAGTAAGAACAGGC,62.6,21.2,pseudospot_1246
GCGAGTAACTAAGGTC,62.6,21.2,pseudospot_1246
GCTAACGAGAACAGGC,62.6,21.2,pseudospot_1246
GCTAACGACTAAGGTC,62.6,21.2,pseudospot_1246
GCGAGTAAGACAGTGC,13.1,66.4,pseudospot_1247
GCTAACGAGAGTTAGC,13.1,66.4,pseudospot_1247
GCTAACGAGACAGTGC,13.1,66.4,pseudospot_1247
GCGAGTAAGAGTTAGC,13.1,66.4,pseudospot_1247
GCGAGTAAGCCAAGAC,3.3,41.1,pseudospot_1248
GCTAACGAGATGAATC,3.3,41.1,pseudospot_1248
GCTAACGAGCCAAGAC,3.3,41.1,pseudospot_1248
GCGAGTAAGATGAATC,3.3,41.1,pseudospot_1248
GCGAGTAACGGAAGAA,92.1,40.2,pseudospot_1249
GCTAACGAGTGACAAG,92.1,40.2,pseudospot_1249
GCTAACGACGGAAGAA,92.1,40.2,pseudospot_1249
GCGAGTAAGTGACAAG,92.1,40.2,pseudospot_1249
GCGAGTAATTGCTGGA,61.7,88.5,pseudospot_1250
GCGAGTAAGAACCAGA,61.7,88.5,pseudospot_1250
GCTAACGATTGCTGGA,61.7,88.5,pseudospot_1250
GCTAACGAGAACCAGA,61.7,88.5,pseudospot_1250
GATAGACACGACTGGA,69.5,54.7,pseudospot_1271
GCCACATACGACTGGA,69.5,54.7,pseudospot_1271
GCCACATACGCATACA,69.5,54.7,pseudospot_1271
GATAGACACGCATACA,69.5,54.7,pseudospot_1271
GCCACATACTCAATGA,86.0,90.2,pseudospot_1272
GCCACATACTGAGCCA,86.0,90.2,pseudospot_1272
GATAGACACTCAATGA,86.0,90.2,pseudospot_1272
GATAGACACTGAGCCA,86.0,90.2,pseudospot_1272
GATAGACAGAATCTGA,78.0,34.4,pseudospot_1273
GCCACATAGAATCTGA,78.0,34.4,pseudospot_1273
GATAGACACTGGCATA,78.0,34.4,pseudospot_1273
GCCACATACTGGCATA,78.0,34.4,pseudospot_1273
GATAGACACAAGACTA,4.0,73.3,pseudospot_1274
GCCACATACAAGACTA,4.0,73.3,pseudospot_1274
GCCACATAGAGCTGAA,4.0,73.3,pseudospot_1274
GATAGACAGAGCTGAA,4.0,73.3,pseudospot_1274
GATAGACAGATAGACA,48.1,65.9,pseudospot_1275
GCCACATAGCCACATA,48.1,65.9,pseudospot_1275
GCCACATAGATAGACA,48.1,65.9,pseudospot_1275
GATAGACAGCCACATA,48.1,65.9,pseudospot_1275
GATAGACAGCTAACGA,10.5,93.2,pseudospot_1276
GATAGACAGCGAGTAA,10.5,93.2,pseudospot_1276
GCCACATAGCGAGTAA,10.5,93.2,pseudospot_1276
GCCACATAGCTAACGA,10.5,93.2,pseudospot_1276
GATAGACAGCTCGGTA,24.2,82.1,pseudospot_1277
GCCACATAGCTCGGTA,24.2,82.1,pseudospot_1277
GCCACATAGGAGAACA,24.2,82.1,pseudospot_1277
GATAGACAGGAGAACA,24.2,82.1,pseudospot_1277
GCCACATAGGTGCGAA,98.7,56.7,pseudospot_1278
GCCACATAGTACGCAA,98.7,56.7,pseudospot_1278
GATAGACAGTACGCAA,98.7,56.7,pseudospot_1278
GATAGACAGGTGCGAA,98.7,56.7,pseudospot_1278
GCCACATAGTCGTAGA,14.2,65.7,pseudospot_1279
GCCACATAGTCTGTCA,14.2,65.7,pseudospot_1279
GATAGACAGTCGTAGA,14.2,65.7,pseudospot_1279
GATAGACAGTCTGTCA,14.2,65.7,pseudospot_1279
GATAGACAGTGTTCTA,49.9,89.8,pseudospot_1280
GATAGACATAGGATGA,49.9,89.8,pseudospot_1280
GCCACATAGTGTTCTA,49.9,89.8,pseudospot_1280
GCCACATATAGGATGA,49.9,89.8,pseudospot_1280
GATAGACATCCGTCTA,61.8,40.0,pseudospot_1281
GATAGACATATCAGCA,61.8,40.0,pseudospot_1281
GCCACATATCCGTCTA,61.8,40.0,pseudospot_1281
GCCACATATATCAGCA,61.8,40.0,pseudospot_1281
GCCACATATCTTCACA,70.2,32.7,pseudospot_1282
GCCACATATGAAGAGA,70.2,32.7,pseudospot_1282
GATAGACATGAAGAGA,70.2,32.7,pseudospot_1282
GATAGACATCTTCACA,70.2,32.7,pseudospot_1282
GCCACATATGGCTTCA,56.0,1.1,pseudospot_1283
GCCACATATGGAACAA,56.0,1.1,pseudospot_1283
GATAGACATGGAACAA,56.0,1.1,pseudospot_1283
GATAGACATGGCTTCA,56.0,1.1,pseudospot_1283
GCCACATATTCACGCA,1.0,82.7,pseudospot_1284
GATAGACATGGTGGTA,1.0,82.7,pseudospot_1284
GCCACATATGGTGGTA,1.0,82.7,pseudospot_1284
GATAGACATTCACGCA,1.0,82.7,pseudospot_1284
GATAGACAAACTCACC,32.6,80.1,pseudospot_1285
GATAGACAAAGAGATC,32.6,80.1,pseudospot_1285
GCCACATAAAGAGATC,32.6,80.1,pseudospot_1285
GCCACATAAACTCACC,32.6,80.1,pseudospot_1285
GCCACATAAAGGACAC,51.8,10.4,pseudospot_1286
GATAGACAAAGGACAC,51.8,10.4,pseudospot_1286
GATAGACAAATCCGTC,51.8,10.4,pseudospot_1286
GCCACATAAATCCGTC,51.8,10.4,pseudospot_1286
GATAGACAACACGACC,8.8,57.7,pseudospot_1287
GATAGACAAATGTTGC,8.8,57.7,pseudospot_1287
GCCACATAACACGACC,8.8,57.7,pseudospot_1287
GCCACATAAATGTTGC,8.8,57.7,pseudospot_1287
GATAGACAACAGATTC,35.1,46.4,pseudospot_1288
GCCACATAACAGATTC,35.1,46.4,pseudospot_1288
GCCACATAAGATGTAC,35.1,46.4,pseudospot_1288
GATAGACAAGATGTAC,35.1,46.4,pseudospot_1288
GCCACATAAGCCATGC,3.3,11.9,pseudospot_1289
GCCACATAAGCACCTC,3.3,11.9,pseudospot_1289
GATAGACAAGCACCTC,3.3,11.9,pseudospot_1289
GATAGACAAGCCATGC,3.3,11.9,pseudospot_1289
GATAGACAATAGCGAC,7.9,98.1,pseudospot_1290
GCCACATAATAGCGAC,7.9,98.1,pseudospot_1290
GCCACATAAGGCTAAC,7.9,98.1,pseudospot_1290
GATAGACAAGGCTAAC,7.9,98.1,pseudospot_1290
GCCACATAATTGGCTC,39.7,21.5,pseudospot_1291
GATAGACAATCATTCC,39.7,21.5,pseudospot_1291
GCCACATAATCATTCC,39.7,21.5,pseudospot_1291
GATAGACAATTGGCTC,39.7,21.5,pseudospot_1291
GCCACATACACCTTAC,13.3,6.7,pseudospot_1292
GATAGACACACCTTAC,13.3,6.7,pseudospot_1292
GATAGACACAAGGAGC,13.3,6.7,pseudospot_1292
GCCACATACAAGGAGC,13.3,6.7,pseudospot_1292
GATAGACACCATCCTC,56.8,59.5,pseudospot_1293
GCCACATACCGACAAC,56.8,59.5,pseudospot_1293
GATAGACACCGACAAC,56.8,59.5,pseudospot_1293
GCCACATACCATCCTC,56.8,59.5,pseudospot_1293
GCCACATACCTCTATC,68.9,73.9,pseudospot_1294
GATAGACACCTAATCC,68.9,73.9,pseudospot_1294
GATAGACACCTCTATC,68.9,73.9,pseudospot_1294
GCCACATACCTAATCC,68.9,73.9,pseudospot_1294
GCCACATACGACACAC,80.1,3.2,pseudospot_1295
GATAGACACGGATTGC,80.1,3.2,pseudospot_1295
GCCACATACGGATTGC,80.1,3.2,pseudospot_1295
GATAGACACGACACAC,80.1,3.2,pseudospot_1295
GCCACATAGAACAGGC,20.0,65.9,pseudospot_1296
GATAGACAGAACAGGC,20.0,65.9,pseudospot_1296
GATAGACACTAAGGTC,20.0,65.9,pseudospot_1296
GCCACATACTAAGGTC,20.0,65.9,pseudospot_1296
GATAGACAGACAGTGC,16.7,53.2,pseudospot_1297
GCCACATAGACAGTGC,16.7,53.2,pseudospot_1297
GATAGACAGAGTTAGC,16.7,53.2,pseudospot_1297
GCCACATAGAGTTAGC,16.7,53.2,pseudospot_1297
GATAGACAGCCAAGAC,10.5,10.3,pseudospot_1298
GCCACATAGATGAATC,10.5,10.3,pseudospot_1298
GCCACATAGCCAAGAC,10.5,10.3,pseudospot_1298
GATAGACAGATGAATC,10.5,10.3,pseudospot_1298
GCCACATAGTGACAAG,63.6,17.3,pseudospot_1299
GATAGACACGGAAGAA,63.6,17.3,pseudospot_1299
GCCACATACGGAAGAA,63.6,17.3,pseudospot_1299
GATAGACAGTGACAAG,63.6,17.3,pseudospot_1299
GATAGACAGAACCAGA,70.6,56.8,pseudospot_1300
GCCACATAGAACCAGA,70.6,56.8,pseudospot_1300
GCCACATATTGCTGGA,70.6,56.8,pseudospot_1300
GATAGACATTGCTGGA,70.6,56.8,pseudospot_1300
GAGCTGAACGCATACA,24.7,35.1,pseudospot_1321
CAAGACTACGACTGGA,24.7,35.1,pseudospot_1321
CAAGACTACGCATACA,24.7,35.1,pseudospot_1321
GAGCTGAACGACTGGA,24.7,35.1,pseudospot_1321
CAAGACTACTCAATGA,16.0,36.3,pseudospot_1322
GAGCTGAACTGAGCCA,16.0,36.3,pseudospot_1322
GAGCTGAACTCAATGA,16.0,36.3,pseudospot_1322
CAAGACTACTGAGCCA,16.0,36.3,pseudospot_1322
GAGCTGAACTGGCATA,87.2,80.6,pseudospot_1323
GAGCTGAAGAATCTGA,87.2,80.6,pseudospot_1323
CAAGACTACTGGCATA,87.2,80.6,pseudospot_1323
CAAGACTAGAATCTGA,87.2,80.6,pseudospot_1323
CAAGACTAGAGCTGAA,21.9,32.8,pseudospot_1324
GAGCTGAAGAGCTGAA,21.9,32.8,pseudospot_1324
GAGCTGAACAAGACTA,21.9,32.8,pseudospot_1324
CAAGACTACAAGACTA,21.9,32.8,pseudospot_1324
GAGCTGAAGCCACATA,97.6,20.9,pseudospot_1325
CAAGACTAGATAGACA,97.6,20.9,pseudospot_1325
CAAGACTAGCCACATA,97.6,20.9,pseudospot_1325
GAGCTGAAGATAGACA,97.6,20.9,pseudospot_1325
GAGCTGAAGCGAGTAA,33.7,8.5,pseudospot_1326
CAAGACTAGCTAACGA,33.7,8.5,pseudospot_1326
GAGCTGAAGCTAACGA,33.7,8.5,pseudospot_1326
CAAGACTAGCGAGTAA,33.7,8.5,pseudospot_1326
CAAGACTAGCTCGGTA,18.2,46.7,pseudospot_1327
GAGCTGAAGCTCGGTA,18.2,46.7,pseudospot_1327
GAGCTGAAGGAGAACA,18.2,46.7,pseudospot_1327
CAAGACTAGGAGAACA,18.2,46.7,pseudospot_1327
CAAGACTAGGTGCGAA,79.0,48.2,pseudospot_1328
GAGCTGAAGGTGCGAA,79.0,48.2,pseudospot_1328
CAAGACTAGTACGCAA,79.0,48.2,pseudospot_1328
GAGCTGAAGTACGCAA,79.0,48.2,pseudospot_1328
CAAGACTAGTCGTAGA,65.9,84.1,pseudospot_1329
GAGCTGAAGTCGTAGA,65.9,84.1,pseudospot_1329
GAGCTGAAGTCTGTCA,65.9,84.1,pseudospot_1329
CAAGACTAGTCTGTCA,65.9,84.1,pseudospot_1329
GAGCTGAAGTGTTCTA,49.8,22.1,pseudospot_1330
GAGCTGAATAGGATGA,49.8,22.1,pseudospot_1330
CAAGACTAGTGTTCTA,49.8,22.1,pseudospot_1330
CAAGACTATAGGATGA,49.8,22.1,pseudospot_1330
CAAGACTATATCAGCA,55.5,38.1,pseudospot_1331
GAGCTGAATCCGTCTA,55.5,38.1,pseudospot_1331
CAAGACTATCCGTCTA,55.5,38.1,pseudospot_1331
GAGCTGAATATCAGCA,55.5,38.1,pseudospot_1331
CAAGACTATGAAGAGA,71.9,80.8,pseudospot_1332
GAGCTGAATGAAGAGA,71.9,80.8,pseudospot_1332
CAAGACTATCTTCACA,71.9,80.8,pseudospot_1332
GAGCTGAATCTTCACA,71.9,80.8,pseudospot_1332
GAGCTGAATGGAACAA,22.8,82.4,pseudospot_1333
GAGCTGAATGGCTTCA,22.8,82.4,pseudospot_1333
CAAGACTATGGCTTCA,22.8,82.4,pseudospot_1333
CAAGACTATGGAACAA,22.8,82.4,pseudospot_1333
GAGCTGAATGGTGGTA,99.6,38.5,pseudospot_1334
GAGCTGAATTCACGCA,99.6,38.5,pseudospot_1334
CAAGACTATTCACGCA,99.6,38.5,pseudospot_1334
CAAGACTATGGTGGTA,99.6,38.5,pseudospot_1334
GAGCTGAAAAGAGATC,97.5,45.9,pseudospot_1335
CAAGACTAAACTCACC,97.5,45.9,pseudospot_1335
GAGCTGAAAACTCACC,97.5,45.9,pseudospot_1335
CAAGACTAAAGAGATC,97.5,45.9,pseudospot_1335
CAAGACTAAAGGACAC,65.0,30.3,pseudospot_1336
GAGCTGAAAAGGACAC,65.0,30.3,pseudospot_1336
GAGCTGAAAATCCGTC,65.0,30.3,pseudospot_1336
CAAGACTAAATCCGTC,65.0,30.3,pseudospot_1336
GAGCTGAAACACGACC,20.0,93.3,pseudospot_1337
CAAGACTAACACGACC,20.0,93.3,pseudospot_1337
CAAGACTAAATGTTGC,20.0,93.3,pseudospot_1337
GAGCTGAAAATGTTGC,20.0,93.3,pseudospot_1337
GAGCTGAAAGATGTAC,68.0,11.9,pseudospot_1338
GAGCTGAAACAGATTC,68.0,11.9,pseudospot_1338
CAAGACTAACAGATTC,68.0,11.9,pseudospot_1338
CAAGACTAAGATGTAC,68.0,11.9,pseudospot_1338
CAAGACTAAGCCATGC,7.2,93.4,pseudospot_1339
GAGCTGAAAGCCATGC,7.2,93.4,pseudospot_1339
GAGCTGAAAGCACCTC,7.2,93.4,pseudospot_1339
CAAGACTAAGCACCTC,7.2,93.4,pseudospot_1339
CAAGACTAATAGCGAC,3.1,68.4,pseudospot_1340
GAGCTGAAATAGCGAC,3.1,68.4,pseudospot_1340
GAGCTGAAAGGCTAAC,3.1,68.4,pseudospot_1340
CAAGACTAAGGCTAAC,3.1,68.4,pseudospot_1340
GAGCTGAAATCATTCC,25.8,53.2,pseudospot_1341
CAAGACTAATTGGCTC,25.8,53.2,pseudospot_1341
CAAGACTAATCATTCC,25.8,53.2,pseudospot_1341
GAGCTGAAATTGGCTC,25.8,53.2,pseudospot_1341
CAAGACTACACCTTAC,46.3,3.3,pseudospot_1342
GAGCTGAACAAGGAGC,46.3,3.3,pseudospot_1342
CAAGACTACAAGGAGC,46.3,3.3,pseudospot_1342
GAGCTGAACACCTTAC,46.3,3.3,pseudospot_1342
GAGCTGAACCGACAAC,86.8,47.6,pseudospot_1343
GAGCTGAACCATCCTC,86.8,47.6,pseudospot_1343
CAAGACTACCGACAAC,86.8,47.6,pseudospot_1343
CAAGACTACCATCCTC,86.8,47.6,pseudospot_1343
CAAGACTACCTAATCC,72.7,40.8,pseudospot_1344
GAGCTGAACCTAATCC,72.7,40.8,pseudospot_1344
GAGCTGAACCTCTATC,72.7,40.8,pseudospot_1344
CAAGACTACCTCTATC,72.7,40.8,pseudospot_1344
CAAGACTACGACACAC,74.3,16.1,pseudospot_1345
GAGCTGAACGGATTGC,74.3,16.1,pseudospot_1345
GAGCTGAACGACACAC,74.3,16.1,pseudospot_1345
CAAGACTACGGATTGC,74.3,16.1,pseudospot_1345
GAGCTGAAGAACAGGC,42.5,65.6,pseudospot_1346
GAGCTGAACTAAGGTC,42.5,65.6,pseudospot_1346
CAAGACTAGAACAGGC,42.5,65.6,pseudospot_1346
CAAGACTACTAAGGTC,42.5,65.6,pseudospot_1346
GAGCTGAAGAGTTAGC,34.6,97.1,pseudospot_1347
GAGCTGAAGACAGTGC,34.6,97.1,pseudospot_1347
CAAGACTAGAGTTAGC,34.6,97.1,pseudospot_1347
CAAGACTAGACAGTGC,34.6,97.1,pseudospot_1347
GAGCTGAAGATGAATC,37.1,56.2,pseudospot_1348
CAAGACTAGATGAATC,37.1,56.2,pseudospot_1348
CAAGACTAGCCAAGAC,37.1,56.2,pseudospot_1348
GAGCTGAAGCCAAGAC,37.1,56.2,pseudospot_1348
GAGCTGAACGGAAGAA,98.8,71.5,pseudospot_1349
GAGCTGAAGTGACAAG,98.8,71.5,pseudospot_1349
CAAGACTACGGAAGAA,98.8,71.5,pseudospot_1349
CAAGACTAGTGACAAG,98.8,71.5,pseudospot_1349
GAGCTGAAGAACCAGA,4.0,6.8,pseudospot_1350
GAGCTGAATTGCTGGA,4.0,6.8,pseudospot_1350
CAAGACTAGAACCAGA,4.0,6.8,pseudospot_1350
CAAGACTATTGCTGGA,4.0,6.8,pseudospot_1350
CTGGCATACGACTGGA,97.1,39.5,pseudospot_1371
CTGGCATACGCATACA,97.1,39.5,pseudospot_1371
GAATCTGACGCATACA,97.1,39.5,pseudospot_1371
GAATCTGACGACTGGA,97.1,39.5,pseudospot_1371
GAATCTGACTGAGCCA,18.1,18.2,pseudospot_1372
GAATCTGACTCAATGA,18.1,18.2,pseudospot_1372
CTGGCATACTGAGCCA,18.1,18.2,pseudospot_1372
CTGGCATACTCAATGA,18.1,18.2,pseudospot_1372
CTGGCATACTGGCATA,85.4,15.7,pseudospot_1373
CTGGCATAGAATCTGA,85.4,15.7,pseudospot_1373
GAATCTGACTGGCATA,85.4,15.7,pseudospot_1373
GAATCTGAGAATCTGA,85.4,15.7,pseudospot_1373
GAATCTGACAAGACTA,49.2,82.7,pseudospot_1374
CTGGCATAGAGCTGAA,49.2,82.7,pseudospot_1374
GAATCTGAGAGCTGAA,49.2,82.7,pseudospot_1374
CTGGCATACAAGACTA,49.2,82.7,pseudospot_1374
CTGGCATAGATAGACA,24.7,4.2,pseudospot_1375
GAATCTGAGATAGACA,24.7,4.2,pseudospot_1375
CTGGCATAGCCACATA,24.7,4.2,pseudospot_1375
GAATCTGAGCCACATA,24.7,4.2,pseudospot_1375
CTGGCATAGCGAGTAA,87.1,41.9,pseudospot_1376
GAATCTGAGCGAGTAA,87.1,41.9,pseudospot_1376
GAATCTGAGCTAACGA,87.1,41.9,pseudospot_1376
CTGGCATAGCTAACGA,87.1,41.9,pseudospot_1376
GAATCTGAGCTCGGTA,44.5,16.8,pseudospot_1377
CTGGCATAGGAGAACA,44.5,16.8,pseudospot_1377
GAATCTGAGGAGAACA,44.5,16.8,pseudospot_1377
CTGGCATAGCTCGGTA,44.5,16.8,pseudospot_1377
GAATCTGAGGTGCGAA,51.5,87.9,pseudospot_1378
CTGGCATAGTACGCAA,51.5,87.9,pseudospot_1378
CTGGCATAGGTGCGAA,51.5,87.9,pseudospot_1378
GAATCTGAGTACGCAA,51.5,87.9,pseudospot_1378
GAATCTGAGTCGTAGA,35.9,55.7,pseudospot_1379
CTGGCATAGTCTGTCA,35.9,55.7,pseudospot_1379
CTGGCATAGTCGTAGA,35.9,55.7,pseudospot_1379
GAATCTGAGTCTGTCA,35.9,55.7,pseudospot_1379
CTGGCATAGTGTTCTA,59.3,23.1,pseudospot_1380
GAATCTGATAGGATGA,59.3,23.1,pseudospot_1380
CTGGCATATAGGATGA,59.3,23.1,pseudospot_1380
GAATCTGAGTGTTCTA,59.3,23.1,pseudospot_1380
GAATCTGATCCGTCTA,16.4,50.2,pseudospot_1381
CTGGCATATCCGTCTA,16.4,50.2,pseudospot_1381
CTGGCATATATCAGCA,16.4,50.2,pseudospot_1381
GAATCTGATATCAGCA,16.4,50.2,pseudospot_1381
CTGGCATATCTTCACA,39.1,73.1,pseudospot_1382
GAATCTGATCTTCACA,39.1,73.1,pseudospot_1382
CTGGCATATGAAGAGA,39.1,73.1,pseudospot_1382
GAATCTGATGAAGAGA,39.1,73.1,pseudospot_1382
CTGGCATATGGCTTCA,96.9,95.8,pseudospot_1383
CTGGCATATGGAACAA,96.9,95.8,pseudospot_1383
GAATCTGATGGAACAA,96.9,95.8,pseudospot_1383
GAATCTGATGGCTTCA,96.9,95.8,pseudospot_1383
GAATCTGATGGTGGTA,25.8,22.0,pseudospot_1384
CTGGCATATTCACGCA,25.8,22.0,pseudospot_1384
GAATCTGATTCACGCA,25.8,22.0,pseudospot_1384
CTGGCATATGGTGGTA,25.8,22.0,pseudospot_1384
GAATCTGAAAGAGATC,65.7,88.6,pseudospot_1385
CTGGCATAAACTCACC,65.7,88.6,pseudospot_1385
CTGGCATAAAGAGATC,65.7,88.6,pseudospot_1385
GAATCTGAAACTCACC,65.7,88.6,pseudospot_1385
GAATCTGAAATCCGTC,32.5,93.4,pseudospot_1386
CTGGCATAAAGGACAC,32.5,93.4,pseudospot_1386
GAATCTGAAAGGACAC,32.5,93.4,pseudospot_1386
CTGGCATAAATCCGTC,32.5,93.4,pseudospot_1386
CTGGCATAAATGTTGC,77.3,91.6,pseudospot_1387
CTGGCATAACACGACC,77.3,91.6,pseudospot_1387
GAATCTGAAATGTTGC,77.3,91.6,pseudospot_1387
GAATCTGAACACGACC,77.3,91.6,pseudospot_1387
CTGGCATAACAGATTC,13.1,63.5,pseudospot_1388
GAATCTGAACAGATTC,13.1,63.5,pseudospot_1388
GAATCTGAAGATGTAC,13.1,63.5,pseudospot_1388
CTGGCATAAGATGTAC,13.1,63.5,pseudospot_1388
GAATCTGAAGCACCTC,97.0,63.0,pseudospot_1389
CTGGCATAAGCACCTC,97.0,63.0,pseudospot_1389
CTGGCATAAGCCATGC,97.0,63.0,pseudospot_1389
GAATCTGAAGCCATGC,97.0,63.0,pseudospot_1389
CTGGCATAATAGCGAC,45.4,40.3,pseudospot_1390
GAATCTGAAGGCTAAC,45.4,40.3,pseudospot_1390
CTGGCATAAGGCTAAC,45.4,40.3,pseudospot_1390
GAATCTGAATAGCGAC,45.4,40.3,pseudospot_1390
CTGGCATAATTGGCTC,23.6,75.2,pseudospot_1391
GAATCTGAATTGGCTC,23.6,75.2,pseudospot_1391
CTGGCATAATCATTCC,23.6,75.2,pseudospot_1391
GAATCTGAATCATTCC,23.6,75.2,pseudospot_1391
GAATCTGACAAGGAGC,7.3,53.1,pseudospot_1392
GAATCTGACACCTTAC,7.3,53.1,pseudospot_1392
CTGGCATACAAGGAGC,7.3,53.1,pseudospot_1392
CTGGCATACACCTTAC,7.3,53.1,pseudospot_1392
CTGGCATACCATCCTC,17.0,67.7,pseudospot_1393
GAATCTGACCGACAAC,17.0,67.7,pseudospot_1393
CTGGCATACCGACAAC,17.0,67.7,pseudospot_1393
GAATCTGACCATCCTC,17.0,67.7,pseudospot_1393
CTGGCATACCTAATCC,52.0,42.8,pseudospot_1394
GAATCTGACCTCTATC,52.0,42.8,pseudospot_1394
GAATCTGACCTAATCC,52.0,42.8,pseudospot_1394
CTGGCATACCTCTATC,52.0,42.8,pseudospot_1394
CTGGCATACGACACAC,33.7,73.1,pseudospot_1395
GAATCTGACGACACAC,33.7,73.1,pseudospot_1395
GAATCTGACGGATTGC,33.7,73.1,pseudospot_1395
CTGGCATACGGATTGC,33.7,73.1,pseudospot_1395
GAATCTGACTAAGGTC,82.9,82.4,pseudospot_1396
CTGGCATACTAAGGTC,82.9,82.4,pseudospot_1396
CTGGCATAGAACAGGC,82.9,82.4,pseudospot_1396
GAATCTGAGAACAGGC,82.9,82.4,pseudospot_1396
GAATCTGAGACAGTGC,43.1,14.6,pseudospot_1397
CTGGCATAGACAGTGC,43.1,14.6,pseudospot_1397
GAATCTGAGAGTTAGC,43.1,14.6,pseudospot_1397
CTGGCATAGAGTTAGC,43.1,14.6,pseudospot_1397
GAATCTGAGCCAAGAC,24.9,83.3,pseudospot_1398
GAATCTGAGATGAATC,24.9,83.3,pseudospot_1398
CTGGCATAGATGAATC,24.9,83.3,pseudospot_1398
CTGGCATAGCCAAGAC,24.9,83.3,pseudospot_1398
GAATCTGAGTGACAAG,61.7,54.0,pseudospot_1399
GAATCTGACGGAAGAA,61.7,54.0,pseudospot_1399
CTGGCATACGGAAGAA,61.7,54.0,pseudospot_1399
CTGGCATAGTGACAAG,61.7,54.0,pseudospot_1399
CTGGCATAGAACCAGA,70.7,84.5,pseudospot_1400
CTGGCATATTGCTGGA,70.7,84.5,pseudospot_1400
GAATCTGAGAACCAGA,70.7,84.5,pseudospot_1400
GAATCTGATTGCTGGA,70.7,84.5,pseudospot_1400
CTGAGCCACGACTGGA,31.6,94.7,pseudospot_1421
CTGAGCCACGCATACA,31.6,94.7,pseudospot_1421
CTCAATGACGACTGGA,31.6,94.7,pseudospot_1421
CTCAATGACGCATACA,31.6,94.7,pseudospot_1421
CTCAATGACTGAGCCA,50.7,40.0,pseudospot_1422
CTGAGCCACTCAATGA,50.7,40.0,pseudospot_1422
CTGAGCCACTGAGCCA,50.7,40.0,pseudospot_1422
CTCAATGACTCAATGA,50.7,40.0,pseudospot_1422
CTGAGCCACTGGCATA,4.2,78.3,pseudospot_1423
CTCAATGACTGGCATA,4.2,78.3,pseudospot_1423
CTGAGCCAGAATCTGA,4.2,78.3,pseudospot_1423
CTCAATGAGAATCTGA,4.2,78.3,pseudospot_1423
CTGAGCCACAAGACTA,14.8,26.6,pseudospot_1424
CTCAATGAGAGCTGAA,14.8,26.6,pseudospot_1424
CTCAATGACAAGACTA,14.8,26.6,pseudospot_1424
CTGAGCCAGAGCTGAA,14.8,26.6,pseudospot_1424
CTCAATGAGCCACATA,98.7,99.0,pseudospot_1425
CTCAATGAGATAGACA,98.7,99.0,pseudospot_1425
CTGAGCCAGATAGACA,98.7,99.0,pseudospot_1425
CTGAGCCAGCCACATA,98.7,99.0,pseudospot_1425
CTGAGCCAGCGAGTAA,96.5,2.6,pseudospot_1426
CTGAGCCAGCTAACGA,96.5,2.6,pseudospot_1426
CTCAATGAGCTAACGA,96.5,2.6,pseudospot_1426
CTCAATGAGCGAGTAA,96.5,2.6,pseudospot_1426
CTGAGCCAGGAGAACA,0.5,60.4,pseudospot_1427
CTCAATGAGGAGAACA,0.5,60.4,pseudospot_1427
CTCAATGAGCTCGGTA,0.5,60.4,pseudospot_1427
CTGAGCCAGCTCGGTA,0.5,60.4,pseudospot_1427
CTCAATGAGTACGCAA,95.2,66.0,pseudospot_1428
CTGAGCCAGTACGCAA,95.2,66.0,pseudospot_1428
CTGAGCCAGGTGCGAA,95.2,66.0,pseudospot_1428
CTCAATGAGGTGCGAA,95.2,66.0,pseudospot_1428
CTGAGCCAGTCGTAGA,63.9,68.8,pseudospot_1429
CTCAATGAGTCTGTCA,63.9,68.8,pseudospot_1429
CTCAATGAGTCGTAGA,63.9,68.8,pseudospot_1429
CTGAGCCAGTCTGTCA,63.9,68.8,pseudospot_1429
CTGAGCCATAGGATGA,86.8,12.0,pseudospot_1430
CTGAGCCAGTGTTCTA,86.8,12.0,pseudospot_1430
CTCAATGAGTGTTCTA,86.8,12.0,pseudospot_1430
CTCAATGATAGGATGA,86.8,12.0,pseudospot_1430
CTGAGCCATCCGTCTA,45.5,93.9,pseudospot_1431
CTGAGCCATATCAGCA,45.5,93.9,pseudospot_1431
CTCAATGATATCAGCA,45.5,93.9,pseudospot_1431
CTCAATGATCCGTCTA,45.5,93.9,pseudospot_1431
CTGAGCCATCTTCACA,51.6,18.1,pseudospot_1432
CTCAATGATGAAGAGA,51.6,18.1,pseudospot_1432
CTGAGCCATGAAGAGA,51.6,18.1,pseudospot_1432
CTCAATGATCTTCACA,51.6,18.1,pseudospot_1432
CTCAATGATGGAACAA,48.9,62.3,pseudospot_1433
CTCAATGATGGCTTCA,48.9,62.3,pseudospot_1433
CTGAGCCATGGCTTCA,48.9,62.3,pseudospot_1433
CTGAGCCATGGAACAA,48.9,62.3,pseudospot_1433
CTCAATGATTCACGCA,66.7,22.3,pseudospot_1434
CTGAGCCATTCACGCA,66.7,22.3,pseudospot_1434
CTCAATGATGGTGGTA,66.7,22.3,pseudospot_1434
CTGAGCCATGGTGGTA,66.7,22.3,pseudospot_1434
CTCAATGAAAGAGATC,14.0,30.7,pseudospot_1435
CTCAATGAAACTCACC,14.0,30.7,pseudospot_1435
CTGAGCCAAAGAGATC,14.0,30.7,pseudospot_1435
CTGAGCCAAACTCACC,14.0,30.7,pseudospot_1435
CTCAATGAAAGGACAC,3.0,54.6,pseudospot_1436
CTGAGCCAAAGGACAC,3.0,54.6,pseudospot_1436
CTGAGCCAAATCCGTC,3.0,54.6,pseudospot_1436
CTCAATGAAATCCGTC,3.0,54.6,pseudospot_1436
CTCAATGAAATGTTGC,30.8,41.7,pseudospot_1437
CTCAATGAACACGACC,30.8,41.7,pseudospot_1437
CTGAGCCAACACGACC,30.8,41.7,pseudospot_1437
CTGAGCCAAATGTTGC,30.8,41.7,pseudospot_1437
CTCAATGAAGATGTAC,70.5,16.0,pseudospot_1438
CTCAATGAACAGATTC,70.5,16.0,pseudospot_1438
CTGAGCCAACAGATTC,70.5,16.0,pseudospot_1438
CTGAGCCAAGATGTAC,70.5,16.0,pseudospot_1438
CTGAGCCAAGCCATGC,20.2,17.1,pseudospot_1439
CTGAGCCAAGCACCTC,20.2,17.1,pseudospot_1439
CTCAATGAAGCACCTC,20.2,17.1,pseudospot_1439
CTCAATGAAGCCATGC,20.2,17.1,pseudospot_1439
CTGAGCCAATAGCGAC,67.3,41.8,pseudospot_1440
CTCAATGAAGGCTAAC,67.3,41.8,pseudospot_1440
CTCAATGAATAGCGAC,67.3,41.8,pseudospot_1440
CTGAGCCAAGGCTAAC,67.3,41.8,pseudospot_1440
CTCAATGAATTGGCTC,97.0,75.7,pseudospot_1441
CTGAGCCAATCATTCC,97.0,75.7,pseudospot_1441
CTCAATGAATCATTCC,97.0,75.7,pseudospot_1441
CTGAGCCAATTGGCTC,97.0,75.7,pseudospot_1441
CTCAATGACACCTTAC,9.4,89.8,pseudospot_1442
CTGAGCCACAAGGAGC,9.4,89.8,pseudospot_1442
CTCAATGACAAGGAGC,9.4,89.8,pseudospot_1442
CTGAGCCACACCTTAC,9.4,89.8,pseudospot_1442
CTGAGCCACCGACAAC,67.3,8.4,pseudospot_1443
CTCAATGACCGACAAC,67.3,8.4,pseudospot_1443
CTGAGCCACCATCCTC,67.3,8.4,pseudospot_1443
CTCAATGACCATCCTC,67.3,8.4,pseudospot_1443
CTGAGCCACCTAATCC,44.4,39.3,pseudospot_1444
CTCAATGACCTAATCC,44.4,39.3,pseudospot_1444
CTGAGCCACCTCTATC,44.4,39.3,pseudospot_1444
CTCAATGACCTCTATC,44.4,39.3,pseudospot_1444
CTGAGCCACGGATTGC,86.8,10.0,pseudospot_1445
CTCAATGACGACACAC,86.8,10.0,pseudospot_1445
CTCAATGACGGATTGC,86.8,10.0,pseudospot_1445
CTGAGCCACGACACAC,86.8,10.0,pseudospot_1445
CTGAGCCAGAACAGGC,17.7,1.7,pseudospot_1446
CTGAGCCACTAAGGTC,17.7,1.7,pseudospot_1446
CTCAATGACTAAGGTC,17.7,1.7,pseudospot_1446
CTCAATGAGAACAGGC,17.7,1.7,pseudospot_1446
CTCAATGAGAGTTAGC,69.3,66.2,pseudospot_1447
CTGAGCCAGAGTTAGC,69.3,66.2,pseudospot_1447
CTCAATGAGACAGTGC,69.3,66.2,pseudospot_1447
CTGAGCCAGACAGTGC,69.3,66.2,pseudospot_1447
CTGAGCCAGATGAATC,83.8,60.2,pseudospot_1448
CTCAATGAGCCAAGAC,83.8,60.2,pseudospot_1448
CTCAATGAGATGAATC,83.8,60.2,pseudospot_1448
CTGAGCCAGCCAAGAC,83.8,60.2,pseudospot_1448
CTGAGCCACGGAAGAA,94.5,16.3,pseudospot_1449
CTGAGCCAGTGACAAG,94.5,16.3,pseudospot_1449
CTCAATGACGGAAGAA,94.5,16.3,pseudospot_1449
CTCAATGAGTGACAAG,94.5,16.3,pseudospot_1449
CTGAGCCAGAACCAGA,68.3,23.4,pseudospot_1450
CTGAGCCATTGCTGGA,68.3,23.4,pseudospot_1450
CTCAATGAGAACCAGA,68.3,23.4,pseudospot_1450
CTCAATGATTGCTGGA,68.3,23.4,pseudospot_1450
CGCATACACGACTGGA,56.7,97.4,pseudospot_1471
CGACTGGACGCATACA,56.7,97.4,pseudospot_1471
CGACTGGACGACTGGA,56.7,97.4,pseudospot_1471
CGCATACACGCATACA,56.7,97.4,pseudospot_1471
CGACTGGACTCAATGA,73.8,54.4,pseudospot_1472
CGCATACACTGAGCCA,73.8,54.4,pseudospot_1472
CGCATACACTCAATGA,73.8,54.4,pseudospot_1472
CGACTGGACTGAGCCA,73.8,54.4,pseudospot_1472
CGCATACACTGGCATA,87.9,27.5,pseudospot_1473
CGCATACAGAATCTGA,87.9,27.5,pseudospot_1473
CGACTGGACTGGCATA,87.9,27.5,pseudospot_1473
CGACTGGAGAATCTGA,87.9,27.5,pseudospot_1473
CGACTGGAGAGCTGAA,40.4,70.9,pseudospot_1474
CGCATACAGAGCTGAA,40.4,70.9,pseudospot_1474
CGACTGGACAAGACTA,40.4,70.9,pseudospot_1474
CGCATACACAAGACTA,40.4,70.9,pseudospot_1474
CGACTGGAGCCACATA,32.7,27.1,pseudospot_1475
CGCATACAGCCACATA,32.7,27.1,pseudospot_1475
CGCATACAGATAGACA,32.7,27.1,pseudospot_1475
CGACTGGAGATAGACA,32.7,27.1,pseudospot_1475
CGACTGGAGCTAACGA,66.8,90.4,pseudospot_1476
CGCATACAGCTAACGA,66.8,90.4,pseudospot_1476
CGCATACAGCGAGTAA,66.8,90.4,pseudospot_1476
CGACTGGAGCGAGTAA,66.8,90.4,pseudospot_1476
CGACTGGAGCTCGGTA,80.8,37.5,pseudospot_1477
CGCATACAGGAGAACA,80.8,37.5,pseudospot_1477
CGCATACAGCTCGGTA,80.8,37.5,pseudospot_1477
CGACTGGAGGAGAACA,80.8,37.5,pseudospot_1477
CGCATACAGTACGCAA,76.2,55.0,pseudospot_1478
CGACTGGAGTACGCAA,76.2,55.0,pseudospot_1478
CGACTGGAGGTGCGAA,76.2,55.0,pseudospot_1478
CGCATACAGGTGCGAA,76.2,55.0,pseudospot_1478
CGACTGGAGTCGTAGA,79.8,5.1,pseudospot_1479
CGCATACAGTCTGTCA,79.8,5.1,pseudospot_1479
CGACTGGAGTCTGTCA,79.8,5.1,pseudospot_1479
CGCATACAGTCGTAGA,79.8,5.1,pseudospot_1479
CGCATACATAGGATGA,43.6,42.6,pseudospot_1480
CGACTGGAGTGTTCTA,43.6,42.6,pseudospot_1480
CGCATACAGTGTTCTA,43.6,42.6,pseudospot_1480
CGACTGGATAGGATGA,43.6,42.6,pseudospot_1480
CGCATACATATCAGCA,81.8,83.2,pseudospot_1481
CGCATACATCCGTCTA,81.8,83.2,pseudospot_1481
CGACTGGATATCAGCA,81.8,83.2,pseudospot_1481
CGACTGGATCCGTCTA,81.8,83.2,pseudospot_1481
CGCATACATCTTCACA,12.0,80.6,pseudospot_1482
CGACTGGATCTTCACA,12.0,80.6,pseudospot_1482
CGCATACATGAAGAGA,12.0,80.6,pseudospot_1482
CGACTGGATGAAGAGA,12.0,80.6,pseudospot_1482
CGCATACATGGCTTCA,54.4,22.4,pseudospot_1483
CGCATACATGGAACAA,54.4,22.4,pseudospot_1483
CGACTGGATGGCTTCA,54.4,22.4,pseudospot_1483
CGACTGGATGGAACAA,54.4,22.4,pseudospot_1483
CGACTGGATGGTGGTA,0.6,22.6,pseudospot_1484
CGCATACATTCACGCA,0.6,22.6,pseudospot_1484
CGACTGGATTCACGCA,0.6,22.6,pseudospot_1484
CGCATACATGGTGGTA,0.6,22.6,pseudospot_1484
CGACTGGAAAGAGATC,32.5,81.7,pseudospot_1485
CGCATACAAACTCACC,32.5,81.7,pseudospot_1485
CGACTGGAAACTCACC,32.5,81.7,pseudospot_1485
CGCATACAAAGAGATC,32.5,81.7,pseudospot_1485
CGACTGGAAATCCGTC,36.6,93.0,pseudospot_1486
CGCATACAAATCCGTC,36.6,93.0,pseudospot_1486
CGCATACAAAGGACAC,36.6,93.0,pseudospot_1486
CGACTGGAAAGGACAC,36.6,93.0,pseudospot_1486
CGCATACAACACGACC,39.6,9.5,pseudospot_1487
CGACTGGAACACGACC,39.6,9.5,pseudospot_1487
CGCATACAAATGTTGC,39.6,9.5,pseudospot_1487
CGACTGGAAATGTTGC,39.6,9.5,pseudospot_1487
CGCATACAACAGATTC,69.5,45.0,pseudospot_1488
CGACTGGAAGATGTAC,69.5,45.0,pseudospot_1488
CGACTGGAACAGATTC,69.5,45.0,pseudospot_1488
CGCATACAAGATGTAC,69.5,45.0,pseudospot_1488
CGACTGGAAGCCATGC,38.9,33.7,pseudospot_1489
CGCATACAAGCACCTC,38.9,33.7,pseudospot_1489
CGACTGGAAGCACCTC,38.9,33.7,pseudospot_1489
CGCATACAAGCCATGC,38.9,33.7,pseudospot_1489
CGCATACAAGGCTAAC,44.9,87.1,pseudospot_1490
CGACTGGAATAGCGAC,44.9,87.1,pseudospot_1490
CGACTGGAAGGCTAAC,44.9,87.1,pseudospot_1490
CGCATACAATAGCGAC,44.9,87.1,pseudospot_1490
CGACTGGAATCATTCC,23.8,8.4,pseudospot_1491
CGCATACAATTGGCTC,23.8,8.4,pseudospot_1491
CGCATACAATCATTCC,23.8,8.4,pseudospot_1491
CGACTGGAATTGGCTC,23.8,8.4,pseudospot_1491
CGACTGGACACCTTAC,37.3,21.1,pseudospot_1492
CGACTGGACAAGGAGC,37.3,21.1,pseudospot_1492
CGCATACACAAGGAGC,37.3,21.1,pseudospot_1492
CGCATACACACCTTAC,37.3,21.1,pseudospot_1492
CGCATACACCGACAAC,22.7,75.2,pseudospot_1493
CGACTGGACCGACAAC,22.7,75.2,pseudospot_1493
CGCATACACCATCCTC,22.7,75.2,pseudospot_1493
CGACTGGACCATCCTC,22.7,75.2,pseudospot_1493
CGCATACACCTCTATC,7.3,5.1,pseudospot_1494
CGACTGGACCTCTATC,7.3,5.1,pseudospot_1494
CGCATACACCTAATCC,7.3,5.1,pseudospot_1494
CGACTGGACCTAATCC,7.3,5.1,pseudospot_1494
CGCATACACGGATTGC,60.3,49.3,pseudospot_1495
CGACTGGACGGATTGC,60.3,49.3,pseudospot_1495
CGACTGGACGACACAC,60.3,49.3,pseudospot_1495
CGCATACACGACACAC,60.3,49.3,pseudospot_1495
CGACTGGACTAAGGTC,66.8,44.2,pseudospot_1496
CGCATACACTAAGGTC,66.8,44.2,pseudospot_1496
CGCATACAGAACAGGC,66.8,44.2,pseudospot_1496
CGACTGGAGAACAGGC,66.8,44.2,pseudospot_1496
CGACTGGAGACAGTGC,61.9,33.4,pseudospot_1497
CGCATACAGAGTTAGC,61.9,33.4,pseudospot_1497
CGACTGGAGAGTTAGC,61.9,33.4,pseudospot_1497
CGCATACAGACAGTGC,61.9,33.4,pseudospot_1497
CGACTGGAGCCAAGAC,46.3,39.5,pseudospot_1498
CGACTGGAGATGAATC,46.3,39.5,pseudospot_1498
CGCATACAGCCAAGAC,46.3,39.5,pseudospot_1498
CGCATACAGATGAATC,46.3,39.5,pseudospot_1498
CGACTGGAGTGACAAG,38.0,53.0,pseudospot_1499
CGACTGGACGGAAGAA,38.0,53.0,pseudospot_1499
CGCATACACGGAAGAA,38.0,53.0,pseudospot_1499
CGCATACAGTGACAAG,38.0,53.0,pseudospot_1499
CGACTGGATTGCTGGA,86.3,16.1,pseudospot_1500
CGCATACAGAACCAGA,86.3,16.1,pseudospot_1500
CGCATACATTGCTGGA,86.3,16.1,pseudospot_1500
CGACTGGAGAACCAGA,86.3,16.1,pseudospot_1500
CCTCCTGACGACTGGA,6.0,41.1,pseudospot_1521
CCTCCTGACGCATACA,6.0,41.1,pseudospot_1521
CGAACTTACGACTGGA,6.0,41.1,pseudospot_1521
CGAACTTACGCATACA,6.0,41.1,pseudospot_1521
CCTCCTGACTCAATGA,93.4,24.1,pseudospot_1522
CGAACTTACTCAATGA,93.4,24.1,pseudospot_1522
CGAACTTACTGAGCCA,93.4,24.1,pseudospot_1522
CCTCCTGACTGAGCCA,93.4,24.1,pseudospot_1522
CGAACTTAGAATCTGA,35.2,67.2,pseudospot_1523
CCTCCTGACTGGCATA,35.2,67.2,pseudospot_1523
CCTCCTGAGAATCTGA,35.2,67.2,pseudospot_1523
CGAACTTACTGGCATA,35.2,67.2,pseudospot_1523
CGAACTTAGAGCTGAA,10.1,82.6,pseudospot_1524
CCTCCTGAGAGCTGAA,10.1,82.6,pseudospot_1524
CGAACTTACAAGACTA,10.1,82.6,pseudospot_1524
CCTCCTGACAAGACTA,10.1,82.6,pseudospot_1524
CGAACTTAGCCACATA,48.6,67.3,pseudospot_1525
CCTCCTGAGATAGACA,48.6,67.3,pseudospot_1525
CCTCCTGAGCCACATA,48.6,67.3,pseudospot_1525
CGAACTTAGATAGACA,48.6,67.3,pseudospot_1525
CGAACTTAGCGAGTAA,25.7,82.4,pseudospot_1526
CCTCCTGAGCTAACGA,25.7,82.4,pseudospot_1526
CGAACTTAGCTAACGA,25.7,82.4,pseudospot_1526
CCTCCTGAGCGAGTAA,25.7,82.4,pseudospot_1526
CGAACTTAGGAGAACA,28.5,39.7,pseudospot_1527
CGAACTTAGCTCGGTA,28.5,39.7,pseudospot_1527
CCTCCTGAGCTCGGTA,28.5,39.7,pseudospot_1527
CCTCCTGAGGAGAACA,28.5,39.7,pseudospot_1527
CGAACTTAGGTGCGAA,30.7,15.6,pseudospot_1528
CGAACTTAGTACGCAA,30.7,15.6,pseudospot_1528
CCTCCTGAGTACGCAA,30.7,15.6,pseudospot_1528
CCTCCTGAGGTGCGAA,30.7,15.6,pseudospot_1528
CGAACTTAGTCGTAGA,80.3,73.8,pseudospot_1529
CCTCCTGAGTCGTAGA,80.3,73.8,pseudospot_1529
CCTCCTGAGTCTGTCA,80.3,73.8,pseudospot_1529
CGAACTTAGTCTGTCA,80.3,73.8,pseudospot_1529
CGAACTTATAGGATGA,53.9,36.0,pseudospot_1530
CCTCCTGAGTGTTCTA,53.9,36.0,pseudospot_1530
CGAACTTAGTGTTCTA,53.9,36.0,pseudospot_1530
CCTCCTGATAGGATGA,53.9,36.0,pseudospot_1530
CCTCCTGATATCAGCA,31.1,67.1,pseudospot_1531
CGAACTTATATCAGCA,31.1,67.1,pseudospot_1531
CGAACTTATCCGTCTA,31.1,67.1,pseudospot_1531
CCTCCTGATCCGTCTA,31.1,67.1,pseudospot_1531
CGAACTTATGAAGAGA,61.0,27.1,pseudospot_1532
CCTCCTGATCTTCACA,61.0,27.1,pseudospot_1532
CCTCCTGATGAAGAGA,61.0,27.1,pseudospot_1532
CGAACTTATCTTCACA,61.0,27.1,pseudospot_1532
CGAACTTATGGAACAA,71.6,8.1,pseudospot_1533
CCTCCTGATGGCTTCA,71.6,8.1,pseudospot_1533
CCTCCTGATGGAACAA,71.6,8.1,pseudospot_1533
CGAACTTATGGCTTCA,71.6,8.1,pseudospot_1533
CCTCCTGATGGTGGTA,27.3,99.3,pseudospot_1534
CGAACTTATGGTGGTA,27.3,99.3,pseudospot_1534
CGAACTTATTCACGCA,27.3,99.3,pseudospot_1534
CCTCCTGATTCACGCA,27.3,99.3,pseudospot_1534
CGAACTTAAACTCACC,41.4,15.6,pseudospot_1535
CCTCCTGAAACTCACC,41.4,15.6,pseudospot_1535
CGAACTTAAAGAGATC,41.4,15.6,pseudospot_1535
CCTCCTGAAAGAGATC,41.4,15.6,pseudospot_1535
CCTCCTGAAATCCGTC,12.2,98.8,pseudospot_1536
CCTCCTGAAAGGACAC,12.2,98.8,pseudospot_1536
CGAACTTAAATCCGTC,12.2,98.8,pseudospot_1536
CGAACTTAAAGGACAC,12.2,98.8,pseudospot_1536
CGAACTTAAATGTTGC,18.1,97.7,pseudospot_1537
CCTCCTGAACACGACC,18.1,97.7,pseudospot_1537
CGAACTTAACACGACC,18.1,97.7,pseudospot_1537
CCTCCTGAAATGTTGC,18.1,97.7,pseudospot_1537
CGAACTTAACAGATTC,68.1,79.4,pseudospot_1538
CCTCCTGAAGATGTAC,68.1,79.4,pseudospot_1538
CCTCCTGAACAGATTC,68.1,79.4,pseudospot_1538
CGAACTTAAGATGTAC,68.1,79.4,pseudospot_1538
CGAACTTAAGCCATGC,18.1,65.9,pseudospot_1539
CCTCCTGAAGCCATGC,18.1,65.9,pseudospot_1539
CCTCCTGAAGCACCTC,18.1,65.9,pseudospot_1539
CGAACTTAAGCACCTC,18.1,65.9,pseudospot_1539
CCTCCTGAATAGCGAC,52.5,57.8,pseudospot_1540
CGAACTTAATAGCGAC,52.5,57.8,pseudospot_1540
CGAACTTAAGGCTAAC,52.5,57.8,pseudospot_1540
CCTCCTGAAGGCTAAC,52.5,57.8,pseudospot_1540
CGAACTTAATTGGCTC,70.9,86.6,pseudospot_1541
CGAACTTAATCATTCC,70.9,86.6,pseudospot_1541
CCTCCTGAATCATTCC,70.9,86.6,pseudospot_1541
CCTCCTGAATTGGCTC,70.9,86.6,pseudospot_1541
CGAACTTACACCTTAC,10.7,28.9,pseudospot_1542
CGAACTTACAAGGAGC,10.7,28.9,pseudospot_1542
CCTCCTGACAAGGAGC,10.7,28.9,pseudospot_1542
CCTCCTGACACCTTAC,10.7,28.9,pseudospot_1542
CGAACTTACCATCCTC,56.7,46.8,pseudospot_1543
CCTCCTGACCGACAAC,56.7,46.8,pseudospot_1543
CCTCCTGACCATCCTC,56.7,46.8,pseudospot_1543
CGAACTTACCGACAAC,56.7,46.8,pseudospot_1543
CGAACTTACCTCTATC,25.7,61.9,pseudospot_1544
CGAACTTACCTAATCC,25.7,61.9,pseudospot_1544
CCTCCTGACCTCTATC,25.7,61.9,pseudospot_1544
CCTCCTGACCTAATCC,25.7,61.9,pseudospot_1544
CCTCCTGACGGATTGC,96.3,41.1,pseudospot_1545
CCTCCTGACGACACAC,96.3,41.1,pseudospot_1545
CGAACTTACGACACAC,96.3,41.1,pseudospot_1545
CGAACTTACGGATTGC,96.3,41.1,pseudospot_1545
CGAACTTACTAAGGTC,48.4,42.7,pseudospot_1546
CGAACTTAGAACAGGC,48.4,42.7,pseudospot_1546
CCTCCTGAGAACAGGC,48.4,42.7,pseudospot_1546
CCTCCTGACTAAGGTC,48.4,42.7,pseudospot_1546
CCTCCTGAGACAGTGC,80.6,33.0,pseudospot_1547
CGAACTTAGACAGTGC,80.6,33.0,pseudospot_1547
CGAACTTAGAGTTAGC,80.6,33.0,pseudospot_1547
CCTCCTGAGAGTTAGC,80.6,33.0,pseudospot_1547
CGAACTTAGATGAATC,55.0,56.4,pseudospot_1548
CCTCCTGAGATGAATC,55.0,56.4,pseudospot_1548
CGAACTTAGCCAAGAC,55.0,56.4,pseudospot_1548
CCTCCTGAGCCAAGAC,55.0,56.4,pseudospot_1548
CGAACTTAGTGACAAG,4.3,85.1,pseudospot_1549
CGAACTTACGGAAGAA,4.3,85.1,pseudospot_1549
CCTCCTGACGGAAGAA,4.3,85.1,pseudospot_1549
CCTCCTGAGTGACAAG,4.3,85.1,pseudospot_1549
CCTCCTGATTGCTGGA,63.3,20.2,pseudospot_1550
CGAACTTATTGCTGGA,63.3,20.2,pseudospot_1550
CCTCCTGAGAACCAGA,63.3,20.2,pseudospot_1550
CGAACTTAGAACCAGA,63.3,20.2,pseudospot_1550
CCGTGAGACGCATACA,58.7,32.4,pseudospot_1571
CCGTGAGACGACTGGA,58.7,32.4,pseudospot_1571
CCGAAGTACGACTGGA,58.7,32.4,pseudospot_1571
CCGAAGTACGCATACA,58.7,32.4,pseudospot_1571
CCGTGAGACTGAGCCA,16.8,67.6,pseudospot_1572
CCGAAGTACTCAATGA,16.8,67.6,pseudospot_1572
CCGTGAGACTCAATGA,16.8,67.6,pseudospot_1572
CCGAAGTACTGAGCCA,16.8,67.6,pseudospot_1572
CCGAAGTAGAATCTGA,73.7,59.4,pseudospot_1573
CCGAAGTACTGGCATA,73.7,59.4,pseudospot_1573
CCGTGAGACTGGCATA,73.7,59.4,pseudospot_1573
CCGTGAGAGAATCTGA,73.7,59.4,pseudospot_1573
CCGAAGTACAAGACTA,86.3,60.3,pseudospot_1574
CCGTGAGACAAGACTA,86.3,60.3,pseudospot_1574
CCGTGAGAGAGCTGAA,86.3,60.3,pseudospot_1574
CCGAAGTAGAGCTGAA,86.3,60.3,pseudospot_1574
CCGTGAGAGCCACATA,21.7,68.3,pseudospot_1575
CCGAAGTAGCCACATA,21.7,68.3,pseudospot_1575
CCGAAGTAGATAGACA,21.7,68.3,pseudospot_1575
CCGTGAGAGATAGACA,21.7,68.3,pseudospot_1575
CCGTGAGAGCTAACGA,9.6,57.5,pseudospot_1576
CCGAAGTAGCTAACGA,9.6,57.5,pseudospot_1576
CCGAAGTAGCGAGTAA,9.6,57.5,pseudospot_1576
CCGTGAGAGCGAGTAA,9.6,57.5,pseudospot_1576
CCGTGAGAGGAGAACA,2.4,42.9,pseudospot_1577
CCGAAGTAGGAGAACA,2.4,42.9,pseudospot_1577
CCGTGAGAGCTCGGTA,2.4,42.9,pseudospot_1577
CCGAAGTAGCTCGGTA,2.4,42.9,pseudospot_1577
CCGTGAGAGGTGCGAA,64.2,27.6,pseudospot_1578
CCGAAGTAGTACGCAA,64.2,27.6,pseudospot_1578
CCGAAGTAGGTGCGAA,64.2,27.6,pseudospot_1578
CCGTGAGAGTACGCAA,64.2,27.6,pseudospot_1578
CCGAAGTAGTCTGTCA,60.7,76.9,pseudospot_1579
CCGTGAGAGTCTGTCA,60.7,76.9,pseudospot_1579
CCGTGAGAGTCGTAGA,60.7,76.9,pseudospot_1579
CCGAAGTAGTCGTAGA,60.7,76.9,pseudospot_1579
CCGTGAGATAGGATGA,54.7,22.6,pseudospot_1580
CCGTGAGAGTGTTCTA,54.7,22.6,pseudospot_1580
CCGAAGTAGTGTTCTA,54.7,22.6,pseudospot_1580
CCGAAGTATAGGATGA,54.7,22.6,pseudospot_1580
CCGAAGTATATCAGCA,23.2,69.2,pseudospot_1581
CCGTGAGATATCAGCA,23.2,69.2,pseudospot_1581
CCGAAGTATCCGTCTA,23.2,69.2,pseudospot_1581
CCGTGAGATCCGTCTA,23.2,69.2,pseudospot_1581
CCGTGAGATGAAGAGA,39.1,23.3,pseudospot_1582
CCGTGAGATCTTCACA,39.1,23.3,pseudospot_1582
CCGAAGTATCTTCACA,39.1,23.3,pseudospot_1582
CCGAAGTATGAAGAGA,39.1,23.3,pseudospot_1582
CCGTGAGATGGCTTCA,59.4,62.5,pseudospot_1583
CCGAAGTATGGAACAA,59.4,62.5,pseudospot_1583
CCGAAGTATGGCTTCA,59.4,62.5,pseudospot_1583
CCGTGAGATGGAACAA,59.4,62.5,pseudospot_1583
CCGAAGTATGGTGGTA,49.7,74.7,pseudospot_1584
CCGAAGTATTCACGCA,49.7,74.7,pseudospot_1584
CCGTGAGATGGTGGTA,49.7,74.7,pseudospot_1584
CCGTGAGATTCACGCA,49.7,74.7,pseudospot_1584
CCGTGAGAAACTCACC,98.8,21.9,pseudospot_1585
CCGAAGTAAAGAGATC,98.8,21.9,pseudospot_1585
CCGAAGTAAACTCACC,98.8,21.9,pseudospot_1585
CCGTGAGAAAGAGATC,98.8,21.9,pseudospot_1585
CCGAAGTAAATCCGTC,13.6,6.0,pseudospot_1586
CCGTGAGAAATCCGTC,13.6,6.0,pseudospot_1586
CCGTGAGAAAGGACAC,13.6,6.0,pseudospot_1586
CCGAAGTAAAGGACAC,13.6,6.0,pseudospot_1586
CCGTGAGAACACGACC,69.5,13.1,pseudospot_1587
CCGAAGTAAATGTTGC,69.5,13.1,pseudospot_1587
CCGAAGTAACACGACC,69.5,13.1,pseudospot_1587
CCGTGAGAAATGTTGC,69.5,13.1,pseudospot_1587
CCGAAGTAACAGATTC,40.4,60.6,pseudospot_1588
CCGTGAGAAGATGTAC,40.4,60.6,pseudospot_1588
CCGTGAGAACAGATTC,40.4,60.6,pseudospot_1588
CCGAAGTAAGATGTAC,40.4,60.6,pseudospot_1588
CCGAAGTAAGCACCTC,42.8,84.9,pseudospot_1589
CCGTGAGAAGCACCTC,42.8,84.9,pseudospot_1589
CCGTGAGAAGCCATGC,42.8,84.9,pseudospot_1589
CCGAAGTAAGCCATGC,42.8,84.9,pseudospot_1589
CCGAAGTAATAGCGAC,71.8,4.5,pseudospot_1590
CCGTGAGAATAGCGAC,71.8,4.5,pseudospot_1590
CCGAAGTAAGGCTAAC,71.8,4.5,pseudospot_1590
CCGTGAGAAGGCTAAC,71.8,4.5,pseudospot_1590
CCGAAGTAATTGGCTC,69.2,73.4,pseudospot_1591
CCGTGAGAATTGGCTC,69.2,73.4,pseudospot_1591
CCGAAGTAATCATTCC,69.2,73.4,pseudospot_1591
CCGTGAGAATCATTCC,69.2,73.4,pseudospot_1591
CCGAAGTACACCTTAC,99.1,34.1,pseudospot_1592
CCGAAGTACAAGGAGC,99.1,34.1,pseudospot_1592
CCGTGAGACACCTTAC,99.1,34.1,pseudospot_1592
CCGTGAGACAAGGAGC,99.1,34.1,pseudospot_1592
CCGAAGTACCGACAAC,12.8,47.9,pseudospot_1593
CCGTGAGACCGACAAC,12.8,47.9,pseudospot_1593
CCGAAGTACCATCCTC,12.8,47.9,pseudospot_1593
CCGTGAGACCATCCTC,12.8,47.9,pseudospot_1593
CCGAAGTACCTAATCC,10.4,92.9,pseudospot_1594
CCGTGAGACCTAATCC,10.4,92.9,pseudospot_1594
CCGAAGTACCTCTATC,10.4,92.9,pseudospot_1594
CCGTGAGACCTCTATC,10.4,92.9,pseudospot_1594
CCGTGAGACGACACAC,72.4,33.2,pseudospot_1595
CCGAAGTACGGATTGC,72.4,33.2,pseudospot_1595
CCGAAGTACGACACAC,72.4,33.2,pseudospot_1595
CCGTGAGACGGATTGC,72.4,33.2,pseudospot_1595
CCGTGAGAGAACAGGC,57.8,46.5,pseudospot_1596
CCGTGAGACTAAGGTC,57.8,46.5,pseudospot_1596
CCGAAGTACTAAGGTC,57.8,46.5,pseudospot_1596
CCGAAGTAGAACAGGC,57.8,46.5,pseudospot_1596
CCGTGAGAGAGTTAGC,27.4,1.4,pseudospot_1597
CCGTGAGAGACAGTGC,27.4,1.4,pseudospot_1597
CCGAAGTAGACAGTGC,27.4,1.4,pseudospot_1597
CCGAAGTAGAGTTAGC,27.4,1.4,pseudospot_1597
CCGTGAGAGCCAAGAC,7.9,8.2,pseudospot_1598
CCGAAGTAGATGAATC,7.9,8.2,pseudospot_1598
CCGAAGTAGCCAAGAC,7.9,8.2,pseudospot_1598
CCGTGAGAGATGAATC,7.9,8.2,pseudospot_1598
CCGAAGTAGTGACAAG,8.6,25.9,pseudospot_1599
CCGTGAGACGGAAGAA,8.6,25.9,pseudospot_1599
CCGAAGTACGGAAGAA,8.6,25.9,pseudospot_1599
CCGTGAGAGTGACAAG,8.6,25.9,pseudospot_1599
CCGAAGTAGAACCAGA,89.4,2.8,pseudospot_1600
CCGTGAGATTGCTGGA,89.4,2.8,pseudospot_1600
CCGTGAGAGAACCAGA,89.4,2.8,pseudospot_1600
CCGAAGTATTGCTGGA,89.4,2.8,pseudospot_1600
CCAGTTCACGACTGGA,46.5,29.3,pseudospot_1621
CCAGTTCACGCATACA,46.5,29.3,pseudospot_1621
CATACCAACGCATACA,46.5,29.3,pseudospot_1621
CATACCAACGACTGGA,46.5,29.3,pseudospot_1621
CCAGTTCACTGAGCCA,6.0,52.5,pseudospot_1622
CATACCAACTCAATGA,6.0,52.5,pseudospot_1622
CCAGTTCACTCAATGA,6.0,52.5,pseudospot_1622
CATACCAACTGAGCCA,6.0,52.5,pseudospot_1622
CCAGTTCAGAATCTGA,56.2,69.8,pseudospot_1623
CATACCAACTGGCATA,56.2,69.8,pseudospot_1623
CCAGTTCACTGGCATA,56.2,69.8,pseudospot_1623
CATACCAAGAATCTGA,56.2,69.8,pseudospot_1623
CCAGTTCACAAGACTA,95.8,90.0,pseudospot_1624
CCAGTTCAGAGCTGAA,95.8,90.0,pseudospot_1624
CATACCAACAAGACTA,95.8,90.0,pseudospot_1624
CATACCAAGAGCTGAA,95.8,90.0,pseudospot_1624
CATACCAAGATAGACA,17.5,79.2,pseudospot_1625
CCAGTTCAGCCACATA,17.5,79.2,pseudospot_1625
CATACCAAGCCACATA,17.5,79.2,pseudospot_1625
CCAGTTCAGATAGACA,17.5,79.2,pseudospot_1625
CATACCAAGCTAACGA,69.0,67.6,pseudospot_1626
CCAGTTCAGCTAACGA,69.0,67.6,pseudospot_1626
CCAGTTCAGCGAGTAA,69.0,67.6,pseudospot_1626
CATACCAAGCGAGTAA,69.0,67.6,pseudospot_1626
CCAGTTCAGGAGAACA,20.1,68.0,pseudospot_1627
CCAGTTCAGCTCGGTA,20.1,68.0,pseudospot_1627
CATACCAAGGAGAACA,20.1,68.0,pseudospot_1627
CATACCAAGCTCGGTA,20.1,68.0,pseudospot_1627
CCAGTTCAGTACGCAA,53.6,94.6,pseudospot_1628
CCAGTTCAGGTGCGAA,53.6,94.6,pseudospot_1628
CATACCAAGGTGCGAA,53.6,94.6,pseudospot_1628
CATACCAAGTACGCAA,53.6,94.6,pseudospot_1628
CCAGTTCAGTCTGTCA,9.7,29.6,pseudospot_1629
CATACCAAGTCGTAGA,9.7,29.6,pseudospot_1629
CATACCAAGTCTGTCA,9.7,29.6,pseudospot_1629
CCAGTTCAGTCGTAGA,9.7,29.6,pseudospot_1629
CATACCAATAGGATGA,45.0,0.1,pseudospot_1630
CATACCAAGTGTTCTA,45.0,0.1,pseudospot_1630
CCAGTTCATAGGATGA,45.0,0.1,pseudospot_1630
CCAGTTCAGTGTTCTA,45.0,0.1,pseudospot_1630
CATACCAATATCAGCA,75.6,27.2,pseudospot_1631
CCAGTTCATCCGTCTA,75.6,27.2,pseudospot_1631
CCAGTTCATATCAGCA,75.6,27.2,pseudospot_1631
CATACCAATCCGTCTA,75.6,27.2,pseudospot_1631
CCAGTTCATGAAGAGA,34.8,21.8,pseudospot_1632
CATACCAATGAAGAGA,34.8,21.8,pseudospot_1632
CCAGTTCATCTTCACA,34.8,21.8,pseudospot_1632
CATACCAATCTTCACA,34.8,21.8,pseudospot_1632
CATACCAATGGCTTCA,66.5,66.2,pseudospot_1633
CATACCAATGGAACAA,66.5,66.2,pseudospot_1633
CCAGTTCATGGAACAA,66.5,66.2,pseudospot_1633
CCAGTTCATGGCTTCA,66.5,66.2,pseudospot_1633
CATACCAATGGTGGTA,79.5,63.4,pseudospot_1634
CCAGTTCATGGTGGTA,79.5,63.4,pseudospot_1634
CATACCAATTCACGCA,79.5,63.4,pseudospot_1634
CCAGTTCATTCACGCA,79.5,63.4,pseudospot_1634
CCAGTTCAAACTCACC,92.7,59.3,pseudospot_1635
CCAGTTCAAAGAGATC,92.7,59.3,pseudospot_1635
CATACCAAAAGAGATC,92.7,59.3,pseudospot_1635
CATACCAAAACTCACC,92.7,59.3,pseudospot_1635
CATACCAAAAGGACAC,23.5,1.6,pseudospot_1636
CCAGTTCAAAGGACAC,23.5,1.6,pseudospot_1636
CATACCAAAATCCGTC,23.5,1.6,pseudospot_1636
CCAGTTCAAATCCGTC,23.5,1.6,pseudospot_1636
CCAGTTCAAATGTTGC,39.9,72.9,pseudospot_1637
CCAGTTCAACACGACC,39.9,72.9,pseudospot_1637
CATACCAAACACGACC,39.9,72.9,pseudospot_1637
CATACCAAAATGTTGC,39.9,72.9,pseudospot_1637
CATACCAAAGATGTAC,15.2,32.4,pseudospot_1638
CCAGTTCAACAGATTC,15.2,32.4,pseudospot_1638
CATACCAAACAGATTC,15.2,32.4,pseudospot_1638
CCAGTTCAAGATGTAC,15.2,32.4,pseudospot_1638
CCAGTTCAAGCACCTC,99.2,66.5,pseudospot_1639
CATACCAAAGCACCTC,99.2,66.5,pseudospot_1639
CCAGTTCAAGCCATGC,99.2,66.5,pseudospot_1639
CATACCAAAGCCATGC,99.2,66.5,pseudospot_1639
CATACCAAAGGCTAAC,92.7,55.7,pseudospot_1640
CATACCAAATAGCGAC,92.7,55.7,pseudospot_1640
CCAGTTCAAGGCTAAC,92.7,55.7,pseudospot_1640
CCAGTTCAATAGCGAC,92.7,55.7,pseudospot_1640
CCAGTTCAATTGGCTC,54.0,34.3,pseudospot_1641
CATACCAAATCATTCC,54.0,34.3,pseudospot_1641
CCAGTTCAATCATTCC,54.0,34.3,pseudospot_1641
CATACCAAATTGGCTC,54.0,34.3,pseudospot_1641
CCAGTTCACAAGGAGC,84.2,13.5,pseudospot_1642
CATACCAACACCTTAC,84.2,13.5,pseudospot_1642
CATACCAACAAGGAGC,84.2,13.5,pseudospot_1642
CCAGTTCACACCTTAC,84.2,13.5,pseudospot_1642
CATACCAACCGACAAC,52.1,9.4,pseudospot_1643
CCAGTTCACCATCCTC,52.1,9.4,pseudospot_1643
CATACCAACCATCCTC,52.1,9.4,pseudospot_1643
CCAGTTCACCGACAAC,52.1,9.4,pseudospot_1643
CCAGTTCACCTAATCC,62.4,83.2,pseudospot_1644
CCAGTTCACCTCTATC,62.4,83.2,pseudospot_1644
CATACCAACCTCTATC,62.4,83.2,pseudospot_1644
CATACCAACCTAATCC,62.4,83.2,pseudospot_1644
CATACCAACGACACAC,8.9,91.8,pseudospot_1645
CCAGTTCACGGATTGC,8.9,91.8,pseudospot_1645
CCAGTTCACGACACAC,8.9,91.8,pseudospot_1645
CATACCAACGGATTGC,8.9,91.8,pseudospot_1645
CCAGTTCAGAACAGGC,75.5,65.0,pseudospot_1646
CATACCAACTAAGGTC,75.5,65.0,pseudospot_1646
CATACCAAGAACAGGC,75.5,65.0,pseudospot_1646
CCAGTTCACTAAGGTC,75.5,65.0,pseudospot_1646
CATACCAAGACAGTGC,12.8,10.3,pseudospot_1647
CATACCAAGAGTTAGC,12.8,10.3,pseudospot_1647
CCAGTTCAGAGTTAGC,12.8,10.3,pseudospot_1647
CCAGTTCAGACAGTGC,12.8,10.3,pseudospot_1647
CATACCAAGATGAATC,82.6,40.2,pseudospot_1648
CCAGTTCAGCCAAGAC,82.6,40.2,pseudospot_1648
CATACCAAGCCAAGAC,82.6,40.2,pseudospot_1648
CCAGTTCAGATGAATC,82.6,40.2,pseudospot_1648
CATACCAACGGAAGAA,78.2,72.9,pseudospot_1649
CATACCAAGTGACAAG,78.2,72.9,pseudospot_1649
CCAGTTCAGTGACAAG,78.2,72.9,pseudospot_1649
CCAGTTCACGGAAGAA,78.2,72.9,pseudospot_1649
CATACCAAGAACCAGA,70.9,78.0,pseudospot_1650
CATACCAATTGCTGGA,70.9,78.0,pseudospot_1650
CCAGTTCATTGCTGGA,70.9,78.0,pseudospot_1650
CCAGTTCAGAACCAGA,70.9,78.0,pseudospot_1650
CAGCGTTACGCATACA,38.1,17.7,pseudospot_1671
CAGCGTTACGACTGGA,38.1,17.7,pseudospot_1671
CACTTCGACGACTGGA,38.1,17.7,pseudospot_1671
CACTTCGACGCATACA,38.1,17.7,pseudospot_1671
CAGCGTTACTCAATGA,87.8,98.7,pseudospot_1672
CACTTCGACTGAGCCA,87.8,98.7,pseudospot_1672
CACTTCGACTCAATGA,87.8,98.7,pseudospot_1672
CAGCGTTACTGAGCCA,87.8,98.7,pseudospot_1672
CACTTCGAGAATCTGA,86.8,44.4,pseudospot_1673
CAGCGTTAGAATCTGA,86.8,44.4,pseudospot_1673
CACTTCGACTGGCATA,86.8,44.4,pseudospot_1673
CAGCGTTACTGGCATA,86.8,44.4,pseudospot_1673
CAGCGTTACAAGACTA,80.6,53.2,pseudospot_1674
CACTTCGAGAGCTGAA,80.6,53.2,pseudospot_1674
CAGCGTTAGAGCTGAA,80.6,53.2,pseudospot_1674
CACTTCGACAAGACTA,80.6,53.2,pseudospot_1674
CACTTCGAGATAGACA,79.0,87.4,pseudospot_1675
CAGCGTTAGATAGACA,79.0,87.4,pseudospot_1675
CAGCGTTAGCCACATA,79.0,87.4,pseudospot_1675
CACTTCGAGCCACATA,79.0,87.4,pseudospot_1675
CAGCGTTAGCTAACGA,30.5,99.6,pseudospot_1676
CACTTCGAGCGAGTAA,30.5,99.6,pseudospot_1676
CAGCGTTAGCGAGTAA,30.5,99.6,pseudospot_1676
CACTTCGAGCTAACGA,30.5,99.6,pseudospot_1676
CAGCGTTAGGAGAACA,8.1,58.3,pseudospot_1677
CACTTCGAGGAGAACA,8.1,58.3,pseudospot_1677
CAGCGTTAGCTCGGTA,8.1,58.3,pseudospot_1677
CACTTCGAGCTCGGTA,8.1,58.3,pseudospot_1677
CAGCGTTAGTACGCAA,40.3,81.2,pseudospot_1678
CAGCGTTAGGTGCGAA,40.3,81.2,pseudospot_1678
CACTTCGAGGTGCGAA,40.3,81.2,pseudospot_1678
CACTTCGAGTACGCAA,40.3,81.2,pseudospot_1678
CACTTCGAGTCGTAGA,17.4,32.7,pseudospot_1679
CAGCGTTAGTCGTAGA,17.4,32.7,pseudospot_1679
CACTTCGAGTCTGTCA,17.4,32.7,pseudospot_1679
CAGCGTTAGTCTGTCA,17.4,32.7,pseudospot_1679
CACTTCGAGTGTTCTA,69.5,30.6,pseudospot_1680
CACTTCGATAGGATGA,69.5,30.6,pseudospot_1680
CAGCGTTATAGGATGA,69.5,30.6,pseudospot_1680
CAGCGTTAGTGTTCTA,69.5,30.6,pseudospot_1680
CACTTCGATATCAGCA,34.6,40.3,pseudospot_1681
CACTTCGATCCGTCTA,34.6,40.3,pseudospot_1681
CAGCGTTATCCGTCTA,34.6,40.3,pseudospot_1681
CAGCGTTATATCAGCA,34.6,40.3,pseudospot_1681
CACTTCGATCTTCACA,97.6,67.3,pseudospot_1682
CAGCGTTATCTTCACA,97.6,67.3,pseudospot_1682
CACTTCGATGAAGAGA,97.6,67.3,pseudospot_1682
CAGCGTTATGAAGAGA,97.6,67.3,pseudospot_1682
CACTTCGATGGAACAA,64.1,68.2,pseudospot_1683
CACTTCGATGGCTTCA,64.1,68.2,pseudospot_1683
CAGCGTTATGGCTTCA,64.1,68.2,pseudospot_1683
CAGCGTTATGGAACAA,64.1,68.2,pseudospot_1683
CACTTCGATGGTGGTA,82.2,31.5,pseudospot_1684
CACTTCGATTCACGCA,82.2,31.5,pseudospot_1684
CAGCGTTATGGTGGTA,82.2,31.5,pseudospot_1684
CAGCGTTATTCACGCA,82.2,31.5,pseudospot_1684
CAGCGTTAAACTCACC,13.3,13.3,pseudospot_1685
CACTTCGAAACTCACC,13.3,13.3,pseudospot_1685
CACTTCGAAAGAGATC,13.3,13.3,pseudospot_1685
CAGCGTTAAAGAGATC,13.3,13.3,pseudospot_1685
CACTTCGAAATCCGTC,86.2,63.2,pseudospot_1686
CAGCGTTAAAGGACAC,86.2,63.2,pseudospot_1686
CACTTCGAAAGGACAC,86.2,63.2,pseudospot_1686
CAGCGTTAAATCCGTC,86.2,63.2,pseudospot_1686
CACTTCGAAATGTTGC,92.3,12.8,pseudospot_1687
CAGCGTTAAATGTTGC,92.3,12.8,pseudospot_1687
CAGCGTTAACACGACC,92.3,12.8,pseudospot_1687
CACTTCGAACACGACC,92.3,12.8,pseudospot_1687
CACTTCGAAGATGTAC,48.7,57.8,pseudospot_1688
CACTTCGAACAGATTC,48.7,57.8,pseudospot_1688
CAGCGTTAAGATGTAC,48.7,57.8,pseudospot_1688
CAGCGTTAACAGATTC,48.7,57.8,pseudospot_1688
CAGCGTTAAGCCATGC,60.6,69.3,pseudospot_1689
CACTTCGAAGCACCTC,60.6,69.3,pseudospot_1689
CACTTCGAAGCCATGC,60.6,69.3,pseudospot_1689
CAGCGTTAAGCACCTC,60.6,69.3,pseudospot_1689
CACTTCGAAGGCTAAC,76.5,70.1,pseudospot_1690
CAGCGTTAAGGCTAAC,76.5,70.1,pseudospot_1690
CAGCGTTAATAGCGAC,76.5,70.1,pseudospot_1690
CACTTCGAATAGCGAC,76.5,70.1,pseudospot_1690
CACTTCGAATCATTCC,17.5,75.3,pseudospot_1691
CAGCGTTAATCATTCC,17.5,75.3,pseudospot_1691
CAGCGTTAATTGGCTC,17.5,75.3,pseudospot_1691
CACTTCGAATTGGCTC,17.5,75.3,pseudospot_1691
CACTTCGACACCTTAC,50.3,87.3,pseudospot_1692
CAGCGTTACACCTTAC,50.3,87.3,pseudospot_1692
CAGCGTTACAAGGAGC,50.3,87.3,pseudospot_1692
CACTTCGACAAGGAGC,50.3,87.3,pseudospot_1692
CAGCGTTACCGACAAC,39.9,50.0,pseudospot_1693
CAGCGTTACCATCCTC,39.9,50.0,pseudospot_1693
CACTTCGACCGACAAC,39.9,50.0,pseudospot_1693
CACTTCGACCATCCTC,39.9,50.0,pseudospot_1693
CAGCGTTACCTAATCC,14.6,73.0,pseudospot_1694
CAGCGTTACCTCTATC,14.6,73.0,pseudospot_1694
CACTTCGACCTAATCC,14.6,73.0,pseudospot_1694
CACTTCGACCTCTATC,14.6,73.0,pseudospot_1694
CACTTCGACGGATTGC,36.8,61.9,pseudospot_1695
CACTTCGACGACACAC,36.8,61.9,pseudospot_1695
CAGCGTTACGGATTGC,36.8,61.9,pseudospot_1695
CAGCGTTACGACACAC,36.8,61.9,pseudospot_1695
CAGCGTTAGAACAGGC,6.8,18.7,pseudospot_1696
CACTTCGACTAAGGTC,6.8,18.7,pseudospot_1696
CAGCGTTACTAAGGTC,6.8,18.7,pseudospot_1696
CACTTCGAGAACAGGC,6.8,18.7,pseudospot_1696
CAGCGTTAGAGTTAGC,2.6,2.6,pseudospot_1697
CACTTCGAGACAGTGC,2.6,2.6,pseudospot_1697
CAGCGTTAGACAGTGC,2.6,2.6,pseudospot_1697
CACTTCGAGAGTTAGC,2.6,2.6,pseudospot_1697
CACTTCGAGCCAAGAC,13.5,28.5,pseudospot_1698
CACTTCGAGATGAATC,13.5,28.5,pseudospot_1698
CAGCGTTAGATGAATC,13.5,28.5,pseudospot_1698
CAGCGTTAGCCAAGAC,13.5,28.5,pseudospot_1698
CAGCGTTACGGAAGAA,96.3,44.3,pseudospot_1699
CAGCGTTAGTGACAAG,96.3,44.3,pseudospot_1699
CACTTCGACGGAAGAA,96.3,44.3,pseudospot_1699
CACTTCGAGTGACAAG,96.3,44.3,pseudospot_1699
CAGCGTTATTGCTGGA,55.0,61.7,pseudospot_1700
CAGCGTTAGAACCAGA,55.0,61.7,pseudospot_1700
CACTTCGATTGCTGGA,55.0,61.7,pseudospot_1700
CACTTCGAGAACCAGA,55.0,61.7,pseudospot_1700
GACTAGTACGCATACA,14.2,30.8,pseudospot_1721
CAATGGAACGACTGGA,14.2,30.8,pseudospot_1721
CAATGGAACGCATACA,14.2,30.8,pseudospot_1721
GACTAGTACGACTGGA,14.2,30.8,pseudospot_1721
CAATGGAACTCAATGA,12.1,61.4,pseudospot_1722
GACTAGTACTCAATGA,12.1,61.4,pseudospot_1722
CAATGGAACTGAGCCA,12.1,61.4,pseudospot_1722
GACTAGTACTGAGCCA,12.1,61.4,pseudospot_1722
GACTAGTAGAATCTGA,30.3,89.8,pseudospot_1723
CAATGGAACTGGCATA,30.3,89.8,pseudospot_1723
CAATGGAAGAATCTGA,30.3,89.8,pseudospot_1723
GACTAGTACTGGCATA,30.3,89.8,pseudospot_1723
GACTAGTAGAGCTGAA,10.1,81.0,pseudospot_1724
CAATGGAACAAGACTA,10.1,81.0,pseudospot_1724
CAATGGAAGAGCTGAA,10.1,81.0,pseudospot_1724
GACTAGTACAAGACTA,10.1,81.0,pseudospot_1724
CAATGGAAGCCACATA,69.2,58.3,pseudospot_1725
GACTAGTAGCCACATA,69.2,58.3,pseudospot_1725
GACTAGTAGATAGACA,69.2,58.3,pseudospot_1725
CAATGGAAGATAGACA,69.2,58.3,pseudospot_1725
GACTAGTAGCTAACGA,6.2,73.0,pseudospot_1726
CAATGGAAGCTAACGA,6.2,73.0,pseudospot_1726
CAATGGAAGCGAGTAA,6.2,73.0,pseudospot_1726
GACTAGTAGCGAGTAA,6.2,73.0,pseudospot_1726
GACTAGTAGGAGAACA,50.9,36.5,pseudospot_1727
CAATGGAAGCTCGGTA,50.9,36.5,pseudospot_1727
GACTAGTAGCTCGGTA,50.9,36.5,pseudospot_1727
CAATGGAAGGAGAACA,50.9,36.5,pseudospot_1727
CAATGGAAGGTGCGAA,99.7,64.1,pseudospot_1728
GACTAGTAGGTGCGAA,99.7,64.1,pseudospot_1728
GACTAGTAGTACGCAA,99.7,64.1,pseudospot_1728
CAATGGAAGTACGCAA,99.7,64.1,pseudospot_1728
CAATGGAAGTCTGTCA,81.4,46.6,pseudospot_1729
GACTAGTAGTCTGTCA,81.4,46.6,pseudospot_1729
CAATGGAAGTCGTAGA,81.4,46.6,pseudospot_1729
GACTAGTAGTCGTAGA,81.4,46.6,pseudospot_1729
CAATGGAAGTGTTCTA,61.5,19.0,pseudospot_1730
GACTAGTAGTGTTCTA,61.5,19.0,pseudospot_1730
GACTAGTATAGGATGA,61.5,19.0,pseudospot_1730
CAATGGAATAGGATGA,61.5,19.0,pseudospot_1730
GACTAGTATATCAGCA,30.6,70.2,pseudospot_1731
CAATGGAATATCAGCA,30.6,70.2,pseudospot_1731
GACTAGTATCCGTCTA,30.6,70.2,pseudospot_1731
CAATGGAATCCGTCTA,30.6,70.2,pseudospot_1731
GACTAGTATCTTCACA,62.4,55.6,pseudospot_1732
CAATGGAATGAAGAGA,62.4,55.6,pseudospot_1732
CAATGGAATCTTCACA,62.4,55.6,pseudospot_1732
GACTAGTATGAAGAGA,62.4,55.6,pseudospot_1732
GACTAGTATGGAACAA,52.7,35.9,pseudospot_1733
CAATGGAATGGAACAA,52.7,35.9,pseudospot_1733
CAATGGAATGGCTTCA,52.7,35.9,pseudospot_1733
GACTAGTATGGCTTCA,52.7,35.9,pseudospot_1733
GACTAGTATGGTGGTA,42.6,91.1,pseudospot_1734
CAATGGAATGGTGGTA,42.6,91.1,pseudospot_1734
CAATGGAATTCACGCA,42.6,91.1,pseudospot_1734
GACTAGTATTCACGCA,42.6,91.1,pseudospot_1734
CAATGGAAAAGAGATC,13.1,2.1,pseudospot_1735
GACTAGTAAACTCACC,13.1,2.1,pseudospot_1735
CAATGGAAAACTCACC,13.1,2.1,pseudospot_1735
GACTAGTAAAGAGATC,13.1,2.1,pseudospot_1735
GACTAGTAAAGGACAC,88.7,31.6,pseudospot_1736
CAATGGAAAAGGACAC,88.7,31.6,pseudospot_1736
CAATGGAAAATCCGTC,88.7,31.6,pseudospot_1736
GACTAGTAAATCCGTC,88.7,31.6,pseudospot_1736
GACTAGTAAATGTTGC,45.0,5.7,pseudospot_1737
GACTAGTAACACGACC,45.0,5.7,pseudospot_1737
CAATGGAAACACGACC,45.0,5.7,pseudospot_1737
CAATGGAAAATGTTGC,45.0,5.7,pseudospot_1737
CAATGGAAAGATGTAC,19.5,76.7,pseudospot_1738
GACTAGTAACAGATTC,19.5,76.7,pseudospot_1738
CAATGGAAACAGATTC,19.5,76.7,pseudospot_1738
GACTAGTAAGATGTAC,19.5,76.7,pseudospot_1738
CAATGGAAAGCCATGC,36.8,70.2,pseudospot_1739
CAATGGAAAGCACCTC,36.8,70.2,pseudospot_1739
GACTAGTAAGCACCTC,36.8,70.2,pseudospot_1739
GACTAGTAAGCCATGC,36.8,70.2,pseudospot_1739
GACTAGTAAGGCTAAC,41.4,33.1,pseudospot_1740
CAATGGAAAGGCTAAC,41.4,33.1,pseudospot_1740
GACTAGTAATAGCGAC,41.4,33.1,pseudospot_1740
CAATGGAAATAGCGAC,41.4,33.1,pseudospot_1740
CAATGGAAATTGGCTC,82.8,67.6,pseudospot_1741
CAATGGAAATCATTCC,82.8,67.6,pseudospot_1741
GACTAGTAATTGGCTC,82.8,67.6,pseudospot_1741
GACTAGTAATCATTCC,82.8,67.6,pseudospot_1741
CAATGGAACACCTTAC,73.4,39.6,pseudospot_1742
GACTAGTACAAGGAGC,73.4,39.6,pseudospot_1742
CAATGGAACAAGGAGC,73.4,39.6,pseudospot_1742
GACTAGTACACCTTAC,73.4,39.6,pseudospot_1742
CAATGGAACCGACAAC,76.9,75.6,pseudospot_1743
CAATGGAACCATCCTC,76.9,75.6,pseudospot_1743
GACTAGTACCGACAAC,76.9,75.6,pseudospot_1743
GACTAGTACCATCCTC,76.9,75.6,pseudospot_1743
GACTAGTACCTCTATC,1.1,45.4,pseudospot_1744
GACTAGTACCTAATCC,1.1,45.4,pseudospot_1744
CAATGGAACCTCTATC,1.1,45.4,pseudospot_1744
CAATGGAACCTAATCC,1.1,45.4,pseudospot_1744
GACTAGTACGGATTGC,41.6,41.2,pseudospot_1745
GACTAGTACGACACAC,41.6,41.2,pseudospot_1745
CAATGGAACGGATTGC,41.6,41.2,pseudospot_1745
CAATGGAACGACACAC,41.6,41.2,pseudospot_1745
CAATGGAAGAACAGGC,48.1,93.5,pseudospot_1746
GACTAGTACTAAGGTC,48.1,93.5,pseudospot_1746
GACTAGTAGAACAGGC,48.1,93.5,pseudospot_1746
CAATGGAACTAAGGTC,48.1,93.5,pseudospot_1746
GACTAGTAGAGTTAGC,1.9,25.1,pseudospot_1747
CAATGGAAGAGTTAGC,1.9,25.1,pseudospot_1747
GACTAGTAGACAGTGC,1.9,25.1,pseudospot_1747
CAATGGAAGACAGTGC,1.9,25.1,pseudospot_1747
GACTAGTAGATGAATC,26.0,12.0,pseudospot_1748
CAATGGAAGCCAAGAC,26.0,12.0,pseudospot_1748
CAATGGAAGATGAATC,26.0,12.0,pseudospot_1748
GACTAGTAGCCAAGAC,26.0,12.0,pseudospot_1748
CAATGGAACGGAAGAA,76.0,58.5,pseudospot_1749
GACTAGTAGTGACAAG,76.0,58.5,pseudospot_1749
GACTAGTACGGAAGAA,76.0,58.5,pseudospot_1749
CAATGGAAGTGACAAG,76.0,58.5,pseudospot_1749
GACTAGTAGAACCAGA,13.7,96.9,pseudospot_1750
CAATGGAATTGCTGGA,13.7,96.9,pseudospot_1750
GACTAGTATTGCTGGA,13.7,96.9,pseudospot_1750
CAATGGAAGAACCAGA,13.7,96.9,pseudospot_1750
CAACCACACGCATACA,45.9,64.9,pseudospot_1771
CAACCACACGACTGGA,45.9,64.9,pseudospot_1771
ATTGAGGACGCATACA,45.9,64.9,pseudospot_1771
ATTGAGGACGACTGGA,45.9,64.9,pseudospot_1771
CAACCACACTCAATGA,78.5,95.5,pseudospot_1772
CAACCACACTGAGCCA,78.5,95.5,pseudospot_1772
ATTGAGGACTGAGCCA,78.5,95.5,pseudospot_1772
ATTGAGGACTCAATGA,78.5,95.5,pseudospot_1772
CAACCACAGAATCTGA,89.2,15.1,pseudospot_1773
ATTGAGGACTGGCATA,89.2,15.1,pseudospot_1773
CAACCACACTGGCATA,89.2,15.1,pseudospot_1773
ATTGAGGAGAATCTGA,89.2,15.1,pseudospot_1773
ATTGAGGACAAGACTA,95.5,47.7,pseudospot_1774
CAACCACAGAGCTGAA,95.5,47.7,pseudospot_1774
CAACCACACAAGACTA,95.5,47.7,pseudospot_1774
ATTGAGGAGAGCTGAA,95.5,47.7,pseudospot_1774
ATTGAGGAGATAGACA,78.7,60.2,pseudospot_1775
CAACCACAGATAGACA,78.7,60.2,pseudospot_1775
CAACCACAGCCACATA,78.7,60.2,pseudospot_1775
ATTGAGGAGCCACATA,78.7,60.2,pseudospot_1775
ATTGAGGAGCTAACGA,31.5,58.2,pseudospot_1776
CAACCACAGCTAACGA,31.5,58.2,pseudospot_1776
CAACCACAGCGAGTAA,31.5,58.2,pseudospot_1776
ATTGAGGAGCGAGTAA,31.5,58.2,pseudospot_1776
ATTGAGGAGGAGAACA,68.8,40.1,pseudospot_1777
CAACCACAGGAGAACA,68.8,40.1,pseudospot_1777
CAACCACAGCTCGGTA,68.8,40.1,pseudospot_1777
ATTGAGGAGCTCGGTA,68.8,40.1,pseudospot_1777
ATTGAGGAGGTGCGAA,43.8,33.8,pseudospot_1778
CAACCACAGGTGCGAA,43.8,33.8,pseudospot_1778
CAACCACAGTACGCAA,43.8,33.8,pseudospot_1778
ATTGAGGAGTACGCAA,43.8,33.8,pseudospot_1778
CAACCACAGTCGTAGA,25.5,12.7,pseudospot_1779
ATTGAGGAGTCGTAGA,25.5,12.7,pseudospot_1779
CAACCACAGTCTGTCA,25.5,12.7,pseudospot_1779
ATTGAGGAGTCTGTCA,25.5,12.7,pseudospot_1779
ATTGAGGAGTGTTCTA,84.1,39.2,pseudospot_1780
CAACCACATAGGATGA,84.1,39.2,pseudospot_1780
CAACCACAGTGTTCTA,84.1,39.2,pseudospot_1780
ATTGAGGATAGGATGA,84.1,39.2,pseudospot_1780
CAACCACATCCGTCTA,3.8,16.3,pseudospot_1781
ATTGAGGATCCGTCTA,3.8,16.3,pseudospot_1781
ATTGAGGATATCAGCA,3.8,16.3,pseudospot_1781
CAACCACATATCAGCA,3.8,16.3,pseudospot_1781
CAACCACATGAAGAGA,90.2,73.4,pseudospot_1782
CAACCACATCTTCACA,90.2,73.4,pseudospot_1782
ATTGAGGATCTTCACA,90.2,73.4,pseudospot_1782
ATTGAGGATGAAGAGA,90.2,73.4,pseudospot_1782
ATTGAGGATGGCTTCA,46.1,20.9,pseudospot_1783
CAACCACATGGCTTCA,46.1,20.9,pseudospot_1783
ATTGAGGATGGAACAA,46.1,20.9,pseudospot_1783
CAACCACATGGAACAA,46.1,20.9,pseudospot_1783
CAACCACATTCACGCA,63.7,5.9,pseudospot_1784
ATTGAGGATTCACGCA,63.7,5.9,pseudospot_1784
ATTGAGGATGGTGGTA,63.7,5.9,pseudospot_1784
CAACCACATGGTGGTA,63.7,5.9,pseudospot_1784
CAACCACAAACTCACC,65.9,55.2,pseudospot_1785
ATTGAGGAAAGAGATC,65.9,55.2,pseudospot_1785
ATTGAGGAAACTCACC,65.9,55.2,pseudospot_1785
CAACCACAAAGAGATC,65.9,55.2,pseudospot_1785
CAACCACAAATCCGTC,89.5,59.5,pseudospot_1786
CAACCACAAAGGACAC,89.5,59.5,pseudospot_1786
ATTGAGGAAATCCGTC,89.5,59.5,pseudospot_1786
ATTGAGGAAAGGACAC,89.5,59.5,pseudospot_1786
ATTGAGGAAATGTTGC,63.7,87.2,pseudospot_1787
CAACCACAAATGTTGC,63.7,87.2,pseudospot_1787
ATTGAGGAACACGACC,63.7,87.2,pseudospot_1787
CAACCACAACACGACC,63.7,87.2,pseudospot_1787
CAACCACAACAGATTC,61.4,57.7,pseudospot_1788
ATTGAGGAACAGATTC,61.4,57.7,pseudospot_1788
ATTGAGGAAGATGTAC,61.4,57.7,pseudospot_1788
CAACCACAAGATGTAC,61.4,57.7,pseudospot_1788
ATTGAGGAAGCACCTC,6.7,34.5,pseudospot_1789
ATTGAGGAAGCCATGC,6.7,34.5,pseudospot_1789
CAACCACAAGCCATGC,6.7,34.5,pseudospot_1789
CAACCACAAGCACCTC,6.7,34.5,pseudospot_1789
CAACCACAAGGCTAAC,51.8,80.3,pseudospot_1790
ATTGAGGAATAGCGAC,51.8,80.3,pseudospot_1790
ATTGAGGAAGGCTAAC,51.8,80.3,pseudospot_1790
CAACCACAATAGCGAC,51.8,80.3,pseudospot_1790
CAACCACAATTGGCTC,15.0,54.0,pseudospot_1791
CAACCACAATCATTCC,15.0,54.0,pseudospot_1791
ATTGAGGAATTGGCTC,15.0,54.0,pseudospot_1791
ATTGAGGAATCATTCC,15.0,54.0,pseudospot_1791
CAACCACACAAGGAGC,73.7,7.9,pseudospot_1792
ATTGAGGACACCTTAC,73.7,7.9,pseudospot_1792
ATTGAGGACAAGGAGC,73.7,7.9,pseudospot_1792
CAACCACACACCTTAC,73.7,7.9,pseudospot_1792
ATTGAGGACCATCCTC,51.2,56.6,pseudospot_1793
ATTGAGGACCGACAAC,51.2,56.6,pseudospot_1793
CAACCACACCATCCTC,51.2,56.6,pseudospot_1793
CAACCACACCGACAAC,51.2,56.6,pseudospot_1793
ATTGAGGACCTAATCC,68.0,90.8,pseudospot_1794
ATTGAGGACCTCTATC,68.0,90.8,pseudospot_1794
CAACCACACCTAATCC,68.0,90.8,pseudospot_1794
CAACCACACCTCTATC,68.0,90.8,pseudospot_1794
ATTGAGGACGGATTGC,4.2,39.6,pseudospot_1795
CAACCACACGACACAC,4.2,39.6,pseudospot_1795
CAACCACACGGATTGC,4.2,39.6,pseudospot_1795
ATTGAGGACGACACAC,4.2,39.6,pseudospot_1795
ATTGAGGACTAAGGTC,8.5,29.6,pseudospot_1796
ATTGAGGAGAACAGGC,8.5,29.6,pseudospot_1796
CAACCACACTAAGGTC,8.5,29.6,pseudospot_1796
CAACCACAGAACAGGC,8.5,29.6,pseudospot_1796
CAACCACAGACAGTGC,71.6,14.3,pseudospot_1797
ATTGAGGAGACAGTGC,71.6,14.3,pseudospot_1797
CAACCACAGAGTTAGC,71.6,14.3,pseudospot_1797
ATTGAGGAGAGTTAGC,71.6,14.3,pseudospot_1797
ATTGAGGAGCCAAGAC,7.2,15.1,pseudospot_1798
CAACCACAGATGAATC,7.2,15.1,pseudospot_1798
ATTGAGGAGATGAATC,7.2,15.1,pseudospot_1798
CAACCACAGCCAAGAC,7.2,15.1,pseudospot_1798
CAACCACACGGAAGAA,7.1,43.3,pseudospot_1799
ATTGAGGACGGAAGAA,7.1,43.3,pseudospot_1799
CAACCACAGTGACAAG,7.1,43.3,pseudospot_1799
ATTGAGGAGTGACAAG,7.1,43.3,pseudospot_1799
CAACCACAGAACCAGA,1.2,59.6,pseudospot_1800
ATTGAGGATTGCTGGA,1.2,59.6,pseudospot_1800
CAACCACATTGCTGGA,1.2,59.6,pseudospot_1800
ATTGAGGAGAACCAGA,1.2,59.6,pseudospot_1800
AGTCACTACGACTGGA,20.6,58.1,pseudospot_1821
ATCCTGTACGACTGGA,20.6,58.1,pseudospot_1821
AGTCACTACGCATACA,20.6,58.1,pseudospot_1821
ATCCTGTACGCATACA,20.6,58.1,pseudospot_1821
ATCCTGTACTGAGCCA,12.1,93.6,pseudospot_1822
AGTCACTACTCAATGA,12.1,93.6,pseudospot_1822
AGTCACTACTGAGCCA,12.1,93.6,pseudospot_1822
ATCCTGTACTCAATGA,12.1,93.6,pseudospot_1822
ATCCTGTAGAATCTGA,61.5,67.2,pseudospot_1823
AGTCACTACTGGCATA,61.5,67.2,pseudospot_1823
AGTCACTAGAATCTGA,61.5,67.2,pseudospot_1823
ATCCTGTACTGGCATA,61.5,67.2,pseudospot_1823
AGTCACTAGAGCTGAA,77.5,48.1,pseudospot_1824
ATCCTGTAGAGCTGAA,77.5,48.1,pseudospot_1824
AGTCACTACAAGACTA,77.5,48.1,pseudospot_1824
ATCCTGTACAAGACTA,77.5,48.1,pseudospot_1824
ATCCTGTAGCCACATA,64.4,81.0,pseudospot_1825
AGTCACTAGATAGACA,64.4,81.0,pseudospot_1825
ATCCTGTAGATAGACA,64.4,81.0,pseudospot_1825
AGTCACTAGCCACATA,64.4,81.0,pseudospot_1825
ATCCTGTAGCTAACGA,53.0,95.1,pseudospot_1826
ATCCTGTAGCGAGTAA,53.0,95.1,pseudospot_1826
AGTCACTAGCGAGTAA,53.0,95.1,pseudospot_1826
AGTCACTAGCTAACGA,53.0,95.1,pseudospot_1826
ATCCTGTAGCTCGGTA,4.2,2.2,pseudospot_1827
ATCCTGTAGGAGAACA,4.2,2.2,pseudospot_1827
AGTCACTAGCTCGGTA,4.2,2.2,pseudospot_1827
AGTCACTAGGAGAACA,4.2,2.2,pseudospot_1827
ATCCTGTAGTACGCAA,96.8,98.3,pseudospot_1828
ATCCTGTAGGTGCGAA,96.8,98.3,pseudospot_1828
AGTCACTAGTACGCAA,96.8,98.3,pseudospot_1828
AGTCACTAGGTGCGAA,96.8,98.3,pseudospot_1828
AGTCACTAGTCGTAGA,79.9,8.6,pseudospot_1829
AGTCACTAGTCTGTCA,79.9,8.6,pseudospot_1829
ATCCTGTAGTCGTAGA,79.9,8.6,pseudospot_1829
ATCCTGTAGTCTGTCA,79.9,8.6,pseudospot_1829
AGTCACTATAGGATGA,29.3,81.4,pseudospot_1830
AGTCACTAGTGTTCTA,29.3,81.4,pseudospot_1830
ATCCTGTAGTGTTCTA,29.3,81.4,pseudospot_1830
ATCCTGTATAGGATGA,29.3,81.4,pseudospot_1830
AGTCACTATCCGTCTA,98.0,28.0,pseudospot_1831
ATCCTGTATATCAGCA,98.0,28.0,pseudospot_1831
ATCCTGTATCCGTCTA,98.0,28.0,pseudospot_1831
AGTCACTATATCAGCA,98.0,28.0,pseudospot_1831
AGTCACTATCTTCACA,60.2,13.2,pseudospot_1832
AGTCACTATGAAGAGA,60.2,13.2,pseudospot_1832
ATCCTGTATGAAGAGA,60.2,13.2,pseudospot_1832
ATCCTGTATCTTCACA,60.2,13.2,pseudospot_1832
AGTCACTATGGAACAA,58.2,44.0,pseudospot_1833
ATCCTGTATGGAACAA,58.2,44.0,pseudospot_1833
AGTCACTATGGCTTCA,58.2,44.0,pseudospot_1833
ATCCTGTATGGCTTCA,58.2,44.0,pseudospot_1833
AGTCACTATGGTGGTA,74.8,64.4,pseudospot_1834
AGTCACTATTCACGCA,74.8,64.4,pseudospot_1834
ATCCTGTATTCACGCA,74.8,64.4,pseudospot_1834
ATCCTGTATGGTGGTA,74.8,64.4,pseudospot_1834
AGTCACTAAACTCACC,81.2,38.1,pseudospot_1835
ATCCTGTAAACTCACC,81.2,38.1,pseudospot_1835
ATCCTGTAAAGAGATC,81.2,38.1,pseudospot_1835
AGTCACTAAAGAGATC,81.2,38.1,pseudospot_1835
ATCCTGTAAATCCGTC,65.6,5.5,pseudospot_1836
AGTCACTAAAGGACAC,65.6,5.5,pseudospot_1836
AGTCACTAAATCCGTC,65.6,5.5,pseudospot_1836
ATCCTGTAAAGGACAC,65.6,5.5,pseudospot_1836
ATCCTGTAAATGTTGC,12.8,59.9,pseudospot_1837
ATCCTGTAACACGACC,12.8,59.9,pseudospot_1837
AGTCACTAAATGTTGC,12.8,59.9,pseudospot_1837
AGTCACTAACACGACC,12.8,59.9,pseudospot_1837
ATCCTGTAACAGATTC,33.8,90.2,pseudospot_1838
AGTCACTAAGATGTAC,33.8,90.2,pseudospot_1838
ATCCTGTAAGATGTAC,33.8,90.2,pseudospot_1838
AGTCACTAACAGATTC,33.8,90.2,pseudospot_1838
ATCCTGTAAGCACCTC,92.8,38.3,pseudospot_1839
ATCCTGTAAGCCATGC,92.8,38.3,pseudospot_1839
AGTCACTAAGCACCTC,92.8,38.3,pseudospot_1839
AGTCACTAAGCCATGC,92.8,38.3,pseudospot_1839
AGTCACTAAGGCTAAC,22.5,21.6,pseudospot_1840
AGTCACTAATAGCGAC,22.5,21.6,pseudospot_1840
ATCCTGTAAGGCTAAC,22.5,21.6,pseudospot_1840
ATCCTGTAATAGCGAC,22.5,21.6,pseudospot_1840
ATCCTGTAATTGGCTC,37.2,44.3,pseudospot_1841
AGTCACTAATTGGCTC,37.2,44.3,pseudospot_1841
AGTCACTAATCATTCC,37.2,44.3,pseudospot_1841
ATCCTGTAATCATTCC,37.2,44.3,pseudospot_1841
AGTCACTACAAGGAGC,43.2,4.8,pseudospot_1842
ATCCTGTACACCTTAC,43.2,4.8,pseudospot_1842
ATCCTGTACAAGGAGC,43.2,4.8,pseudospot_1842
AGTCACTACACCTTAC,43.2,4.8,pseudospot_1842
AGTCACTACCATCCTC,43.9,82.0,pseudospot_1843
ATCCTGTACCATCCTC,43.9,82.0,pseudospot_1843
ATCCTGTACCGACAAC,43.9,82.0,pseudospot_1843
AGTCACTACCGACAAC,43.9,82.0,pseudospot_1843
ATCCTGTACCTCTATC,61.3,82.6,pseudospot_1844
AGTCACTACCTAATCC,61.3,82.6,pseudospot_1844
AGTCACTACCTCTATC,61.3,82.6,pseudospot_1844
ATCCTGTACCTAATCC,61.3,82.6,pseudospot_1844
ATCCTGTACGACACAC,94.3,58.8,pseudospot_1845
ATCCTGTACGGATTGC,94.3,58.8,pseudospot_1845
AGTCACTACGGATTGC,94.3,58.8,pseudospot_1845
AGTCACTACGACACAC,94.3,58.8,pseudospot_1845
ATCCTGTAGAACAGGC,24.1,35.3,pseudospot_1846
ATCCTGTACTAAGGTC,24.1,35.3,pseudospot_1846
AGTCACTACTAAGGTC,24.1,35.3,pseudospot_1846
AGTCACTAGAACAGGC,24.1,35.3,pseudospot_1846
AGTCACTAGAGTTAGC,12.2,80.0,pseudospot_1847
ATCCTGTAGACAGTGC,12.2,80.0,pseudospot_1847
ATCCTGTAGAGTTAGC,12.2,80.0,pseudospot_1847
AGTCACTAGACAGTGC,12.2,80.0,pseudospot_1847
ATCCTGTAGCCAAGAC,19.7,55.5,pseudospot_1848
AGTCACTAGATGAATC,19.7,55.5,pseudospot_1848
AGTCACTAGCCAAGAC,19.7,55.5,pseudospot_1848
ATCCTGTAGATGAATC,19.7,55.5,pseudospot_1848
AGTCACTACGGAAGAA,88.7,82.6,pseudospot_1849
AGTCACTAGTGACAAG,88.7,82.6,pseudospot_1849
ATCCTGTACGGAAGAA,88.7,82.6,pseudospot_1849
ATCCTGTAGTGACAAG,88.7,82.6,pseudospot_1849
AGTCACTATTGCTGGA,64.6,63.1,pseudospot_1850
ATCCTGTAGAACCAGA,64.6,63.1,pseudospot_1850
AGTCACTAGAACCAGA,64.6,63.1,pseudospot_1850
ATCCTGTATTGCTGGA,64.6,63.1,pseudospot_1850
AGCAGGAACGACTGGA,81.8,20.2,pseudospot_1871
AGCAGGAACGCATACA,81.8,20.2,pseudospot_1871
AGATCGCACGACTGGA,81.8,20.2,pseudospot_1871
AGATCGCACGCATACA,81.8,20.2,pseudospot_1871
AGCAGGAACTGAGCCA,21.4,38.7,pseudospot_1872
AGCAGGAACTCAATGA,21.4,38.7,pseudospot_1872
AGATCGCACTCAATGA,21.4,38.7,pseudospot_1872
AGATCGCACTGAGCCA,21.4,38.7,pseudospot_1872
AGATCGCACTGGCATA,50.6,5.1,pseudospot_1873
AGCAGGAACTGGCATA,50.6,5.1,pseudospot_1873
AGATCGCAGAATCTGA,50.6,5.1,pseudospot_1873
AGCAGGAAGAATCTGA,50.6,5.1,pseudospot_1873
AGATCGCACAAGACTA,84.1,39.8,pseudospot_1874
AGCAGGAACAAGACTA,84.1,39.8,pseudospot_1874
AGATCGCAGAGCTGAA,84.1,39.8,pseudospot_1874
AGCAGGAAGAGCTGAA,84.1,39.8,pseudospot_1874
AGCAGGAAGATAGACA,73.3,51.2,pseudospot_1875
AGATCGCAGCCACATA,73.3,51.2,pseudospot_1875
AGCAGGAAGCCACATA,73.3,51.2,pseudospot_1875
AGATCGCAGATAGACA,73.3,51.2,pseudospot_1875
AGCAGGAAGCGAGTAA,54.2,48.3,pseudospot_1876
AGATCGCAGCTAACGA,54.2,48.3,pseudospot_1876
AGATCGCAGCGAGTAA,54.2,48.3,pseudospot_1876
AGCAGGAAGCTAACGA,54.2,48.3,pseudospot_1876
AGCAGGAAGGAGAACA,59.0,38.3,pseudospot_1877
AGATCGCAGGAGAACA,59.0,38.3,pseudospot_1877
AGATCGCAGCTCGGTA,59.0,38.3,pseudospot_1877
AGCAGGAAGCTCGGTA,59.0,38.3,pseudospot_1877
AGCAGGAAGTACGCAA,50.8,83.9,pseudospot_1878
AGATCGCAGGTGCGAA,50.8,83.9,pseudospot_1878
AGCAGGAAGGTGCGAA,50.8,83.9,pseudospot_1878
AGATCGCAGTACGCAA,50.8,83.9,pseudospot_1878
AGATCGCAGTCGTAGA,29.8,14.5,pseudospot_1879
AGCAGGAAGTCGTAGA,29.8,14.5,pseudospot_1879
AGATCGCAGTCTGTCA,29.8,14.5,pseudospot_1879
AGCAGGAAGTCTGTCA,29.8,14.5,pseudospot_1879
AGATCGCATAGGATGA,56.5,50.6,pseudospot_1880
AGCAGGAAGTGTTCTA,56.5,50.6,pseudospot_1880
AGCAGGAATAGGATGA,56.5,50.6,pseudospot_1880
AGATCGCAGTGTTCTA,56.5,50.6,pseudospot_1880
AGATCGCATATCAGCA,68.9,6.2,pseudospot_1881
AGATCGCATCCGTCTA,68.9,6.2,pseudospot_1881
AGCAGGAATCCGTCTA,68.9,6.2,pseudospot_1881
AGCAGGAATATCAGCA,68.9,6.2,pseudospot_1881
AGCAGGAATGAAGAGA,87.3,7.1,pseudospot_1882
AGCAGGAATCTTCACA,87.3,7.1,pseudospot_1882
AGATCGCATCTTCACA,87.3,7.1,pseudospot_1882
AGATCGCATGAAGAGA,87.3,7.1,pseudospot_1882
AGCAGGAATGGAACAA,63.6,57.4,pseudospot_1883
AGCAGGAATGGCTTCA,63.6,57.4,pseudospot_1883
AGATCGCATGGAACAA,63.6,57.4,pseudospot_1883
AGATCGCATGGCTTCA,63.6,57.4,pseudospot_1883
AGCAGGAATTCACGCA,76.1,56.6,pseudospot_1884
AGCAGGAATGGTGGTA,76.1,56.6,pseudospot_1884
AGATCGCATGGTGGTA,76.1,56.6,pseudospot_1884
AGATCGCATTCACGCA,76.1,56.6,pseudospot_1884
AGCAGGAAAACTCACC,16.0,87.8,pseudospot_1885
AGCAGGAAAAGAGATC,16.0,87.8,pseudospot_1885
AGATCGCAAAGAGATC,16.0,87.8,pseudospot_1885
AGATCGCAAACTCACC,16.0,87.8,pseudospot_1885
AGATCGCAAATCCGTC,46.2,55.8,pseudospot_1886
AGCAGGAAAATCCGTC,46.2,55.8,pseudospot_1886
AGCAGGAAAAGGACAC,46.2,55.8,pseudospot_1886
AGATCGCAAAGGACAC,46.2,55.8,pseudospot_1886
AGCAGGAAACACGACC,0.9,96.0,pseudospot_1887
AGATCGCAACACGACC,0.9,96.0,pseudospot_1887
AGCAGGAAAATGTTGC,0.9,96.0,pseudospot_1887
AGATCGCAAATGTTGC,0.9,96.0,pseudospot_1887
AGCAGGAAAGATGTAC,24.7,4.9,pseudospot_1888
AGATCGCAAGATGTAC,24.7,4.9,pseudospot_1888
AGATCGCAACAGATTC,24.7,4.9,pseudospot_1888
AGCAGGAAACAGATTC,24.7,4.9,pseudospot_1888
AGCAGGAAAGCACCTC,72.6,9.8,pseudospot_1889
AGATCGCAAGCCATGC,72.6,9.8,pseudospot_1889
AGATCGCAAGCACCTC,72.6,9.8,pseudospot_1889
AGCAGGAAAGCCATGC,72.6,9.8,pseudospot_1889
AGATCGCAAGGCTAAC,99.2,4.4,pseudospot_1890
AGCAGGAAATAGCGAC,99.2,4.4,pseudospot_1890
AGATCGCAATAGCGAC,99.2,4.4,pseudospot_1890
AGCAGGAAAGGCTAAC,99.2,4.4,pseudospot_1890
AGATCGCAATTGGCTC,9.9,18.5,pseudospot_1891
AGATCGCAATCATTCC,9.9,18.5,pseudospot_1891
AGCAGGAAATTGGCTC,9.9,18.5,pseudospot_1891
AGCAGGAAATCATTCC,9.9,18.5,pseudospot_1891
AGCAGGAACAAGGAGC,40.1,54.1,pseudospot_1892
AGATCGCACACCTTAC,40.1,54.1,pseudospot_1892
AGATCGCACAAGGAGC,40.1,54.1,pseudospot_1892
AGCAGGAACACCTTAC,40.1,54.1,pseudospot_1892
AGCAGGAACCATCCTC,80.0,64.6,pseudospot_1893
AGATCGCACCGACAAC,80.0,64.6,pseudospot_1893
AGATCGCACCATCCTC,80.0,64.6,pseudospot_1893
AGCAGGAACCGACAAC,80.0,64.6,pseudospot_1893
AGCAGGAACCTCTATC,20.4,4.6,pseudospot_1894
AGATCGCACCTAATCC,20.4,4.6,pseudospot_1894
AGATCGCACCTCTATC,20.4,4.6,pseudospot_1894
AGCAGGAACCTAATCC,20.4,4.6,pseudospot_1894
AGATCGCACGACACAC,55.5,94.6,pseudospot_1895
AGATCGCACGGATTGC,55.5,94.6,pseudospot_1895
AGCAGGAACGGATTGC,55.5,94.6,pseudospot_1895
AGCAGGAACGACACAC,55.5,94.6,pseudospot_1895
AGATCGCAGAACAGGC,73.3,84.2,pseudospot_1896
AGCAGGAACTAAGGTC,73.3,84.2,pseudospot_1896
AGCAGGAAGAACAGGC,73.3,84.2,pseudospot_1896
AGATCGCACTAAGGTC,73.3,84.2,pseudospot_1896
AGATCGCAGAGTTAGC,61.6,29.7,pseudospot_1897
AGCAGGAAGACAGTGC,61.6,29.7,pseudospot_1897
AGATCGCAGACAGTGC,61.6,29.7,pseudospot_1897
AGCAGGAAGAGTTAGC,61.6,29.7,pseudospot_1897
AGATCGCAGCCAAGAC,18.8,7.7,pseudospot_1898
AGCAGGAAGCCAAGAC,18.8,7.7,pseudospot_1898
AGCAGGAAGATGAATC,18.8,7.7,pseudospot_1898
AGATCGCAGATGAATC,18.8,7.7,pseudospot_1898
AGCAGGAAGTGACAAG,35.5,17.0,pseudospot_1899
AGCAGGAACGGAAGAA,35.5,17.0,pseudospot_1899
AGATCGCAGTGACAAG,35.5,17.0,pseudospot_1899
AGATCGCACGGAAGAA,35.5,17.0,pseudospot_1899
AGCAGGAATTGCTGGA,78.4,12.7,pseudospot_1900
AGCAGGAAGAACCAGA,78.4,12.7,pseudospot_1900
AGATCGCATTGCTGGA,78.4,12.7,pseudospot_1900
AGATCGCAGAACCAGA,78.4,12.7,pseudospot_1900
AGAGTCAACGCATACA,69.6,9.8,pseudospot_1921
AGAGTCAACGACTGGA,69.6,9.8,pseudospot_1921
ACTATGCACGACTGGA,69.6,9.8,pseudospot_1921
ACTATGCACGCATACA,69.6,9.8,pseudospot_1921
ACTATGCACTCAATGA,0.3,95.7,pseudospot_1922
AGAGTCAACTCAATGA,0.3,95.7,pseudospot_1922
AGAGTCAACTGAGCCA,0.3,95.7,pseudospot_1922
ACTATGCACTGAGCCA,0.3,95.7,pseudospot_1922
ACTATGCAGAATCTGA,62.0,59.9,pseudospot_1923
ACTATGCACTGGCATA,62.0,59.9,pseudospot_1923
AGAGTCAACTGGCATA,62.0,59.9,pseudospot_1923
AGAGTCAAGAATCTGA,62.0,59.9,pseudospot_1923
ACTATGCACAAGACTA,35.5,72.9,pseudospot_1924
ACTATGCAGAGCTGAA,35.5,72.9,pseudospot_1924
AGAGTCAAGAGCTGAA,35.5,72.9,pseudospot_1924
AGAGTCAACAAGACTA,35.5,72.9,pseudospot_1924
AGAGTCAAGCCACATA,79.4,31.5,pseudospot_1925
ACTATGCAGATAGACA,79.4,31.5,pseudospot_1925
AGAGTCAAGATAGACA,79.4,31.5,pseudospot_1925
ACTATGCAGCCACATA,79.4,31.5,pseudospot_1925
AGAGTCAAGCGAGTAA,9.3,39.3,pseudospot_1926
ACTATGCAGCTAACGA,9.3,39.3,pseudospot_1926
AGAGTCAAGCTAACGA,9.3,39.3,pseudospot_1926
ACTATGCAGCGAGTAA,9.3,39.3,pseudospot_1926
ACTATGCAGGAGAACA,58.8,23.7,pseudospot_1927
AGAGTCAAGCTCGGTA,58.8,23.7,pseudospot_1927
ACTATGCAGCTCGGTA,58.8,23.7,pseudospot_1927
AGAGTCAAGGAGAACA,58.8,23.7,pseudospot_1927
AGAGTCAAGGTGCGAA,48.1,9.7,pseudospot_1928
AGAGTCAAGTACGCAA,48.1,9.7,pseudospot_1928
ACTATGCAGTACGCAA,48.1,9.7,pseudospot_1928
ACTATGCAGGTGCGAA,48.1,9.7,pseudospot_1928
ACTATGCAGTCGTAGA,64.2,17.9,pseudospot_1929
AGAGTCAAGTCTGTCA,64.2,17.9,pseudospot_1929
AGAGTCAAGTCGTAGA,64.2,17.9,pseudospot_1929
ACTATGCAGTCTGTCA,64.2,17.9,pseudospot_1929
AGAGTCAATAGGATGA,6.5,79.8,pseudospot_1930
ACTATGCAGTGTTCTA,6.5,79.8,pseudospot_1930
AGAGTCAAGTGTTCTA,6.5,79.8,pseudospot_1930
ACTATGCATAGGATGA,6.5,79.8,pseudospot_1930
ACTATGCATATCAGCA,58.0,67.8,pseudospot_1931
ACTATGCATCCGTCTA,58.0,67.8,pseudospot_1931
AGAGTCAATATCAGCA,58.0,67.8,pseudospot_1931
AGAGTCAATCCGTCTA,58.0,67.8,pseudospot_1931
ACTATGCATGAAGAGA,56.1,54.7,pseudospot_1932
AGAGTCAATCTTCACA,56.1,54.7,pseudospot_1932
AGAGTCAATGAAGAGA,56.1,54.7,pseudospot_1932
ACTATGCATCTTCACA,56.1,54.7,pseudospot_1932
ACTATGCATGGCTTCA,56.1,47.5,pseudospot_1933
AGAGTCAATGGAACAA,56.1,47.5,pseudospot_1933
AGAGTCAATGGCTTCA,56.1,47.5,pseudospot_1933
ACTATGCATGGAACAA,56.1,47.5,pseudospot_1933
AGAGTCAATGGTGGTA,60.3,92.2,pseudospot_1934
ACTATGCATGGTGGTA,60.3,92.2,pseudospot_1934
AGAGTCAATTCACGCA,60.3,92.2,pseudospot_1934
ACTATGCATTCACGCA,60.3,92.2,pseudospot_1934
AGAGTCAAAACTCACC,67.6,7.3,pseudospot_1935
AGAGTCAAAAGAGATC,67.6,7.3,pseudospot_1935
ACTATGCAAACTCACC,67.6,7.3,pseudospot_1935
ACTATGCAAAGAGATC,67.6,7.3,pseudospot_1935
AGAGTCAAAATCCGTC,80.5,28.1,pseudospot_1936
ACTATGCAAATCCGTC,80.5,28.1,pseudospot_1936
ACTATGCAAAGGACAC,80.5,28.1,pseudospot_1936
AGAGTCAAAAGGACAC,80.5,28.1,pseudospot_1936
AGAGTCAAAATGTTGC,27.0,35.0,pseudospot_1937
AGAGTCAAACACGACC,27.0,35.0,pseudospot_1937
ACTATGCAACACGACC,27.0,35.0,pseudospot_1937
ACTATGCAAATGTTGC,27.0,35.0,pseudospot_1937
ACTATGCAAGATGTAC,82.5,78.2,pseudospot_1938
AGAGTCAAAGATGTAC,82.5,78.2,pseudospot_1938
ACTATGCAACAGATTC,82.5,78.2,pseudospot_1938
AGAGTCAAACAGATTC,82.5,78.2,pseudospot_1938
AGAGTCAAAGCACCTC,49.8,99.3,pseudospot_1939
ACTATGCAAGCACCTC,49.8,99.3,pseudospot_1939
ACTATGCAAGCCATGC,49.8,99.3,pseudospot_1939
AGAGTCAAAGCCATGC,49.8,99.3,pseudospot_1939
AGAGTCAAAGGCTAAC,7.7,24.1,pseudospot_1940
ACTATGCAATAGCGAC,7.7,24.1,pseudospot_1940
ACTATGCAAGGCTAAC,7.7,24.1,pseudospot_1940
AGAGTCAAATAGCGAC,7.7,24.1,pseudospot_1940
ACTATGCAATTGGCTC,5.9,87.4,pseudospot_1941
AGAGTCAAATCATTCC,5.9,87.4,pseudospot_1941
ACTATGCAATCATTCC,5.9,87.4,pseudospot_1941
AGAGTCAAATTGGCTC,5.9,87.4,pseudospot_1941
AGAGTCAACAAGGAGC,33.4,83.1,pseudospot_1942
ACTATGCACAAGGAGC,33.4,83.1,pseudospot_1942
AGAGTCAACACCTTAC,33.4,83.1,pseudospot_1942
ACTATGCACACCTTAC,33.4,83.1,pseudospot_1942
ACTATGCACCATCCTC,78.5,22.5,pseudospot_1943
AGAGTCAACCGACAAC,78.5,22.5,pseudospot_1943
AGAGTCAACCATCCTC,78.5,22.5,pseudospot_1943
ACTATGCACCGACAAC,78.5,22.5,pseudospot_1943
AGAGTCAACCTCTATC,70.8,39.9,pseudospot_1944
ACTATGCACCTAATCC,70.8,39.9,pseudospot_1944
AGAGTCAACCTAATCC,70.8,39.9,pseudospot_1944
ACTATGCACCTCTATC,70.8,39.9,pseudospot_1944
AGAGTCAACGGATTGC,78.9,41.0,pseudospot_1945
ACTATGCACGACACAC,78.9,41.0,pseudospot_1945
AGAGTCAACGACACAC,78.9,41.0,pseudospot_1945
ACTATGCACGGATTGC,78.9,41.0,pseudospot_1945
ACTATGCAGAACAGGC,51.7,97.8,pseudospot_1946
ACTATGCACTAAGGTC,51.7,97.8,pseudospot_1946
AGAGTCAAGAACAGGC,51.7,97.8,pseudospot_1946
AGAGTCAACTAAGGTC,51.7,97.8,pseudospot_1946
AGAGTCAAGAGTTAGC,44.0,18.1,pseudospot_1947
AGAGTCAAGACAGTGC,44.0,18.1,pseudospot_1947
ACTATGCAGACAGTGC,44.0,18.1,pseudospot_1947
ACTATGCAGAGTTAGC,44.0,18.1,pseudospot_1947
AGAGTCAAGCCAAGAC,14.7,79.9,pseudospot_1948
AGAGTCAAGATGAATC,14.7,79.9,pseudospot_1948
ACTATGCAGATGAATC,14.7,79.9,pseudospot_1948
ACTATGCAGCCAAGAC,14.7,79.9,pseudospot_1948
AGAGTCAACGGAAGAA,32.8,33.4,pseudospot_1949
ACTATGCACGGAAGAA,32.8,33.4,pseudospot_1949
AGAGTCAAGTGACAAG,32.8,33.4,pseudospot_1949
ACTATGCAGTGACAAG,32.8,33.4,pseudospot_1949
ACTATGCATTGCTGGA,43.4,73.1,pseudospot_1950
AGAGTCAAGAACCAGA,43.4,73.1,pseudospot_1950
AGAGTCAATTGCTGGA,43.4,73.1,pseudospot_1950
ACTATGCAGAACCAGA,43.4,73.1,pseudospot_1950
ACGTATCACGCATACA,2.4,90.7,pseudospot_1971
ACGCTCGACGACTGGA,2.4,90.7,pseudospot_1971
ACGCTCGACGCATACA,2.4,90.7,pseudospot_1971
ACGTATCACGACTGGA,2.4,90.7,pseudospot_1971
ACGTATCACTGAGCCA,83.2,99.2,pseudospot_1972
ACGCTCGACTGAGCCA,83.2,99.2,pseudospot_1972
ACGTATCACTCAATGA,83.2,99.2,pseudospot_1972
ACGCTCGACTCAATGA,83.2,99.2,pseudospot_1972
ACGCTCGACTGGCATA,27.3,20.8,pseudospot_1973
ACGCTCGAGAATCTGA,27.3,20.8,pseudospot_1973
ACGTATCACTGGCATA,27.3,20.8,pseudospot_1973
ACGTATCAGAATCTGA,27.3,20.8,pseudospot_1973
ACGTATCAGAGCTGAA,51.8,35.5,pseudospot_1974
ACGTATCACAAGACTA,51.8,35.5,pseudospot_1974
ACGCTCGACAAGACTA,51.8,35.5,pseudospot_1974
ACGCTCGAGAGCTGAA,51.8,35.5,pseudospot_1974
ACGCTCGAGATAGACA,29.9,66.9,pseudospot_1975
ACGTATCAGCCACATA,29.9,66.9,pseudospot_1975
ACGCTCGAGCCACATA,29.9,66.9,pseudospot_1975
ACGTATCAGATAGACA,29.9,66.9,pseudospot_1975
ACGCTCGAGCGAGTAA,94.1,48.4,pseudospot_1976
ACGTATCAGCGAGTAA,94.1,48.4,pseudospot_1976
ACGCTCGAGCTAACGA,94.1,48.4,pseudospot_1976
ACGTATCAGCTAACGA,94.1,48.4,pseudospot_1976
ACGCTCGAGGAGAACA,25.9,41.8,pseudospot_1977
ACGCTCGAGCTCGGTA,25.9,41.8,pseudospot_1977
ACGTATCAGGAGAACA,25.9,41.8,pseudospot_1977
ACGTATCAGCTCGGTA,25.9,41.8,pseudospot_1977
ACGCTCGAGGTGCGAA,43.0,35.8,pseudospot_1978
ACGCTCGAGTACGCAA,43.0,35.8,pseudospot_1978
ACGTATCAGGTGCGAA,43.0,35.8,pseudospot_1978
ACGTATCAGTACGCAA,43.0,35.8,pseudospot_1978
ACGCTCGAGTCTGTCA,87.3,59.4,pseudospot_1979
ACGTATCAGTCTGTCA,87.3,59.4,pseudospot_1979
ACGCTCGAGTCGTAGA,87.3,59.4,pseudospot_1979
ACGTATCAGTCGTAGA,87.3,59.4,pseudospot_1979
ACGTATCAGTGTTCTA,84.2,57.6,pseudospot_1980
ACGCTCGAGTGTTCTA,84.2,57.6,pseudospot_1980
ACGTATCATAGGATGA,84.2,57.6,pseudospot_1980
ACGCTCGATAGGATGA,84.2,57.6,pseudospot_1980
ACGTATCATATCAGCA,18.6,16.1,pseudospot_1981
ACGTATCATCCGTCTA,18.6,16.1,pseudospot_1981
ACGCTCGATCCGTCTA,18.6,16.1,pseudospot_1981
ACGCTCGATATCAGCA,18.6,16.1,pseudospot_1981
ACGCTCGATCTTCACA,80.3,47.2,pseudospot_1982
ACGTATCATGAAGAGA,80.3,47.2,pseudospot_1982
ACGCTCGATGAAGAGA,80.3,47.2,pseudospot_1982
ACGTATCATCTTCACA,80.3,47.2,pseudospot_1982
ACGTATCATGGAACAA,45.8,55.3,pseudospot_1983
ACGCTCGATGGCTTCA,45.8,55.3,pseudospot_1983
ACGCTCGATGGAACAA,45.8,55.3,pseudospot_1983
ACGTATCATGGCTTCA,45.8,55.3,pseudospot_1983
ACGCTCGATTCACGCA,48.3,57.0,pseudospot_1984
ACGTATCATGGTGGTA,48.3,57.0,pseudospot_1984
ACGCTCGATGGTGGTA,48.3,57.0,pseudospot_1984
ACGTATCATTCACGCA,48.3,57.0,pseudospot_1984
ACGTATCAAACTCACC,13.3,21.0,pseudospot_1985
ACGTATCAAAGAGATC,13.3,21.0,pseudospot_1985
ACGCTCGAAAGAGATC,13.3,21.0,pseudospot_1985
ACGCTCGAAACTCACC,13.3,21.0,pseudospot_1985
ACGCTCGAAAGGACAC,8.1,74.2,pseudospot_1986
ACGTATCAAATCCGTC,8.1,74.2,pseudospot_1986
ACGTATCAAAGGACAC,8.1,74.2,pseudospot_1986
ACGCTCGAAATCCGTC,8.1,74.2,pseudospot_1986
ACGCTCGAAATGTTGC,72.8,2.5,pseudospot_1987
ACGTATCAACACGACC,72.8,2.5,pseudospot_1987
ACGCTCGAACACGACC,72.8,2.5,pseudospot_1987
ACGTATCAAATGTTGC,72.8,2.5,pseudospot_1987
ACGTATCAACAGATTC,49.6,35.5,pseudospot_1988
ACGCTCGAACAGATTC,49.6,35.5,pseudospot_1988
ACGTATCAAGATGTAC,49.6,35.5,pseudospot_1988
ACGCTCGAAGATGTAC,49.6,35.5,pseudospot_1988
ACGCTCGAAGCACCTC,43.7,78.0,pseudospot_1989
ACGTATCAAGCCATGC,43.7,78.0,pseudospot_1989
ACGTATCAAGCACCTC,43.7,78.0,pseudospot_1989
ACGCTCGAAGCCATGC,43.7,78.0,pseudospot_1989
ACGTATCAAGGCTAAC,73.0,56.4,pseudospot_1990
ACGTATCAATAGCGAC,73.0,56.4,pseudospot_1990
ACGCTCGAATAGCGAC,73.0,56.4,pseudospot_1990
ACGCTCGAAGGCTAAC,73.0,56.4,pseudospot_1990
ACGTATCAATCATTCC,76.6,26.1,pseudospot_1991
ACGCTCGAATTGGCTC,76.6,26.1,pseudospot_1991
ACGCTCGAATCATTCC,76.6,26.1,pseudospot_1991
ACGTATCAATTGGCTC,76.6,26.1,pseudospot_1991
ACGTATCACAAGGAGC,15.9,69.5,pseudospot_1992
ACGCTCGACACCTTAC,15.9,69.5,pseudospot_1992
ACGTATCACACCTTAC,15.9,69.5,pseudospot_1992
ACGCTCGACAAGGAGC,15.9,69.5,pseudospot_1992
ACGCTCGACCGACAAC,61.0,56.7,pseudospot_1993
ACGCTCGACCATCCTC,61.0,56.7,pseudospot_1993
ACGTATCACCATCCTC,61.0,56.7,pseudospot_1993
ACGTATCACCGACAAC,61.0,56.7,pseudospot_1993
ACGTATCACCTAATCC,13.5,79.6,pseudospot_1994
ACGTATCACCTCTATC,13.5,79.6,pseudospot_1994
ACGCTCGACCTAATCC,13.5,79.6,pseudospot_1994
ACGCTCGACCTCTATC,13.5,79.6,pseudospot_1994
ACGCTCGACGGATTGC,75.1,73.5,pseudospot_1995
ACGTATCACGACACAC,75.1,73.5,pseudospot_1995
ACGTATCACGGATTGC,75.1,73.5,pseudospot_1995
ACGCTCGACGACACAC,75.1,73.5,pseudospot_1995
ACGCTCGACTAAGGTC,65.7,61.0,pseudospot_1996
ACGTATCACTAAGGTC,65.7,61.0,pseudospot_1996
ACGCTCGAGAACAGGC,65.7,61.0,pseudospot_1996
ACGTATCAGAACAGGC,65.7,61.0,pseudospot_1996
ACGCTCGAGAGTTAGC,95.7,48.8,pseudospot_1997
ACGCTCGAGACAGTGC,95.7,48.8,pseudospot_1997
ACGTATCAGACAGTGC,95.7,48.8,pseudospot_1997
ACGTATCAGAGTTAGC,95.7,48.8,pseudospot_1997
ACGTATCAGCCAAGAC,6.9,13.3,pseudospot_1998
ACGCTCGAGCCAAGAC,6.9,13.3,pseudospot_1998
ACGCTCGAGATGAATC,6.9,13.3,pseudospot_1998
ACGTATCAGATGAATC,6.9,13.3,pseudospot_1998
ACGCTCGAGTGACAAG,5.7,26.1,pseudospot_1999
ACGCTCGACGGAAGAA,5.7,26.1,pseudospot_1999
ACGTATCAGTGACAAG,5.7,26.1,pseudospot_1999
ACGTATCACGGAAGAA,5.7,26.1,pseudospot_1999
ACGTATCATTGCTGGA,28.2,41.9,pseudospot_2000
ACGCTCGAGAACCAGA,28.2,41.9,pseudospot_2000
ACGTATCAGAACCAGA,28.2,41.9,pseudospot_2000
ACGCTCGATTGCTGGA,28.2,41.9,pseudospot_2000
ACCTCCAACGACTGGA,96.3,86.2,pseudospot_2021
ACAGCAGACGACTGGA,96.3,86.2,pseudospot_2021
ACCTCCAACGCATACA,96.3,86.2,pseudospot_2021
ACAGCAGACGCATACA,96.3,86.2,pseudospot_2021
ACCTCCAACTCAATGA,56.0,57.7,pseudospot_2022
ACCTCCAACTGAGCCA,56.0,57.7,pseudospot_2022
ACAGCAGACTGAGCCA,56.0,57.7,pseudospot_2022
ACAGCAGACTCAATGA,56.0,57.7,pseudospot_2022
ACAGCAGAGAATCTGA,93.7,89.1,pseudospot_2023
ACCTCCAAGAATCTGA,93.7,89.1,pseudospot_2023
ACAGCAGACTGGCATA,93.7,89.1,pseudospot_2023
ACCTCCAACTGGCATA,93.7,89.1,pseudospot_2023
ACCTCCAAGAGCTGAA,5.2,59.7,pseudospot_2024
ACAGCAGACAAGACTA,5.2,59.7,pseudospot_2024
ACCTCCAACAAGACTA,5.2,59.7,pseudospot_2024
ACAGCAGAGAGCTGAA,5.2,59.7,pseudospot_2024
ACCTCCAAGCCACATA,41.9,81.0,pseudospot_2025
ACCTCCAAGATAGACA,41.9,81.0,pseudospot_2025
ACAGCAGAGATAGACA,41.9,81.0,pseudospot_2025
ACAGCAGAGCCACATA,41.9,81.0,pseudospot_2025
ACCTCCAAGCTAACGA,26.0,43.0,pseudospot_2026
ACAGCAGAGCTAACGA,26.0,43.0,pseudospot_2026
ACAGCAGAGCGAGTAA,26.0,43.0,pseudospot_2026
ACCTCCAAGCGAGTAA,26.0,43.0,pseudospot_2026
ACCTCCAAGGAGAACA,73.1,75.0,pseudospot_2027
ACAGCAGAGGAGAACA,73.1,75.0,pseudospot_2027
ACAGCAGAGCTCGGTA,73.1,75.0,pseudospot_2027
ACCTCCAAGCTCGGTA,73.1,75.0,pseudospot_2027
ACCTCCAAGGTGCGAA,98.1,91.3,pseudospot_2028
ACAGCAGAGGTGCGAA,98.1,91.3,pseudospot_2028
ACCTCCAAGTACGCAA,98.1,91.3,pseudospot_2028
ACAGCAGAGTACGCAA,98.1,91.3,pseudospot_2028
ACAGCAGAGTCTGTCA,25.7,57.2,pseudospot_2029
ACAGCAGAGTCGTAGA,25.7,57.2,pseudospot_2029
ACCTCCAAGTCTGTCA,25.7,57.2,pseudospot_2029
ACCTCCAAGTCGTAGA,25.7,57.2,pseudospot_2029
ACCTCCAAGTGTTCTA,65.4,18.1,pseudospot_2030
ACCTCCAATAGGATGA,65.4,18.1,pseudospot_2030
ACAGCAGATAGGATGA,65.4,18.1,pseudospot_2030
ACAGCAGAGTGTTCTA,65.4,18.1,pseudospot_2030
ACAGCAGATATCAGCA,19.8,26.9,pseudospot_2031
ACCTCCAATCCGTCTA,19.8,26.9,pseudospot_2031
ACCTCCAATATCAGCA,19.8,26.9,pseudospot_2031
ACAGCAGATCCGTCTA,19.8,26.9,pseudospot_2031
ACCTCCAATGAAGAGA,56.5,19.9,pseudospot_2032
ACAGCAGATCTTCACA,56.5,19.9,pseudospot_2032
ACCTCCAATCTTCACA,56.5,19.9,pseudospot_2032
ACAGCAGATGAAGAGA,56.5,19.9,pseudospot_2032
ACCTCCAATGGAACAA,46.4,24.7,pseudospot_2033
ACAGCAGATGGCTTCA,46.4,24.7,pseudospot_2033
ACCTCCAATGGCTTCA,46.4,24.7,pseudospot_2033
ACAGCAGATGGAACAA,46.4,24.7,pseudospot_2033
ACAGCAGATGGTGGTA,97.2,30.6,pseudospot_2034
ACCTCCAATTCACGCA,97.2,30.6,pseudospot_2034
ACAGCAGATTCACGCA,97.2,30.6,pseudospot_2034
ACCTCCAATGGTGGTA,97.2,30.6,pseudospot_2034
ACCTCCAAAAGAGATC,60.9,55.5,pseudospot_2035
ACCTCCAAAACTCACC,60.9,55.5,pseudospot_2035
ACAGCAGAAACTCACC,60.9,55.5,pseudospot_2035
ACAGCAGAAAGAGATC,60.9,55.5,pseudospot_2035
ACAGCAGAAATCCGTC,35.0,58.8,pseudospot_2036
ACCTCCAAAAGGACAC,35.0,58.8,pseudospot_2036
ACCTCCAAAATCCGTC,35.0,58.8,pseudospot_2036
ACAGCAGAAAGGACAC,35.0,58.8,pseudospot_2036
ACAGCAGAACACGACC,11.4,42.6,pseudospot_2037
ACCTCCAAAATGTTGC,11.4,42.6,pseudospot_2037
ACCTCCAAACACGACC,11.4,42.6,pseudospot_2037
ACAGCAGAAATGTTGC,11.4,42.6,pseudospot_2037
ACAGCAGAAGATGTAC,15.1,61.5,pseudospot_2038
ACCTCCAAAGATGTAC,15.1,61.5,pseudospot_2038
ACCTCCAAACAGATTC,15.1,61.5,pseudospot_2038
ACAGCAGAACAGATTC,15.1,61.5,pseudospot_2038
ACCTCCAAAGCCATGC,22.5,8.2,pseudospot_2039
ACAGCAGAAGCACCTC,22.5,8.2,pseudospot_2039
ACCTCCAAAGCACCTC,22.5,8.2,pseudospot_2039
ACAGCAGAAGCCATGC,22.5,8.2,pseudospot_2039
ACCTCCAAAGGCTAAC,25.1,8.8,pseudospot_2040
ACCTCCAAATAGCGAC,25.1,8.8,pseudospot_2040
ACAGCAGAATAGCGAC,25.1,8.8,pseudospot_2040
ACAGCAGAAGGCTAAC,25.1,8.8,pseudospot_2040
ACAGCAGAATCATTCC,85.1,17.2,pseudospot_2041
ACCTCCAAATCATTCC,85.1,17.2,pseudospot_2041
ACAGCAGAATTGGCTC,85.1,17.2,pseudospot_2041
ACCTCCAAATTGGCTC,85.1,17.2,pseudospot_2041
ACAGCAGACAAGGAGC,56.1,51.8,pseudospot_2042
ACCTCCAACAAGGAGC,56.1,51.8,pseudospot_2042
ACCTCCAACACCTTAC,56.1,51.8,pseudospot_2042
ACAGCAGACACCTTAC,56.1,51.8,pseudospot_2042
ACAGCAGACCATCCTC,52.3,21.4,pseudospot_2043
ACCTCCAACCGACAAC,52.3,21.4,pseudospot_2043
ACAGCAGACCGACAAC,52.3,21.4,pseudospot_2043
ACCTCCAACCATCCTC,52.3,21.4,pseudospot_2043
ACAGCAGACCTAATCC,11.5,28.3,pseudospot_2044
ACCTCCAACCTCTATC,11.5,28.3,pseudospot_2044
ACCTCCAACCTAATCC,11.5,28.3,pseudospot_2044
ACAGCAGACCTCTATC,11.5,28.3,pseudospot_2044
ACCTCCAACGACACAC,86.0,40.0,pseudospot_2045
ACAGCAGACGGATTGC,86.0,40.0,pseudospot_2045
ACAGCAGACGACACAC,86.0,40.0,pseudospot_2045
ACCTCCAACGGATTGC,86.0,40.0,pseudospot_2045
ACCTCCAAGAACAGGC,72.3,81.2,pseudospot_2046
ACCTCCAACTAAGGTC,72.3,81.2,pseudospot_2046
ACAGCAGACTAAGGTC,72.3,81.2,pseudospot_2046
ACAGCAGAGAACAGGC,72.3,81.2,pseudospot_2046
ACCTCCAAGACAGTGC,6.8,1.4,pseudospot_2047
ACAGCAGAGACAGTGC,6.8,1.4,pseudospot_2047
ACCTCCAAGAGTTAGC,6.8,1.4,pseudospot_2047
ACAGCAGAGAGTTAGC,6.8,1.4,pseudospot_2047
ACAGCAGAGATGAATC,70.8,64.9,pseudospot_2048
ACCTCCAAGCCAAGAC,70.8,64.9,pseudospot_2048
ACAGCAGAGCCAAGAC,70.8,64.9,pseudospot_2048
ACCTCCAAGATGAATC,70.8,64.9,pseudospot_2048
ACCTCCAACGGAAGAA,54.4,66.9,pseudospot_2049
ACAGCAGACGGAAGAA,54.4,66.9,pseudospot_2049
ACAGCAGAGTGACAAG,54.4,66.9,pseudospot_2049
ACCTCCAAGTGACAAG,54.4,66.9,pseudospot_2049
ACCTCCAATTGCTGGA,8.2,79.9,pseudospot_2050
ACCTCCAAGAACCAGA,8.2,79.9,pseudospot_2050
ACAGCAGATTGCTGGA,8.2,79.9,pseudospot_2050
ACAGCAGAGAACCAGA,8.2,79.9,pseudospot_2050
ACACAGAACGACTGGA,75.7,50.0,pseudospot_2071
AAGGTACACGACTGGA,75.7,50.0,pseudospot_2071
AAGGTACACGCATACA,75.7,50.0,pseudospot_2071
ACACAGAACGCATACA,75.7,50.0,pseudospot_2071
ACACAGAACTCAATGA,51.9,67.5,pseudospot_2072
AAGGTACACTCAATGA,51.9,67.5,pseudospot_2072
ACACAGAACTGAGCCA,51.9,67.5,pseudospot_2072
AAGGTACACTGAGCCA,51.9,67.5,pseudospot_2072
ACACAGAACTGGCATA,20.5,23.9,pseudospot_2073
AAGGTACAGAATCTGA,20.5,23.9,pseudospot_2073
ACACAGAAGAATCTGA,20.5,23.9,pseudospot_2073
AAGGTACACTGGCATA,20.5,23.9,pseudospot_2073
AAGGTACAGAGCTGAA,87.8,75.8,pseudospot_2074
ACACAGAAGAGCTGAA,87.8,75.8,pseudospot_2074
ACACAGAACAAGACTA,87.8,75.8,pseudospot_2074
AAGGTACACAAGACTA,87.8,75.8,pseudospot_2074
AAGGTACAGATAGACA,88.0,76.0,pseudospot_2075
ACACAGAAGCCACATA,88.0,76.0,pseudospot_2075
ACACAGAAGATAGACA,88.0,76.0,pseudospot_2075
AAGGTACAGCCACATA,88.0,76.0,pseudospot_2075
ACACAGAAGCTAACGA,87.1,31.3,pseudospot_2076
AAGGTACAGCTAACGA,87.1,31.3,pseudospot_2076
AAGGTACAGCGAGTAA,87.1,31.3,pseudospot_2076
ACACAGAAGCGAGTAA,87.1,31.3,pseudospot_2076
ACACAGAAGCTCGGTA,23.9,41.1,pseudospot_2077
AAGGTACAGGAGAACA,23.9,41.1,pseudospot_2077
AAGGTACAGCTCGGTA,23.9,41.1,pseudospot_2077
ACACAGAAGGAGAACA,23.9,41.1,pseudospot_2077
ACACAGAAGGTGCGAA,45.1,21.0,pseudospot_2078
AAGGTACAGTACGCAA,45.1,21.0,pseudospot_2078
ACACAGAAGTACGCAA,45.1,21.0,pseudospot_2078
AAGGTACAGGTGCGAA,45.1,21.0,pseudospot_2078
AAGGTACAGTCGTAGA,98.5,97.7,pseudospot_2079
ACACAGAAGTCGTAGA,98.5,97.7,pseudospot_2079
AAGGTACAGTCTGTCA,98.5,97.7,pseudospot_2079
ACACAGAAGTCTGTCA,98.5,97.7,pseudospot_2079
AAGGTACATAGGATGA,77.2,64.6,pseudospot_2080
AAGGTACAGTGTTCTA,77.2,64.6,pseudospot_2080
ACACAGAAGTGTTCTA,77.2,64.6,pseudospot_2080
ACACAGAATAGGATGA,77.2,64.6,pseudospot_2080
AAGGTACATCCGTCTA,2.7,93.5,pseudospot_2081
AAGGTACATATCAGCA,2.7,93.5,pseudospot_2081
ACACAGAATATCAGCA,2.7,93.5,pseudospot_2081
ACACAGAATCCGTCTA,2.7,93.5,pseudospot_2081
ACACAGAATGAAGAGA,6.5,30.3,pseudospot_2082
ACACAGAATCTTCACA,6.5,30.3,pseudospot_2082
AAGGTACATGAAGAGA,6.5,30.3,pseudospot_2082
AAGGTACATCTTCACA,6.5,30.3,pseudospot_2082
ACACAGAATGGAACAA,46.4,78.2,pseudospot_2083
ACACAGAATGGCTTCA,46.4,78.2,pseudospot_2083
AAGGTACATGGCTTCA,46.4,78.2,pseudospot_2083
AAGGTACATGGAACAA,46.4,78.2,pseudospot_2083
AAGGTACATTCACGCA,90.9,76.6,pseudospot_2084
ACACAGAATTCACGCA,90.9,76.6,pseudospot_2084
ACACAGAATGGTGGTA,90.9,76.6,pseudospot_2084
AAGGTACATGGTGGTA,90.9,76.6,pseudospot_2084
AAGGTACAAAGAGATC,53.9,69.2,pseudospot_2085
ACACAGAAAACTCACC,53.9,69.2,pseudospot_2085
AAGGTACAAACTCACC,53.9,69.2,pseudospot_2085
ACACAGAAAAGAGATC,53.9,69.2,pseudospot_2085
AAGGTACAAAGGACAC,49.8,96.6,pseudospot_2086
ACACAGAAAATCCGTC,49.8,96.6,pseudospot_2086
AAGGTACAAATCCGTC,49.8,96.6,pseudospot_2086
ACACAGAAAAGGACAC,49.8,96.6,pseudospot_2086
ACACAGAAACACGACC,10.5,39.4,pseudospot_2087
ACACAGAAAATGTTGC,10.5,39.4,pseudospot_2087
AAGGTACAAATGTTGC,10.5,39.4,pseudospot_2087
AAGGTACAACACGACC,10.5,39.4,pseudospot_2087
AAGGTACAACAGATTC,65.7,13.1,pseudospot_2088
ACACAGAAACAGATTC,65.7,13.1,pseudospot_2088
AAGGTACAAGATGTAC,65.7,13.1,pseudospot_2088
ACACAGAAAGATGTAC,65.7,13.1,pseudospot_2088
ACACAGAAAGCACCTC,82.2,67.2,pseudospot_2089
AAGGTACAAGCACCTC,82.2,67.2,pseudospot_2089
ACACAGAAAGCCATGC,82.2,67.2,pseudospot_2089
AAGGTACAAGCCATGC,82.2,67.2,pseudospot_2089
ACACAGAAAGGCTAAC,38.0,72.9,pseudospot_2090
AAGGTACAAGGCTAAC,38.0,72.9,pseudospot_2090
ACACAGAAATAGCGAC,38.0,72.9,pseudospot_2090
AAGGTACAATAGCGAC,38.0,72.9,pseudospot_2090
ACACAGAAATCATTCC,77.6,57.5,pseudospot_2091
AAGGTACAATCATTCC,77.6,57.5,pseudospot_2091
ACACAGAAATTGGCTC,77.6,57.5,pseudospot_2091
AAGGTACAATTGGCTC,77.6,57.5,pseudospot_2091
AAGGTACACACCTTAC,96.4,20.7,pseudospot_2092
ACACAGAACAAGGAGC,96.4,20.7,pseudospot_2092
ACACAGAACACCTTAC,96.4,20.7,pseudospot_2092
AAGGTACACAAGGAGC,96.4,20.7,pseudospot_2092
AAGGTACACCGACAAC,20.4,50.4,pseudospot_2093
ACACAGAACCATCCTC,20.4,50.4,pseudospot_2093
ACACAGAACCGACAAC,20.4,50.4,pseudospot_2093
AAGGTACACCATCCTC,20.4,50.4,pseudospot_2093
ACACAGAACCTAATCC,52.3,31.2,pseudospot_2094
AAGGTACACCTAATCC,52.3,31.2,pseudospot_2094
AAGGTACACCTCTATC,52.3,31.2,pseudospot_2094
ACACAGAACCTCTATC,52.3,31.2,pseudospot_2094
ACACAGAACGGATTGC,28.7,42.7,pseudospot_2095
AAGGTACACGGATTGC,28.7,42.7,pseudospot_2095
AAGGTACACGACACAC,28.7,42.7,pseudospot_2095
ACACAGAACGACACAC,28.7,42.7,pseudospot_2095
AAGGTACACTAAGGTC,79.3,64.5,pseudospot_2096
ACACAGAAGAACAGGC,79.3,64.5,pseudospot_2096
AAGGTACAGAACAGGC,79.3,64.5,pseudospot_2096
ACACAGAACTAAGGTC,79.3,64.5,pseudospot_2096
AAGGTACAGAGTTAGC,57.8,74.5,pseudospot_2097
ACACAGAAGAGTTAGC,57.8,74.5,pseudospot_2097
AAGGTACAGACAGTGC,57.8,74.5,pseudospot_2097
ACACAGAAGACAGTGC,57.8,74.5,pseudospot_2097
AAGGTACAGATGAATC,63.5,23.2,pseudospot_2098
AAGGTACAGCCAAGAC,63.5,23.2,pseudospot_2098
ACACAGAAGATGAATC,63.5,23.2,pseudospot_2098
ACACAGAAGCCAAGAC,63.5,23.2,pseudospot_2098
ACACAGAACGGAAGAA,79.8,40.5,pseudospot_2099
AAGGTACAGTGACAAG,79.8,40.5,pseudospot_2099
ACACAGAAGTGACAAG,79.8,40.5,pseudospot_2099
AAGGTACACGGAAGAA,79.8,40.5,pseudospot_2099
ACACAGAATTGCTGGA,39.6,26.9,pseudospot_2100
AAGGTACATTGCTGGA,39.6,26.9,pseudospot_2100
ACACAGAAGAACCAGA,39.6,26.9,pseudospot_2100
AAGGTACAGAACCAGA,39.6,26.9,pseudospot_2100
AACGCTTACGCATACA,80.4,85.7,pseudospot_2121
AAGACGGACGACTGGA,80.4,85.7,pseudospot_2121
AACGCTTACGACTGGA,80.4,85.7,pseudospot_2121
AAGACGGACGCATACA,80.4,85.7,pseudospot_2121
AACGCTTACTCAATGA,50.5,76.5,pseudospot_2122
AACGCTTACTGAGCCA,50.5,76.5,pseudospot_2122
AAGACGGACTCAATGA,50.5,76.5,pseudospot_2122
AAGACGGACTGAGCCA,50.5,76.5,pseudospot_2122
AACGCTTAGAATCTGA,96.7,14.7,pseudospot_2123
AAGACGGACTGGCATA,96.7,14.7,pseudospot_2123
AACGCTTACTGGCATA,96.7,14.7,pseudospot_2123
AAGACGGAGAATCTGA,96.7,14.7,pseudospot_2123
AAGACGGACAAGACTA,41.8,69.0,pseudospot_2124
AAGACGGAGAGCTGAA,41.8,69.0,pseudospot_2124
AACGCTTACAAGACTA,41.8,69.0,pseudospot_2124
AACGCTTAGAGCTGAA,41.8,69.0,pseudospot_2124
AAGACGGAGATAGACA,98.4,94.5,pseudospot_2125
AACGCTTAGATAGACA,98.4,94.5,pseudospot_2125
AAGACGGAGCCACATA,98.4,94.5,pseudospot_2125
AACGCTTAGCCACATA,98.4,94.5,pseudospot_2125
AACGCTTAGCTAACGA,66.8,68.3,pseudospot_2126
AACGCTTAGCGAGTAA,66.8,68.3,pseudospot_2126
AAGACGGAGCTAACGA,66.8,68.3,pseudospot_2126
AAGACGGAGCGAGTAA,66.8,68.3,pseudospot_2126
AAGACGGAGGAGAACA,63.5,33.2,pseudospot_2127
AACGCTTAGGAGAACA,63.5,33.2,pseudospot_2127
AAGACGGAGCTCGGTA,63.5,33.2,pseudospot_2127
AACGCTTAGCTCGGTA,63.5,33.2,pseudospot_2127
AAGACGGAGTACGCAA,16.6,50.1,pseudospot_2128
AACGCTTAGGTGCGAA,16.6,50.1,pseudospot_2128
AAGACGGAGGTGCGAA,16.6,50.1,pseudospot_2128
AACGCTTAGTACGCAA,16.6,50.1,pseudospot_2128
AACGCTTAGTCTGTCA,88.2,64.6,pseudospot_2129
AAGACGGAGTCGTAGA,88.2,64.6,pseudospot_2129
AACGCTTAGTCGTAGA,88.2,64.6,pseudospot_2129
AAGACGGAGTCTGTCA,88.2,64.6,pseudospot_2129
AACGCTTAGTGTTCTA,42.7,51.1,pseudospot_2130
AACGCTTATAGGATGA,42.7,51.1,pseudospot_2130
AAGACGGATAGGATGA,42.7,51.1,pseudospot_2130
AAGACGGAGTGTTCTA,42.7,51.1,pseudospot_2130
AACGCTTATATCAGCA,16.2,12.0,pseudospot_2131
AAGACGGATCCGTCTA,16.2,12.0,pseudospot_2131
AACGCTTATCCGTCTA,16.2,12.0,pseudospot_2131
AAGACGGATATCAGCA,16.2,12.0,pseudospot_2131
AACGCTTATGAAGAGA,1.3,31.2,pseudospot_2132
AACGCTTATCTTCACA,1.3,31.2,pseudospot_2132
AAGACGGATGAAGAGA,1.3,31.2,pseudospot_2132
AAGACGGATCTTCACA,1.3,31.2,pseudospot_2132
AACGCTTATGGCTTCA,56.0,80.2,pseudospot_2133
AACGCTTATGGAACAA,56.0,80.2,pseudospot_2133
AAGACGGATGGCTTCA,56.0,80.2,pseudospot_2133
AAGACGGATGGAACAA,56.0,80.2,pseudospot_2133
AACGCTTATGGTGGTA,52.7,86.1,pseudospot_2134
AAGACGGATGGTGGTA,52.7,86.1,pseudospot_2134
AACGCTTATTCACGCA,52.7,86.1,pseudospot_2134
AAGACGGATTCACGCA,52.7,86.1,pseudospot_2134
AACGCTTAAACTCACC,71.9,13.7,pseudospot_2135
AAGACGGAAACTCACC,71.9,13.7,pseudospot_2135
AACGCTTAAAGAGATC,71.9,13.7,pseudospot_2135
AAGACGGAAAGAGATC,71.9,13.7,pseudospot_2135
AACGCTTAAAGGACAC,89.0,95.2,pseudospot_2136
AACGCTTAAATCCGTC,89.0,95.2,pseudospot_2136
AAGACGGAAATCCGTC,89.0,95.2,pseudospot_2136
AAGACGGAAAGGACAC,89.0,95.2,pseudospot_2136
AACGCTTAAATGTTGC,7.9,32.9,pseudospot_2137
AACGCTTAACACGACC,7.9,32.9,pseudospot_2137
AAGACGGAACACGACC,7.9,32.9,pseudospot_2137
AAGACGGAAATGTTGC,7.9,32.9,pseudospot_2137
AAGACGGAAGATGTAC,73.1,66.2,pseudospot_2138
AACGCTTAACAGATTC,73.1,66.2,pseudospot_2138
AACGCTTAAGATGTAC,73.1,66.2,pseudospot_2138
AAGACGGAACAGATTC,73.1,66.2,pseudospot_2138
AACGCTTAAGCCATGC,18.7,75.2,pseudospot_2139
AAGACGGAAGCCATGC,18.7,75.2,pseudospot_2139
AACGCTTAAGCACCTC,18.7,75.2,pseudospot_2139
AAGACGGAAGCACCTC,18.7,75.2,pseudospot_2139
AACGCTTAATAGCGAC,85.8,81.2,pseudospot_2140
AAGACGGAAGGCTAAC,85.8,81.2,pseudospot_2140
AACGCTTAAGGCTAAC,85.8,81.2,pseudospot_2140
AAGACGGAATAGCGAC,85.8,81.2,pseudospot_2140
AACGCTTAATCATTCC,81.9,94.6,pseudospot_2141
AAGACGGAATCATTCC,81.9,94.6,pseudospot_2141
AAGACGGAATTGGCTC,81.9,94.6,pseudospot_2141
AACGCTTAATTGGCTC,81.9,94.6,pseudospot_2141
AAGACGGACACCTTAC,54.1,31.3,pseudospot_2142
AACGCTTACACCTTAC,54.1,31.3,pseudospot_2142
AACGCTTACAAGGAGC,54.1,31.3,pseudospot_2142
AAGACGGACAAGGAGC,54.1,31.3,pseudospot_2142
AAGACGGACCGACAAC,71.0,85.9,pseudospot_2143
AACGCTTACCGACAAC,71.0,85.9,pseudospot_2143
AAGACGGACCATCCTC,71.0,85.9,pseudospot_2143
AACGCTTACCATCCTC,71.0,85.9,pseudospot_2143
AAGACGGACCTAATCC,31.4,13.2,pseudospot_2144
AACGCTTACCTCTATC,31.4,13.2,pseudospot_2144
AAGACGGACCTCTATC,31.4,13.2,pseudospot_2144
AACGCTTACCTAATCC,31.4,13.2,pseudospot_2144
AACGCTTACGACACAC,47.1,70.5,pseudospot_2145
AAGACGGACGACACAC,47.1,70.5,pseudospot_2145
AACGCTTACGGATTGC,47.1,70.5,pseudospot_2145
AAGACGGACGGATTGC,47.1,70.5,pseudospot_2145
AAGACGGACTAAGGTC,82.2,74.2,pseudospot_2146
AACGCTTAGAACAGGC,82.2,74.2,pseudospot_2146
AACGCTTACTAAGGTC,82.2,74.2,pseudospot_2146
AAGACGGAGAACAGGC,82.2,74.2,pseudospot_2146
AACGCTTAGACAGTGC,45.9,67.8,pseudospot_2147
AAGACGGAGACAGTGC,45.9,67.8,pseudospot_2147
AAGACGGAGAGTTAGC,45.9,67.8,pseudospot_2147
AACGCTTAGAGTTAGC,45.9,67.8,pseudospot_2147
AACGCTTAGCCAAGAC,35.8,25.2,pseudospot_2148
AACGCTTAGATGAATC,35.8,25.2,pseudospot_2148
AAGACGGAGATGAATC,35.8,25.2,pseudospot_2148
AAGACGGAGCCAAGAC,35.8,25.2,pseudospot_2148
AACGCTTAGTGACAAG,49.4,87.3,pseudospot_2149
AACGCTTACGGAAGAA,49.4,87.3,pseudospot_2149
AAGACGGACGGAAGAA,49.4,87.3,pseudospot_2149
AAGACGGAGTGACAAG,49.4,87.3,pseudospot_2149
AAGACGGATTGCTGGA,82.8,16.9,pseudospot_2150
AACGCTTATTGCTGGA,82.8,16.9,pseudospot_2150
AACGCTTAGAACCAGA,82.8,16.9,pseudospot_2150
AAGACGGAGAACCAGA,82.8,16.9,pseudospot_2150
AACCGAGACGCATACA,68.6,36.3,pseudospot_2171
AACAACCACGCATACA,68.6,36.3,pseudospot_2171
AACAACCACGACTGGA,68.6,36.3,pseudospot_2171
AACCGAGACGACTGGA,68.6,36.3,pseudospot_2171
AACCGAGACTGAGCCA,7.0,87.9,pseudospot_2172
AACAACCACTCAATGA,7.0,87.9,pseudospot_2172
AACCGAGACTCAATGA,7.0,87.9,pseudospot_2172
AACAACCACTGAGCCA,7.0,87.9,pseudospot_2172
AACCGAGACTGGCATA,17.5,72.5,pseudospot_2173
AACAACCAGAATCTGA,17.5,72.5,pseudospot_2173
AACCGAGAGAATCTGA,17.5,72.5,pseudospot_2173
AACAACCACTGGCATA,17.5,72.5,pseudospot_2173
AACAACCACAAGACTA,85.6,11.3,pseudospot_2174
AACCGAGAGAGCTGAA,85.6,11.3,pseudospot_2174
AACCGAGACAAGACTA,85.6,11.3,pseudospot_2174
AACAACCAGAGCTGAA,85.6,11.3,pseudospot_2174
AACCGAGAGCCACATA,22.7,40.8,pseudospot_2175
AACCGAGAGATAGACA,22.7,40.8,pseudospot_2175
AACAACCAGCCACATA,22.7,40.8,pseudospot_2175
AACAACCAGATAGACA,22.7,40.8,pseudospot_2175
AACCGAGAGCGAGTAA,83.7,88.6,pseudospot_2176
AACCGAGAGCTAACGA,83.7,88.6,pseudospot_2176
AACAACCAGCGAGTAA,83.7,88.6,pseudospot_2176
AACAACCAGCTAACGA,83.7,88.6,pseudospot_2176
AACCGAGAGGAGAACA,27.9,4.7,pseudospot_2177
AACAACCAGGAGAACA,27.9,4.7,pseudospot_2177
AACAACCAGCTCGGTA,27.9,4.7,pseudospot_2177
AACCGAGAGCTCGGTA,27.9,4.7,pseudospot_2177
AACCGAGAGGTGCGAA,64.3,96.1,pseudospot_2178
AACCGAGAGTACGCAA,64.3,96.1,pseudospot_2178
AACAACCAGGTGCGAA,64.3,96.1,pseudospot_2178
AACAACCAGTACGCAA,64.3,96.1,pseudospot_2178
AACAACCAGTCTGTCA,69.4,67.9,pseudospot_2179
AACCGAGAGTCTGTCA,69.4,67.9,pseudospot_2179
AACAACCAGTCGTAGA,69.4,67.9,pseudospot_2179
AACCGAGAGTCGTAGA,69.4,67.9,pseudospot_2179
AACCGAGAGTGTTCTA,51.3,63.1,pseudospot_2180
AACAACCAGTGTTCTA,51.3,63.1,pseudospot_2180
AACCGAGATAGGATGA,51.3,63.1,pseudospot_2180
AACAACCATAGGATGA,51.3,63.1,pseudospot_2180
AACCGAGATATCAGCA,30.5,27.1,pseudospot_2181
AACCGAGATCCGTCTA,30.5,27.1,pseudospot_2181
AACAACCATATCAGCA,30.5,27.1,pseudospot_2181
AACAACCATCCGTCTA,30.5,27.1,pseudospot_2181
AACCGAGATGAAGAGA,21.3,24.9,pseudospot_2182
AACAACCATGAAGAGA,21.3,24.9,pseudospot_2182
AACAACCATCTTCACA,21.3,24.9,pseudospot_2182
AACCGAGATCTTCACA,21.3,24.9,pseudospot_2182
AACCGAGATGGCTTCA,3.3,94.2,pseudospot_2183
AACAACCATGGCTTCA,3.3,94.2,pseudospot_2183
AACAACCATGGAACAA,3.3,94.2,pseudospot_2183
AACCGAGATGGAACAA,3.3,94.2,pseudospot_2183
AACAACCATTCACGCA,30.4,29.8,pseudospot_2184
AACAACCATGGTGGTA,30.4,29.8,pseudospot_2184
AACCGAGATTCACGCA,30.4,29.8,pseudospot_2184
AACCGAGATGGTGGTA,30.4,29.8,pseudospot_2184
AACCGAGAAACTCACC,65.3,77.6,pseudospot_2185
AACAACCAAAGAGATC,65.3,77.6,pseudospot_2185
AACAACCAAACTCACC,65.3,77.6,pseudospot_2185
AACCGAGAAAGAGATC,65.3,77.6,pseudospot_2185
AACCGAGAAAGGACAC,93.8,39.3,pseudospot_2186
AACAACCAAAGGACAC,93.8,39.3,pseudospot_2186
AACAACCAAATCCGTC,93.8,39.3,pseudospot_2186
AACCGAGAAATCCGTC,93.8,39.3,pseudospot_2186
AACAACCAAATGTTGC,87.1,13.9,pseudospot_2187
AACAACCAACACGACC,87.1,13.9,pseudospot_2187
AACCGAGAAATGTTGC,87.1,13.9,pseudospot_2187
AACCGAGAACACGACC,87.1,13.9,pseudospot_2187
AACAACCAAGATGTAC,76.6,1.1,pseudospot_2188
AACCGAGAACAGATTC,76.6,1.1,pseudospot_2188
AACAACCAACAGATTC,76.6,1.1,pseudospot_2188
AACCGAGAAGATGTAC,76.6,1.1,pseudospot_2188
AACAACCAAGCCATGC,78.8,54.4,pseudospot_2189
AACCGAGAAGCACCTC,78.8,54.4,pseudospot_2189
AACAACCAAGCACCTC,78.8,54.4,pseudospot_2189
AACCGAGAAGCCATGC,78.8,54.4,pseudospot_2189
AACAACCAATAGCGAC,66.5,97.6,pseudospot_2190
AACAACCAAGGCTAAC,66.5,97.6,pseudospot_2190
AACCGAGAATAGCGAC,66.5,97.6,pseudospot_2190
AACCGAGAAGGCTAAC,66.5,97.6,pseudospot_2190
AACAACCAATCATTCC,26.0,36.9,pseudospot_2191
AACAACCAATTGGCTC,26.0,36.9,pseudospot_2191
AACCGAGAATTGGCTC,26.0,36.9,pseudospot_2191
AACCGAGAATCATTCC,26.0,36.9,pseudospot_2191
AACCGAGACAAGGAGC,90.7,35.7,pseudospot_2192
AACCGAGACACCTTAC,90.7,35.7,pseudospot_2192
AACAACCACAAGGAGC,90.7,35.7,pseudospot_2192
AACAACCACACCTTAC,90.7,35.7,pseudospot_2192
AACAACCACCATCCTC,67.1,34.4,pseudospot_2193
AACCGAGACCATCCTC,67.1,34.4,pseudospot_2193
AACAACCACCGACAAC,67.1,34.4,pseudospot_2193
AACCGAGACCGACAAC,67.1,34.4,pseudospot_2193
AACAACCACCTAATCC,56.0,52.1,pseudospot_2194
AACCGAGACCTCTATC,56.0,52.1,pseudospot_2194
AACCGAGACCTAATCC,56.0,52.1,pseudospot_2194
AACAACCACCTCTATC,56.0,52.1,pseudospot_2194
AACAACCACGGATTGC,11.1,44.1,pseudospot_2195
AACAACCACGACACAC,11.1,44.1,pseudospot_2195
AACCGAGACGACACAC,11.1,44.1,pseudospot_2195
AACCGAGACGGATTGC,11.1,44.1,pseudospot_2195
AACCGAGAGAACAGGC,44.7,88.0,pseudospot_2196
AACAACCAGAACAGGC,44.7,88.0,pseudospot_2196
AACAACCACTAAGGTC,44.7,88.0,pseudospot_2196
AACCGAGACTAAGGTC,44.7,88.0,pseudospot_2196
AACAACCAGACAGTGC,46.0,50.6,pseudospot_2197
AACAACCAGAGTTAGC,46.0,50.6,pseudospot_2197
AACCGAGAGACAGTGC,46.0,50.6,pseudospot_2197
AACCGAGAGAGTTAGC,46.0,50.6,pseudospot_2197
AACAACCAGCCAAGAC,86.5,50.8,pseudospot_2198
AACCGAGAGCCAAGAC,86.5,50.8,pseudospot_2198
AACAACCAGATGAATC,86.5,50.8,pseudospot_2198
AACCGAGAGATGAATC,86.5,50.8,pseudospot_2198
AACAACCAGTGACAAG,54.7,13.8,pseudospot_2199
AACCGAGAGTGACAAG,54.7,13.8,pseudospot_2199
AACCGAGACGGAAGAA,54.7,13.8,pseudospot_2199
AACAACCACGGAAGAA,54.7,13.8,pseudospot_2199
AACAACCATTGCTGGA,38.0,98.3,pseudospot_2200
AACCGAGAGAACCAGA,38.0,98.3,pseudospot_2200
AACCGAGATTGCTGGA,38.0,98.3,pseudospot_2200
AACAACCAGAACCAGA,38.0,98.3,pseudospot_2200
AGTACAAGCGCATACA,70.4,34.5,pseudospot_2221
CTGTAGCCCGCATACA,70.4,34.5,pseudospot_2221
AGTACAAGCGACTGGA,70.4,34.5,pseudospot_2221
CTGTAGCCCGACTGGA,70.4,34.5,pseudospot_2221
CTGTAGCCCTGAGCCA,54.1,5.5,pseudospot_2222
AGTACAAGCTCAATGA,54.1,5.5,pseudospot_2222
CTGTAGCCCTCAATGA,54.1,5.5,pseudospot_2222
AGTACAAGCTGAGCCA,54.1,5.5,pseudospot_2222
AGTACAAGGAATCTGA,9.7,20.4,pseudospot_2223
CTGTAGCCCTGGCATA,9.7,20.4,pseudospot_2223
AGTACAAGCTGGCATA,9.7,20.4,pseudospot_2223
CTGTAGCCGAATCTGA,9.7,20.4,pseudospot_2223
CTGTAGCCCAAGACTA,24.2,41.9,pseudospot_2224
AGTACAAGGAGCTGAA,24.2,41.9,pseudospot_2224
CTGTAGCCGAGCTGAA,24.2,41.9,pseudospot_2224
AGTACAAGCAAGACTA,24.2,41.9,pseudospot_2224
CTGTAGCCGCCACATA,1.2,22.0,pseudospot_2225
AGTACAAGGCCACATA,1.2,22.0,pseudospot_2225
CTGTAGCCGATAGACA,1.2,22.0,pseudospot_2225
AGTACAAGGATAGACA,1.2,22.0,pseudospot_2225
AGTACAAGGCTAACGA,46.9,0.0,pseudospot_2226
AGTACAAGGCGAGTAA,46.9,0.0,pseudospot_2226
CTGTAGCCGCGAGTAA,46.9,0.0,pseudospot_2226
CTGTAGCCGCTAACGA,46.9,0.0,pseudospot_2226
AGTACAAGGGAGAACA,30.1,91.5,pseudospot_2227
AGTACAAGGCTCGGTA,30.1,91.5,pseudospot_2227
CTGTAGCCGGAGAACA,30.1,91.5,pseudospot_2227
CTGTAGCCGCTCGGTA,30.1,91.5,pseudospot_2227
AGTACAAGGGTGCGAA,59.8,84.4,pseudospot_2228
AGTACAAGGTACGCAA,59.8,84.4,pseudospot_2228
CTGTAGCCGTACGCAA,59.8,84.4,pseudospot_2228
CTGTAGCCGGTGCGAA,59.8,84.4,pseudospot_2228
AGTACAAGGTCGTAGA,29.7,74.2,pseudospot_2229
CTGTAGCCGTCTGTCA,29.7,74.2,pseudospot_2229
AGTACAAGGTCTGTCA,29.7,74.2,pseudospot_2229
CTGTAGCCGTCGTAGA,29.7,74.2,pseudospot_2229
CTGTAGCCTAGGATGA,30.0,16.8,pseudospot_2230
AGTACAAGGTGTTCTA,30.0,16.8,pseudospot_2230
AGTACAAGTAGGATGA,30.0,16.8,pseudospot_2230
CTGTAGCCGTGTTCTA,30.0,16.8,pseudospot_2230
CTGTAGCCTATCAGCA,74.3,12.0,pseudospot_2231
CTGTAGCCTCCGTCTA,74.3,12.0,pseudospot_2231
AGTACAAGTCCGTCTA,74.3,12.0,pseudospot_2231
AGTACAAGTATCAGCA,74.3,12.0,pseudospot_2231
AGTACAAGTCTTCACA,4.8,6.8,pseudospot_2232
CTGTAGCCTGAAGAGA,4.8,6.8,pseudospot_2232
AGTACAAGTGAAGAGA,4.8,6.8,pseudospot_2232
CTGTAGCCTCTTCACA,4.8,6.8,pseudospot_2232
CTGTAGCCTGGAACAA,90.3,72.4,pseudospot_2233
AGTACAAGTGGAACAA,90.3,72.4,pseudospot_2233
CTGTAGCCTGGCTTCA,90.3,72.4,pseudospot_2233
AGTACAAGTGGCTTCA,90.3,72.4,pseudospot_2233
AGTACAAGTGGTGGTA,85.2,92.9,pseudospot_2234
CTGTAGCCTTCACGCA,85.2,92.9,pseudospot_2234
AGTACAAGTTCACGCA,85.2,92.9,pseudospot_2234
CTGTAGCCTGGTGGTA,85.2,92.9,pseudospot_2234
AGTACAAGAAGAGATC,66.8,43.1,pseudospot_2235
AGTACAAGAACTCACC,66.8,43.1,pseudospot_2235
CTGTAGCCAAGAGATC,66.8,43.1,pseudospot_2235
CTGTAGCCAACTCACC,66.8,43.1,pseudospot_2235
AGTACAAGAAGGACAC,59.3,11.9,pseudospot_2236
CTGTAGCCAAGGACAC,59.3,11.9,pseudospot_2236
CTGTAGCCAATCCGTC,59.3,11.9,pseudospot_2236
AGTACAAGAATCCGTC,59.3,11.9,pseudospot_2236
CTGTAGCCACACGACC,89.2,51.2,pseudospot_2237
AGTACAAGACACGACC,89.2,51.2,pseudospot_2237
CTGTAGCCAATGTTGC,89.2,51.2,pseudospot_2237
AGTACAAGAATGTTGC,89.2,51.2,pseudospot_2237
AGTACAAGAGATGTAC,18.5,34.9,pseudospot_2238
AGTACAAGACAGATTC,18.5,34.9,pseudospot_2238
CTGTAGCCACAGATTC,18.5,34.9,pseudospot_2238
CTGTAGCCAGATGTAC,18.5,34.9,pseudospot_2238
CTGTAGCCAGCCATGC,7.9,37.5,pseudospot_2239
CTGTAGCCAGCACCTC,7.9,37.5,pseudospot_2239
AGTACAAGAGCACCTC,7.9,37.5,pseudospot_2239
AGTACAAGAGCCATGC,7.9,37.5,pseudospot_2239
CTGTAGCCATAGCGAC,24.0,62.1,pseudospot_2240
AGTACAAGAGGCTAAC,24.0,62.1,pseudospot_2240
AGTACAAGATAGCGAC,24.0,62.1,pseudospot_2240
CTGTAGCCAGGCTAAC,24.0,62.1,pseudospot_2240
CTGTAGCCATTGGCTC,79.5,71.9,pseudospot_2241
AGTACAAGATTGGCTC,79.5,71.9,pseudospot_2241
CTGTAGCCATCATTCC,79.5,71.9,pseudospot_2241
AGTACAAGATCATTCC,79.5,71.9,pseudospot_2241
AGTACAAGCAAGGAGC,3.5,11.1,pseudospot_2242
AGTACAAGCACCTTAC,3.5,11.1,pseudospot_2242
CTGTAGCCCACCTTAC,3.5,11.1,pseudospot_2242
CTGTAGCCCAAGGAGC,3.5,11.1,pseudospot_2242
AGTACAAGCCATCCTC,58.3,3.6,pseudospot_2243
AGTACAAGCCGACAAC,58.3,3.6,pseudospot_2243
CTGTAGCCCCGACAAC,58.3,3.6,pseudospot_2243
CTGTAGCCCCATCCTC,58.3,3.6,pseudospot_2243
CTGTAGCCCCTCTATC,99.5,99.4,pseudospot_2244
AGTACAAGCCTAATCC,99.5,99.4,pseudospot_2244
CTGTAGCCCCTAATCC,99.5,99.4,pseudospot_2244
AGTACAAGCCTCTATC,99.5,99.4,pseudospot_2244
AGTACAAGCGGATTGC,85.6,23.3,pseudospot_2245
AGTACAAGCGACACAC,85.6,23.3,pseudospot_2245
CTGTAGCCCGACACAC,85.6,23.3,pseudospot_2245
CTGTAGCCCGGATTGC,85.6,23.3,pseudospot_2245
AGTACAAGGAACAGGC,52.1,5.4,pseudospot_2246
AGTACAAGCTAAGGTC,52.1,5.4,pseudospot_2246
CTGTAGCCCTAAGGTC,52.1,5.4,pseudospot_2246
CTGTAGCCGAACAGGC,52.1,5.4,pseudospot_2246
CTGTAGCCGACAGTGC,6.4,19.0,pseudospot_2247
AGTACAAGGAGTTAGC,6.4,19.0,pseudospot_2247
AGTACAAGGACAGTGC,6.4,19.0,pseudospot_2247
CTGTAGCCGAGTTAGC,6.4,19.0,pseudospot_2247
AGTACAAGGATGAATC,83.1,3.9,pseudospot_2248
AGTACAAGGCCAAGAC,83.1,3.9,pseudospot_2248
CTGTAGCCGATGAATC,83.1,3.9,pseudospot_2248
CTGTAGCCGCCAAGAC,83.1,3.9,pseudospot_2248
CTGTAGCCCGGAAGAA,59.9,39.2,pseudospot_2249
AGTACAAGGTGACAAG,59.9,39.2,pseudospot_2249
AGTACAAGCGGAAGAA,59.9,39.2,pseudospot_2249
CTGTAGCCGTGACAAG,59.9,39.2,pseudospot_2249
CTGTAGCCGAACCAGA,11.5,80.2,pseudospot_2250
AGTACAAGGAACCAGA,11.5,80.2,pseudospot_2250
CTGTAGCCTTGCTGGA,11.5,80.2,pseudospot_2250
AGTACAAGTTGCTGGA,11.5,80.2,pseudospot_2250
ACAAGCTACGCATACA,10.4,0.7,pseudospot_2271
ACAAGCTACGACTGGA,10.4,0.7,pseudospot_2271
CGCTGATCCGACTGGA,10.4,0.7,pseudospot_2271
CGCTGATCCGCATACA,10.4,0.7,pseudospot_2271
CGCTGATCCTGAGCCA,38.5,40.3,pseudospot_2272
ACAAGCTACTGAGCCA,38.5,40.3,pseudospot_2272
ACAAGCTACTCAATGA,38.5,40.3,pseudospot_2272
CGCTGATCCTCAATGA,38.5,40.3,pseudospot_2272
CGCTGATCCTGGCATA,48.8,23.5,pseudospot_2273
ACAAGCTAGAATCTGA,48.8,23.5,pseudospot_2273
ACAAGCTACTGGCATA,48.8,23.5,pseudospot_2273
CGCTGATCGAATCTGA,48.8,23.5,pseudospot_2273
CGCTGATCCAAGACTA,65.2,81.9,pseudospot_2274
ACAAGCTACAAGACTA,65.2,81.9,pseudospot_2274
ACAAGCTAGAGCTGAA,65.2,81.9,pseudospot_2274
CGCTGATCGAGCTGAA,65.2,81.9,pseudospot_2274
CGCTGATCGATAGACA,95.1,33.7,pseudospot_2275
ACAAGCTAGATAGACA,95.1,33.7,pseudospot_2275
CGCTGATCGCCACATA,95.1,33.7,pseudospot_2275
ACAAGCTAGCCACATA,95.1,33.7,pseudospot_2275
CGCTGATCGCGAGTAA,60.1,82.8,pseudospot_2276
ACAAGCTAGCTAACGA,60.1,82.8,pseudospot_2276
CGCTGATCGCTAACGA,60.1,82.8,pseudospot_2276
ACAAGCTAGCGAGTAA,60.1,82.8,pseudospot_2276
CGCTGATCGCTCGGTA,74.4,0.1,pseudospot_2277
ACAAGCTAGCTCGGTA,74.4,0.1,pseudospot_2277
CGCTGATCGGAGAACA,74.4,0.1,pseudospot_2277
ACAAGCTAGGAGAACA,74.4,0.1,pseudospot_2277
CGCTGATCGTACGCAA,50.6,30.8,pseudospot_2278
CGCTGATCGGTGCGAA,50.6,30.8,pseudospot_2278
ACAAGCTAGTACGCAA,50.6,30.8,pseudospot_2278
ACAAGCTAGGTGCGAA,50.6,30.8,pseudospot_2278
CGCTGATCGTCTGTCA,63.4,24.1,pseudospot_2279
ACAAGCTAGTCGTAGA,63.4,24.1,pseudospot_2279
CGCTGATCGTCGTAGA,63.4,24.1,pseudospot_2279
ACAAGCTAGTCTGTCA,63.4,24.1,pseudospot_2279
CGCTGATCTAGGATGA,7.1,23.4,pseudospot_2280
ACAAGCTAGTGTTCTA,7.1,23.4,pseudospot_2280
CGCTGATCGTGTTCTA,7.1,23.4,pseudospot_2280
ACAAGCTATAGGATGA,7.1,23.4,pseudospot_2280
CGCTGATCTCCGTCTA,25.4,6.8,pseudospot_2281
ACAAGCTATCCGTCTA,25.4,6.8,pseudospot_2281
CGCTGATCTATCAGCA,25.4,6.8,pseudospot_2281
ACAAGCTATATCAGCA,25.4,6.8,pseudospot_2281
CGCTGATCTCTTCACA,36.2,18.7,pseudospot_2282
ACAAGCTATCTTCACA,36.2,18.7,pseudospot_2282
CGCTGATCTGAAGAGA,36.2,18.7,pseudospot_2282
ACAAGCTATGAAGAGA,36.2,18.7,pseudospot_2282
ACAAGCTATGGCTTCA,47.2,55.6,pseudospot_2283
CGCTGATCTGGAACAA,47.2,55.6,pseudospot_2283
CGCTGATCTGGCTTCA,47.2,55.6,pseudospot_2283
ACAAGCTATGGAACAA,47.2,55.6,pseudospot_2283
ACAAGCTATGGTGGTA,4.6,29.1,pseudospot_2284
CGCTGATCTTCACGCA,4.6,29.1,pseudospot_2284
ACAAGCTATTCACGCA,4.6,29.1,pseudospot_2284
CGCTGATCTGGTGGTA,4.6,29.1,pseudospot_2284
CGCTGATCAACTCACC,14.0,41.7,pseudospot_2285
ACAAGCTAAACTCACC,14.0,41.7,pseudospot_2285
CGCTGATCAAGAGATC,14.0,41.7,pseudospot_2285
ACAAGCTAAAGAGATC,14.0,41.7,pseudospot_2285
CGCTGATCAATCCGTC,27.7,37.7,pseudospot_2286
CGCTGATCAAGGACAC,27.7,37.7,pseudospot_2286
ACAAGCTAAATCCGTC,27.7,37.7,pseudospot_2286
ACAAGCTAAAGGACAC,27.7,37.7,pseudospot_2286
CGCTGATCAATGTTGC,97.2,87.6,pseudospot_2287
CGCTGATCACACGACC,97.2,87.6,pseudospot_2287
ACAAGCTAACACGACC,97.2,87.6,pseudospot_2287
ACAAGCTAAATGTTGC,97.2,87.6,pseudospot_2287
CGCTGATCACAGATTC,33.1,90.5,pseudospot_2288
CGCTGATCAGATGTAC,33.1,90.5,pseudospot_2288
ACAAGCTAAGATGTAC,33.1,90.5,pseudospot_2288
ACAAGCTAACAGATTC,33.1,90.5,pseudospot_2288
CGCTGATCAGCACCTC,48.2,49.3,pseudospot_2289
CGCTGATCAGCCATGC,48.2,49.3,pseudospot_2289
ACAAGCTAAGCCATGC,48.2,49.3,pseudospot_2289
ACAAGCTAAGCACCTC,48.2,49.3,pseudospot_2289
CGCTGATCATAGCGAC,19.6,33.0,pseudospot_2290
CGCTGATCAGGCTAAC,19.6,33.0,pseudospot_2290
ACAAGCTAATAGCGAC,19.6,33.0,pseudospot_2290
ACAAGCTAAGGCTAAC,19.6,33.0,pseudospot_2290
CGCTGATCATCATTCC,61.1,10.7,pseudospot_2291
ACAAGCTAATTGGCTC,61.1,10.7,pseudospot_2291
CGCTGATCATTGGCTC,61.1,10.7,pseudospot_2291
ACAAGCTAATCATTCC,61.1,10.7,pseudospot_2291
CGCTGATCCAAGGAGC,28.1,95.3,pseudospot_2292
ACAAGCTACAAGGAGC,28.1,95.3,pseudospot_2292
CGCTGATCCACCTTAC,28.1,95.3,pseudospot_2292
ACAAGCTACACCTTAC,28.1,95.3,pseudospot_2292
CGCTGATCCCATCCTC,20.7,6.0,pseudospot_2293
ACAAGCTACCGACAAC,20.7,6.0,pseudospot_2293
ACAAGCTACCATCCTC,20.7,6.0,pseudospot_2293
CGCTGATCCCGACAAC,20.7,6.0,pseudospot_2293
CGCTGATCCCTCTATC,51.7,29.8,pseudospot_2294
ACAAGCTACCTCTATC,51.7,29.8,pseudospot_2294
ACAAGCTACCTAATCC,51.7,29.8,pseudospot_2294
CGCTGATCCCTAATCC,51.7,29.8,pseudospot_2294
ACAAGCTACGACACAC,0.6,29.8,pseudospot_2295
CGCTGATCCGACACAC,0.6,29.8,pseudospot_2295
ACAAGCTACGGATTGC,0.6,29.8,pseudospot_2295
CGCTGATCCGGATTGC,0.6,29.8,pseudospot_2295
ACAAGCTACTAAGGTC,0.8,32.0,pseudospot_2296
CGCTGATCCTAAGGTC,0.8,32.0,pseudospot_2296
CGCTGATCGAACAGGC,0.8,32.0,pseudospot_2296
ACAAGCTAGAACAGGC,0.8,32.0,pseudospot_2296
CGCTGATCGACAGTGC,21.9,16.4,pseudospot_2297
CGCTGATCGAGTTAGC,21.9,16.4,pseudospot_2297
ACAAGCTAGAGTTAGC,21.9,16.4,pseudospot_2297
ACAAGCTAGACAGTGC,21.9,16.4,pseudospot_2297
CGCTGATCGCCAAGAC,3.7,78.3,pseudospot_2298
ACAAGCTAGCCAAGAC,3.7,78.3,pseudospot_2298
ACAAGCTAGATGAATC,3.7,78.3,pseudospot_2298
CGCTGATCGATGAATC,3.7,78.3,pseudospot_2298
CGCTGATCGTGACAAG,10.8,12.2,pseudospot_2299
ACAAGCTAGTGACAAG,10.8,12.2,pseudospot_2299
CGCTGATCCGGAAGAA,10.8,12.2,pseudospot_2299
ACAAGCTACGGAAGAA,10.8,12.2,pseudospot_2299
CGCTGATCGAACCAGA,33.9,63.5,pseudospot_2300
ACAAGCTATTGCTGGA,33.9,63.5,pseudospot_2300
CGCTGATCTTGCTGGA,33.9,63.5,pseudospot_2300
ACAAGCTAGAACCAGA,33.9,63.5,pseudospot_2300
CAGATCTGCGACTGGA,90.8,28.4,pseudospot_2321
CAGATCTGCGCATACA,90.8,28.4,pseudospot_2321
CATCAAGTCGCATACA,90.8,28.4,pseudospot_2321
CATCAAGTCGACTGGA,90.8,28.4,pseudospot_2321
CAGATCTGCTGAGCCA,71.4,28.9,pseudospot_2322
CATCAAGTCTGAGCCA,71.4,28.9,pseudospot_2322
CATCAAGTCTCAATGA,71.4,28.9,pseudospot_2322
CAGATCTGCTCAATGA,71.4,28.9,pseudospot_2322
CATCAAGTGAATCTGA,60.8,37.7,pseudospot_2323
CAGATCTGCTGGCATA,60.8,37.7,pseudospot_2323
CATCAAGTCTGGCATA,60.8,37.7,pseudospot_2323
CAGATCTGGAATCTGA,60.8,37.7,pseudospot_2323
CAGATCTGGAGCTGAA,30.9,39.3,pseudospot_2324
CAGATCTGCAAGACTA,30.9,39.3,pseudospot_2324
CATCAAGTGAGCTGAA,30.9,39.3,pseudospot_2324
CATCAAGTCAAGACTA,30.9,39.3,pseudospot_2324
CAGATCTGGCCACATA,82.4,54.5,pseudospot_2325
CAGATCTGGATAGACA,82.4,54.5,pseudospot_2325
CATCAAGTGCCACATA,82.4,54.5,pseudospot_2325
CATCAAGTGATAGACA,82.4,54.5,pseudospot_2325
CATCAAGTGCTAACGA,95.5,16.0,pseudospot_2326
CATCAAGTGCGAGTAA,95.5,16.0,pseudospot_2326
CAGATCTGGCGAGTAA,95.5,16.0,pseudospot_2326
CAGATCTGGCTAACGA,95.5,16.0,pseudospot_2326
CAGATCTGGCTCGGTA,82.1,69.1,pseudospot_2327
CATCAAGTGGAGAACA,82.1,69.1,pseudospot_2327
CATCAAGTGCTCGGTA,82.1,69.1,pseudospot_2327
CAGATCTGGGAGAACA,82.1,69.1,pseudospot_2327
CATCAAGTGGTGCGAA,0.2,16.8,pseudospot_2328
CAGATCTGGGTGCGAA,0.2,16.8,pseudospot_2328
CATCAAGTGTACGCAA,0.2,16.8,pseudospot_2328
CAGATCTGGTACGCAA,0.2,16.8,pseudospot_2328
CATCAAGTGTCTGTCA,63.6,31.0,pseudospot_2329
CAGATCTGGTCTGTCA,63.6,31.0,pseudospot_2329
CATCAAGTGTCGTAGA,63.6,31.0,pseudospot_2329
CAGATCTGGTCGTAGA,63.6,31.0,pseudospot_2329
CAGATCTGGTGTTCTA,5.1,50.3,pseudospot_2330
CATCAAGTTAGGATGA,5.1,50.3,pseudospot_2330
CAGATCTGTAGGATGA,5.1,50.3,pseudospot_2330
CATCAAGTGTGTTCTA,5.1,50.3,pseudospot_2330
CATCAAGTTCCGTCTA,25.8,79.6,pseudospot_2331
CATCAAGTTATCAGCA,25.8,79.6,pseudospot_2331
CAGATCTGTATCAGCA,25.8,79.6,pseudospot_2331
CAGATCTGTCCGTCTA,25.8,79.6,pseudospot_2331
CATCAAGTTGAAGAGA,6.0,73.9,pseudospot_2332
CAGATCTGTCTTCACA,6.0,73.9,pseudospot_2332
CATCAAGTTCTTCACA,6.0,73.9,pseudospot_2332
CAGATCTGTGAAGAGA,6.0,73.9,pseudospot_2332
CATCAAGTTGGAACAA,60.4,64.6,pseudospot_2333
CATCAAGTTGGCTTCA,60.4,64.6,pseudospot_2333
CAGATCTGTGGAACAA,60.4,64.6,pseudospot_2333
CAGATCTGTGGCTTCA,60.4,64.6,pseudospot_2333
CATCAAGTTGGTGGTA,68.7,15.6,pseudospot_2334
CAGATCTGTTCACGCA,68.7,15.6,pseudospot_2334
CATCAAGTTTCACGCA,68.7,15.6,pseudospot_2334
CAGATCTGTGGTGGTA,68.7,15.6,pseudospot_2334
CAGATCTGAACTCACC,11.4,54.7,pseudospot_2335
CATCAAGTAACTCACC,11.4,54.7,pseudospot_2335
CATCAAGTAAGAGATC,11.4,54.7,pseudospot_2335
CAGATCTGAAGAGATC,11.4,54.7,pseudospot_2335
CAGATCTGAAGGACAC,38.4,8.7,pseudospot_2336
CATCAAGTAATCCGTC,38.4,8.7,pseudospot_2336
CATCAAGTAAGGACAC,38.4,8.7,pseudospot_2336
CAGATCTGAATCCGTC,38.4,8.7,pseudospot_2336
CATCAAGTAATGTTGC,45.6,37.7,pseudospot_2337
CAGATCTGAATGTTGC,45.6,37.7,pseudospot_2337
CAGATCTGACACGACC,45.6,37.7,pseudospot_2337
CATCAAGTACACGACC,45.6,37.7,pseudospot_2337
CATCAAGTACAGATTC,36.9,41.4,pseudospot_2338
CAGATCTGACAGATTC,36.9,41.4,pseudospot_2338
CAGATCTGAGATGTAC,36.9,41.4,pseudospot_2338
CATCAAGTAGATGTAC,36.9,41.4,pseudospot_2338
CAGATCTGAGCACCTC,12.1,4.0,pseudospot_2339
CATCAAGTAGCACCTC,12.1,4.0,pseudospot_2339
CAGATCTGAGCCATGC,12.1,4.0,pseudospot_2339
CATCAAGTAGCCATGC,12.1,4.0,pseudospot_2339
CAGATCTGAGGCTAAC,41.9,27.4,pseudospot_2340
CAGATCTGATAGCGAC,41.9,27.4,pseudospot_2340
CATCAAGTAGGCTAAC,41.9,27.4,pseudospot_2340
CATCAAGTATAGCGAC,41.9,27.4,pseudospot_2340
CATCAAGTATTGGCTC,75.1,95.6,pseudospot_2341
CATCAAGTATCATTCC,75.1,95.6,pseudospot_2341
CAGATCTGATTGGCTC,75.1,95.6,pseudospot_2341
CAGATCTGATCATTCC,75.1,95.6,pseudospot_2341
CATCAAGTCACCTTAC,7.1,95.4,pseudospot_2342
CAGATCTGCACCTTAC,7.1,95.4,pseudospot_2342
CATCAAGTCAAGGAGC,7.1,95.4,pseudospot_2342
CAGATCTGCAAGGAGC,7.1,95.4,pseudospot_2342
CATCAAGTCCGACAAC,8.0,35.2,pseudospot_2343
CAGATCTGCCGACAAC,8.0,35.2,pseudospot_2343
CATCAAGTCCATCCTC,8.0,35.2,pseudospot_2343
CAGATCTGCCATCCTC,8.0,35.2,pseudospot_2343
CAGATCTGCCTAATCC,35.5,4.3,pseudospot_2344
CAGATCTGCCTCTATC,35.5,4.3,pseudospot_2344
CATCAAGTCCTAATCC,35.5,4.3,pseudospot_2344
CATCAAGTCCTCTATC,35.5,4.3,pseudospot_2344
CAGATCTGCGACACAC,94.2,17.9,pseudospot_2345
CATCAAGTCGACACAC,94.2,17.9,pseudospot_2345
CAGATCTGCGGATTGC,94.2,17.9,pseudospot_2345
CATCAAGTCGGATTGC,94.2,17.9,pseudospot_2345
CATCAAGTGAACAGGC,66.9,39.2,pseudospot_2346
CAGATCTGGAACAGGC,66.9,39.2,pseudospot_2346
CATCAAGTCTAAGGTC,66.9,39.2,pseudospot_2346
CAGATCTGCTAAGGTC,66.9,39.2,pseudospot_2346
CAGATCTGGAGTTAGC,67.9,94.8,pseudospot_2347
CATCAAGTGAGTTAGC,67.9,94.8,pseudospot_2347
CATCAAGTGACAGTGC,67.9,94.8,pseudospot_2347
CAGATCTGGACAGTGC,67.9,94.8,pseudospot_2347
CATCAAGTGATGAATC,36.2,14.1,pseudospot_2348
CAGATCTGGATGAATC,36.2,14.1,pseudospot_2348
CAGATCTGGCCAAGAC,36.2,14.1,pseudospot_2348
CATCAAGTGCCAAGAC,36.2,14.1,pseudospot_2348
CAGATCTGGTGACAAG,59.4,76.4,pseudospot_2349
CATCAAGTCGGAAGAA,59.4,76.4,pseudospot_2349
CAGATCTGCGGAAGAA,59.4,76.4,pseudospot_2349
CATCAAGTGTGACAAG,59.4,76.4,pseudospot_2349
CATCAAGTTTGCTGGA,1.0,10.9,pseudospot_2350
CAGATCTGTTGCTGGA,1.0,10.9,pseudospot_2350
CATCAAGTGAACCAGA,1.0,10.9,pseudospot_2350
CAGATCTGGAACCAGA,1.0,10.9,pseudospot_2350
ACCACTGTCGACTGGA,65.2,38.2,pseudospot_2371
ACATTGGCCGCATACA,65.2,38.2,pseudospot_2371
ACCACTGTCGCATACA,65.2,38.2,pseudospot_2371
ACATTGGCCGACTGGA,65.2,38.2,pseudospot_2371
ACCACTGTCTCAATGA,84.6,13.2,pseudospot_2372
ACATTGGCCTGAGCCA,84.6,13.2,pseudospot_2372
ACCACTGTCTGAGCCA,84.6,13.2,pseudospot_2372
ACATTGGCCTCAATGA,84.6,13.2,pseudospot_2372
ACCACTGTCTGGCATA,69.2,19.7,pseudospot_2373
ACATTGGCGAATCTGA,69.2,19.7,pseudospot_2373
ACCACTGTGAATCTGA,69.2,19.7,pseudospot_2373
ACATTGGCCTGGCATA,69.2,19.7,pseudospot_2373
ACCACTGTCAAGACTA,43.0,23.7,pseudospot_2374
ACATTGGCGAGCTGAA,43.0,23.7,pseudospot_2374
ACCACTGTGAGCTGAA,43.0,23.7,pseudospot_2374
ACATTGGCCAAGACTA,43.0,23.7,pseudospot_2374
ACATTGGCGCCACATA,67.3,30.0,pseudospot_2375
ACATTGGCGATAGACA,67.3,30.0,pseudospot_2375
ACCACTGTGCCACATA,67.3,30.0,pseudospot_2375
ACCACTGTGATAGACA,67.3,30.0,pseudospot_2375
ACATTGGCGCGAGTAA,27.5,64.3,pseudospot_2376
ACCACTGTGCTAACGA,27.5,64.3,pseudospot_2376
ACATTGGCGCTAACGA,27.5,64.3,pseudospot_2376
ACCACTGTGCGAGTAA,27.5,64.3,pseudospot_2376
ACATTGGCGCTCGGTA,30.6,60.1,pseudospot_2377
ACCACTGTGGAGAACA,30.6,60.1,pseudospot_2377
ACCACTGTGCTCGGTA,30.6,60.1,pseudospot_2377
ACATTGGCGGAGAACA,30.6,60.1,pseudospot_2377
ACCACTGTGTACGCAA,78.9,69.6,pseudospot_2378
ACATTGGCGTACGCAA,78.9,69.6,pseudospot_2378
ACCACTGTGGTGCGAA,78.9,69.6,pseudospot_2378
ACATTGGCGGTGCGAA,78.9,69.6,pseudospot_2378
ACCACTGTGTCGTAGA,44.6,36.3,pseudospot_2379
ACATTGGCGTCTGTCA,44.6,36.3,pseudospot_2379
ACCACTGTGTCTGTCA,44.6,36.3,pseudospot_2379
ACATTGGCGTCGTAGA,44.6,36.3,pseudospot_2379
ACATTGGCGTGTTCTA,79.8,82.4,pseudospot_2380
ACCACTGTGTGTTCTA,79.8,82.4,pseudospot_2380
ACATTGGCTAGGATGA,79.8,82.4,pseudospot_2380
ACCACTGTTAGGATGA,79.8,82.4,pseudospot_2380
ACCACTGTTATCAGCA,82.2,20.4,pseudospot_2381
ACCACTGTTCCGTCTA,82.2,20.4,pseudospot_2381
ACATTGGCTATCAGCA,82.2,20.4,pseudospot_2381
ACATTGGCTCCGTCTA,82.2,20.4,pseudospot_2381
ACATTGGCTCTTCACA,85.8,46.9,pseudospot_2382
ACCACTGTTGAAGAGA,85.8,46.9,pseudospot_2382
ACATTGGCTGAAGAGA,85.8,46.9,pseudospot_2382
ACCACTGTTCTTCACA,85.8,46.9,pseudospot_2382
ACCACTGTTGGCTTCA,91.7,80.1,pseudospot_2383
ACATTGGCTGGAACAA,91.7,80.1,pseudospot_2383
ACATTGGCTGGCTTCA,91.7,80.1,pseudospot_2383
ACCACTGTTGGAACAA,91.7,80.1,pseudospot_2383
ACATTGGCTGGTGGTA,43.1,18.0,pseudospot_2384
ACCACTGTTGGTGGTA,43.1,18.0,pseudospot_2384
ACATTGGCTTCACGCA,43.1,18.0,pseudospot_2384
ACCACTGTTTCACGCA,43.1,18.0,pseudospot_2384
ACCACTGTAACTCACC,31.9,11.0,pseudospot_2385
ACATTGGCAACTCACC,31.9,11.0,pseudospot_2385
ACCACTGTAAGAGATC,31.9,11.0,pseudospot_2385
ACATTGGCAAGAGATC,31.9,11.0,pseudospot_2385
ACCACTGTAATCCGTC,58.2,88.4,pseudospot_2386
ACCACTGTAAGGACAC,58.2,88.4,pseudospot_2386
ACATTGGCAAGGACAC,58.2,88.4,pseudospot_2386
ACATTGGCAATCCGTC,58.2,88.4,pseudospot_2386
ACATTGGCAATGTTGC,37.1,34.3,pseudospot_2387
ACCACTGTACACGACC,37.1,34.3,pseudospot_2387
ACATTGGCACACGACC,37.1,34.3,pseudospot_2387
ACCACTGTAATGTTGC,37.1,34.3,pseudospot_2387
ACATTGGCACAGATTC,60.1,68.4,pseudospot_2388
ACCACTGTAGATGTAC,60.1,68.4,pseudospot_2388
ACATTGGCAGATGTAC,60.1,68.4,pseudospot_2388
ACCACTGTACAGATTC,60.1,68.4,pseudospot_2388
ACATTGGCAGCACCTC,70.6,2.5,pseudospot_2389
ACCACTGTAGCCATGC,70.6,2.5,pseudospot_2389
ACCACTGTAGCACCTC,70.6,2.5,pseudospot_2389
ACATTGGCAGCCATGC,70.6,2.5,pseudospot_2389
ACATTGGCATAGCGAC,68.8,69.0,pseudospot_2390
ACCACTGTATAGCGAC,68.8,69.0,pseudospot_2390
ACATTGGCAGGCTAAC,68.8,69.0,pseudospot_2390
ACCACTGTAGGCTAAC,68.8,69.0,pseudospot_2390
ACATTGGCATTGGCTC,37.5,31.6,pseudospot_2391
ACATTGGCATCATTCC,37.5,31.6,pseudospot_2391
ACCACTGTATCATTCC,37.5,31.6,pseudospot_2391
ACCACTGTATTGGCTC,37.5,31.6,pseudospot_2391
ACATTGGCCAAGGAGC,16.7,5.6,pseudospot_2392
ACATTGGCCACCTTAC,16.7,5.6,pseudospot_2392
ACCACTGTCAAGGAGC,16.7,5.6,pseudospot_2392
ACCACTGTCACCTTAC,16.7,5.6,pseudospot_2392
ACATTGGCCCGACAAC,43.1,61.0,pseudospot_2393
ACCACTGTCCGACAAC,43.1,61.0,pseudospot_2393
ACATTGGCCCATCCTC,43.1,61.0,pseudospot_2393
ACCACTGTCCATCCTC,43.1,61.0,pseudospot_2393
ACATTGGCCCTAATCC,14.3,24.1,pseudospot_2394
ACATTGGCCCTCTATC,14.3,24.1,pseudospot_2394
ACCACTGTCCTAATCC,14.3,24.1,pseudospot_2394
ACCACTGTCCTCTATC,14.3,24.1,pseudospot_2394
ACATTGGCCGGATTGC,89.0,38.7,pseudospot_2395
ACCACTGTCGACACAC,89.0,38.7,pseudospot_2395
ACATTGGCCGACACAC,89.0,38.7,pseudospot_2395
ACCACTGTCGGATTGC,89.0,38.7,pseudospot_2395
ACATTGGCGAACAGGC,34.6,8.1,pseudospot_2396
ACCACTGTCTAAGGTC,34.6,8.1,pseudospot_2396
ACATTGGCCTAAGGTC,34.6,8.1,pseudospot_2396
ACCACTGTGAACAGGC,34.6,8.1,pseudospot_2396
ACCACTGTGACAGTGC,15.4,14.7,pseudospot_2397
ACATTGGCGAGTTAGC,15.4,14.7,pseudospot_2397
ACCACTGTGAGTTAGC,15.4,14.7,pseudospot_2397
ACATTGGCGACAGTGC,15.4,14.7,pseudospot_2397
ACCACTGTGCCAAGAC,2.5,29.8,pseudospot_2398
ACATTGGCGATGAATC,2.5,29.8,pseudospot_2398
ACCACTGTGATGAATC,2.5,29.8,pseudospot_2398
ACATTGGCGCCAAGAC,2.5,29.8,pseudospot_2398
ACCACTGTGTGACAAG,64.6,9.0,pseudospot_2399
ACCACTGTCGGAAGAA,64.6,9.0,pseudospot_2399
ACATTGGCCGGAAGAA,64.6,9.0,pseudospot_2399
ACATTGGCGTGACAAG,64.6,9.0,pseudospot_2399
ACATTGGCTTGCTGGA,63.7,91.1,pseudospot_2400
ACCACTGTGAACCAGA,63.7,91.1,pseudospot_2400
ACATTGGCGAACCAGA,63.7,91.1,pseudospot_2400
ACCACTGTTTGCTGGA,63.7,91.1,pseudospot_2400
AGTGGTCACGCATACA,16.0,95.2,pseudospot_2421
ATGCCTAACGACTGGA,16.0,95.2,pseudospot_2421
ATGCCTAACGCATACA,16.0,95.2,pseudospot_2421
AGTGGTCACGACTGGA,16.0,95.2,pseudospot_2421
AGTGGTCACTGAGCCA,2.3,73.8,pseudospot_2422
ATGCCTAACTCAATGA,2.3,73.8,pseudospot_2422
ATGCCTAACTGAGCCA,2.3,73.8,pseudospot_2422
AGTGGTCACTCAATGA,2.3,73.8,pseudospot_2422
ATGCCTAACTGGCATA,75.6,59.7,pseudospot_2423
ATGCCTAAGAATCTGA,75.6,59.7,pseudospot_2423
AGTGGTCACTGGCATA,75.6,59.7,pseudospot_2423
AGTGGTCAGAATCTGA,75.6,59.7,pseudospot_2423
ATGCCTAAGAGCTGAA,45.9,88.1,pseudospot_2424
AGTGGTCAGAGCTGAA,45.9,88.1,pseudospot_2424
AGTGGTCACAAGACTA,45.9,88.1,pseudospot_2424
ATGCCTAACAAGACTA,45.9,88.1,pseudospot_2424
ATGCCTAAGCCACATA,28.9,5.0,pseudospot_2425
AGTGGTCAGCCACATA,28.9,5.0,pseudospot_2425
ATGCCTAAGATAGACA,28.9,5.0,pseudospot_2425
AGTGGTCAGATAGACA,28.9,5.0,pseudospot_2425
ATGCCTAAGCGAGTAA,90.0,25.7,pseudospot_2426
AGTGGTCAGCTAACGA,90.0,25.7,pseudospot_2426
ATGCCTAAGCTAACGA,90.0,25.7,pseudospot_2426
AGTGGTCAGCGAGTAA,90.0,25.7,pseudospot_2426
AGTGGTCAGCTCGGTA,11.6,46.5,pseudospot_2427
ATGCCTAAGCTCGGTA,11.6,46.5,pseudospot_2427
AGTGGTCAGGAGAACA,11.6,46.5,pseudospot_2427
ATGCCTAAGGAGAACA,11.6,46.5,pseudospot_2427
ATGCCTAAGTACGCAA,95.6,22.7,pseudospot_2428
AGTGGTCAGGTGCGAA,95.6,22.7,pseudospot_2428
AGTGGTCAGTACGCAA,95.6,22.7,pseudospot_2428
ATGCCTAAGGTGCGAA,95.6,22.7,pseudospot_2428
AGTGGTCAGTCGTAGA,31.4,74.4,pseudospot_2429
AGTGGTCAGTCTGTCA,31.4,74.4,pseudospot_2429
ATGCCTAAGTCGTAGA,31.4,74.4,pseudospot_2429
ATGCCTAAGTCTGTCA,31.4,74.4,pseudospot_2429
AGTGGTCAGTGTTCTA,88.8,91.9,pseudospot_2430
AGTGGTCATAGGATGA,88.8,91.9,pseudospot_2430
ATGCCTAATAGGATGA,88.8,91.9,pseudospot_2430
ATGCCTAAGTGTTCTA,88.8,91.9,pseudospot_2430
AGTGGTCATATCAGCA,60.3,42.4,pseudospot_2431
AGTGGTCATCCGTCTA,60.3,42.4,pseudospot_2431
ATGCCTAATCCGTCTA,60.3,42.4,pseudospot_2431
ATGCCTAATATCAGCA,60.3,42.4,pseudospot_2431
ATGCCTAATGAAGAGA,82.7,34.2,pseudospot_2432
AGTGGTCATGAAGAGA,82.7,34.2,pseudospot_2432
AGTGGTCATCTTCACA,82.7,34.2,pseudospot_2432
ATGCCTAATCTTCACA,82.7,34.2,pseudospot_2432
ATGCCTAATGGCTTCA,98.4,96.2,pseudospot_2433
AGTGGTCATGGAACAA,98.4,96.2,pseudospot_2433
ATGCCTAATGGAACAA,98.4,96.2,pseudospot_2433
AGTGGTCATGGCTTCA,98.4,96.2,pseudospot_2433
ATGCCTAATTCACGCA,28.8,44.5,pseudospot_2434
AGTGGTCATGGTGGTA,28.8,44.5,pseudospot_2434
ATGCCTAATGGTGGTA,28.8,44.5,pseudospot_2434
AGTGGTCATTCACGCA,28.8,44.5,pseudospot_2434
AGTGGTCAAAGAGATC,96.1,48.9,pseudospot_2435
ATGCCTAAAAGAGATC,96.1,48.9,pseudospot_2435
AGTGGTCAAACTCACC,96.1,48.9,pseudospot_2435
ATGCCTAAAACTCACC,96.1,48.9,pseudospot_2435
ATGCCTAAAAGGACAC,38.9,35.2,pseudospot_2436
ATGCCTAAAATCCGTC,38.9,35.2,pseudospot_2436
AGTGGTCAAATCCGTC,38.9,35.2,pseudospot_2436
AGTGGTCAAAGGACAC,38.9,35.2,pseudospot_2436
AGTGGTCAACACGACC,38.6,91.0,pseudospot_2437
ATGCCTAAAATGTTGC,38.6,91.0,pseudospot_2437
AGTGGTCAAATGTTGC,38.6,91.0,pseudospot_2437
ATGCCTAAACACGACC,38.6,91.0,pseudospot_2437
ATGCCTAAACAGATTC,34.0,56.9,pseudospot_2438
AGTGGTCAACAGATTC,34.0,56.9,pseudospot_2438
ATGCCTAAAGATGTAC,34.0,56.9,pseudospot_2438
AGTGGTCAAGATGTAC,34.0,56.9,pseudospot_2438
ATGCCTAAAGCCATGC,54.1,76.2,pseudospot_2439
AGTGGTCAAGCACCTC,54.1,76.2,pseudospot_2439
AGTGGTCAAGCCATGC,54.1,76.2,pseudospot_2439
ATGCCTAAAGCACCTC,54.1,76.2,pseudospot_2439
ATGCCTAAATAGCGAC,15.4,81.2,pseudospot_2440
AGTGGTCAAGGCTAAC,15.4,81.2,pseudospot_2440
ATGCCTAAAGGCTAAC,15.4,81.2,pseudospot_2440
AGTGGTCAATAGCGAC,15.4,81.2,pseudospot_2440
ATGCCTAAATTGGCTC,55.4,34.2,pseudospot_2441
AGTGGTCAATTGGCTC,55.4,34.2,pseudospot_2441
ATGCCTAAATCATTCC,55.4,34.2,pseudospot_2441
AGTGGTCAATCATTCC,55.4,34.2,pseudospot_2441
ATGCCTAACAAGGAGC,54.2,43.4,pseudospot_2442
AGTGGTCACACCTTAC,54.2,43.4,pseudospot_2442
ATGCCTAACACCTTAC,54.2,43.4,pseudospot_2442
AGTGGTCACAAGGAGC,54.2,43.4,pseudospot_2442
ATGCCTAACCGACAAC,76.2,84.8,pseudospot_2443
ATGCCTAACCATCCTC,76.2,84.8,pseudospot_2443
AGTGGTCACCGACAAC,76.2,84.8,pseudospot_2443
AGTGGTCACCATCCTC,76.2,84.8,pseudospot_2443
AGTGGTCACCTAATCC,83.4,36.3,pseudospot_2444
ATGCCTAACCTCTATC,83.4,36.3,pseudospot_2444
ATGCCTAACCTAATCC,83.4,36.3,pseudospot_2444
AGTGGTCACCTCTATC,83.4,36.3,pseudospot_2444
ATGCCTAACGGATTGC,44.0,79.4,pseudospot_2445
ATGCCTAACGACACAC,44.0,79.4,pseudospot_2445
AGTGGTCACGACACAC,44.0,79.4,pseudospot_2445
AGTGGTCACGGATTGC,44.0,79.4,pseudospot_2445
AGTGGTCACTAAGGTC,30.2,94.1,pseudospot_2446
ATGCCTAAGAACAGGC,30.2,94.1,pseudospot_2446
ATGCCTAACTAAGGTC,30.2,94.1,pseudospot_2446
AGTGGTCAGAACAGGC,30.2,94.1,pseudospot_2446
ATGCCTAAGACAGTGC,25.9,62.3,pseudospot_2447
AGTGGTCAGAGTTAGC,25.9,62.3,pseudospot_2447
AGTGGTCAGACAGTGC,25.9,62.3,pseudospot_2447
ATGCCTAAGAGTTAGC,25.9,62.3,pseudospot_2447
AGTGGTCAGCCAAGAC,19.5,74.2,pseudospot_2448
ATGCCTAAGCCAAGAC,19.5,74.2,pseudospot_2448
AGTGGTCAGATGAATC,19.5,74.2,pseudospot_2448
ATGCCTAAGATGAATC,19.5,74.2,pseudospot_2448
ATGCCTAAGTGACAAG,5.8,80.5,pseudospot_2449
ATGCCTAACGGAAGAA,5.8,80.5,pseudospot_2449
AGTGGTCACGGAAGAA,5.8,80.5,pseudospot_2449
AGTGGTCAGTGACAAG,5.8,80.5,pseudospot_2449
AGTGGTCAGAACCAGA,34.2,84.5,pseudospot_2450
AGTGGTCATTGCTGGA,34.2,84.5,pseudospot_2450
ATGCCTAAGAACCAGA,34.2,84.5,pseudospot_2450
ATGCCTAATTGCTGGA,34.2,84.5,pseudospot_2450
AAACATCGCGACTGGA,22.8,47.5,pseudospot_2471
AAACATCGCGCATACA,22.8,47.5,pseudospot_2471
AAACATCGCTGAGCCA,96.4,89.8,pseudospot_2472
AAACATCGCTCAATGA,96.4,89.8,pseudospot_2472
AAACATCGGAATCTGA,90.9,52.5,pseudospot_2473
AAACATCGCTGGCATA,90.9,52.5,pseudospot_2473
AAACATCGGAGCTGAA,72.2,70.7,pseudospot_2474
AAACATCGCAAGACTA,72.2,70.7,pseudospot_2474
AAACATCGGATAGACA,53.3,25.2,pseudospot_2475
AAACATCGGCCACATA,53.3,25.2,pseudospot_2475
AAACATCGGCTAACGA,87.0,44.7,pseudospot_2476
AAACATCGGCGAGTAA,87.0,44.7,pseudospot_2476
AAACATCGGGAGAACA,13.1,12.3,pseudospot_2477
AAACATCGGCTCGGTA,13.1,12.3,pseudospot_2477
AAACATCGGTACGCAA,79.1,20.6,pseudospot_2478
AAACATCGGGTGCGAA,79.1,20.6,pseudospot_2478
AAACATCGGTCTGTCA,12.5,0.1,pseudospot_2479
AAACATCGGTCGTAGA,12.5,0.1,pseudospot_2479
AAACATCGGTGTTCTA,79.4,3.9,pseudospot_2480
AAACATCGTAGGATGA,79.4,3.9,pseudospot_2480
AAACATCGTATCAGCA,27.6,97.7,pseudospot_2481
AAACATCGTCCGTCTA,27.6,97.7,pseudospot_2481
AAACATCGTGAAGAGA,87.7,24.2,pseudospot_2482
AAACATCGTCTTCACA,87.7,24.2,pseudospot_2482
AAACATCGTGGCTTCA,94.4,66.3,pseudospot_2483
AAACATCGTGGAACAA,94.4,66.3,pseudospot_2483
AAACATCGTTCACGCA,14.9,83.9,pseudospot_2484
AAACATCGTGGTGGTA,14.9,83.9,pseudospot_2484
AAACATCGAAGAGATC,46.3,55.1,pseudospot_2485
AAACATCGAACTCACC,46.3,55.1,pseudospot_2485
AAACATCGAAGGACAC,98.1,15.3,pseudospot_2486
AAACATCGAATCCGTC,98.1,15.3,pseudospot_2486
AAACATCGACACGACC,48.3,72.8,pseudospot_2487
AAACATCGAATGTTGC,48.3,72.8,pseudospot_2487
AAACATCGACAGATTC,86.4,60.0,pseudospot_2488
AAACATCGAGATGTAC,86.4,60.0,pseudospot_2488
AAACATCGAGCCATGC,58.9,73.1,pseudospot_2489
AAACATCGAGCACCTC,58.9,73.1,pseudospot_2489
AAACATCGATAGCGAC,37.5,77.0,pseudospot_2490
AAACATCGAGGCTAAC,37.5,77.0,pseudospot_2490
AAACATCGATTGGCTC,28.6,97.5,pseudospot_2491
AAACATCGATCATTCC,28.6,97.5,pseudospot_2491
AAACATCGCAAGGAGC,20.3,57.4,pseudospot_2492
AAACATCGCACCTTAC,20.3,57.4,pseudospot_2492
AAACATCGCCATCCTC,76.2,34.2,pseudospot_2493
AAACATCGCCGACAAC,76.2,34.2,pseudospot_2493
AAACATCGCCTCTATC,38.7,64.8,pseudospot_2494
AAACATCGCCTAATCC,38.7,64.8,pseudospot_2494
AAACATCGCGGATTGC,51.1,6.8,pseudospot_2495
AAACATCGCGACACAC,51.1,6.8,pseudospot_2495
AAACATCGGAACAGGC,49.2,89.7,pseudospot_2496
AAACATCGCTAAGGTC,49.2,89.7,pseudospot_2496
AAACATCGGAGTTAGC,57.7,11.9,pseudospot_2497
AAACATCGGACAGTGC,57.7,11.9,pseudospot_2497
AAACATCGGCCAAGAC,86.6,32.8,pseudospot_2498
AAACATCGGATGAATC,86.6,32.8,pseudospot_2498
AAACATCGGTGACAAG,98.1,81.6,pseudospot_2499
AAACATCGCGGAAGAA,98.1,81.6,pseudospot_2499
AAACATCGGAACCAGA,40.8,59.7,pseudospot_2500
AAACATCGTTGCTGGA,40.8,59.7,pseudospot_2500
