gene_id	baseMean	log2FoldChange	lfcSE	pvalue	padj
ENSMUSG00000076613	761.33936244	10.3761	1.22361946	1.843727e-18	1.769978e-15
ENSMUSG00000076609	2833.69843895	6.500394	1.17582898	1.082393e-08	2.597744e-06
ENSMUSG00000067149	569.24056298	6.874279	0.95325345	1.727488e-13	8.29194e-11
ENSMUSG00000095079	654.80999016	5.443046	0.93867717	3.179574e-09	1.017464e-06
ENSMUSG00000032053	21.87415851	2.466063	1.96943553	0.0002545307	0.04886989
