chrom	start	end	data_category	num_phased	num_unphased	NoData	Uncategorized	Methylated	Unmethylated	AlleleSpecificMethylation	avg_abs_meth_deltas	stdev_abs_meth_deltas	avg_combined_methyls	stdev_combined_methyls
chr19:45760000-45770300	8000	10000	ALL	72	3	0	0	75	0	0	0.036903112	0.028632843	0.937348504	0.027318566
chr19:45760000-45770300	8000	10000	FEMALE	43	2	0	0	45	0	0	0.039704932	0.030229108	0.939890471	0.026852558
chr19:45760000-45770300	8000	10000	MALE	29	1	0	0	30	0	0	0.03274869	0.026043223	0.933535552	0.028022734
chr19:45760000-45770300	10000	12000	ALL	73	2	0	0	0	75	0	0.022414432	0.01890777	0.147347258	0.013668171
chr19:45760000-45770300	10000	12000	FEMALE	44	1	0	0	0	45	0	0.020671169	0.019389695	0.151474917	0.01162018
chr19:45760000-45770300	10000	12000	MALE	29	1	0	0	0	30	0	0.025059382	0.018163335	0.141155769	0.014343825