"Feature","MS55_01","MS55_02","MS55_03","MS55_04","MS55_05","MS55_06","MS55_07","MS55_08","MS55_09","MS55_10","MS55_11","MS55_12","MS55_13","MS55_14","MS55_15","MS55_16","MS55_17","MS55_18","MS55_19","MS55_20","MS55_21","MS55_22","MS55_23","MS55_24","MS55_25","MS55_26","MS55_27","MS55_28","MS55_29","MS55_30","MS55_31","MS55_32","MS55_33","MS55_34","MS55_35","MS55_36","MS55_37","MS55_38","MS55_39","MS55_40","MS55_41","MS55_42","MS55_43","MS55_44","MS55_45","MS55_46","MS55_47","MS55_48","POOL0","POOL1","POOL2","POOL3","POOL4","POOL5","POOL6","POOL7","POOL8","POOL9"
"valine-d8",1910140239,2030901280,2001950756,1971520079,2150817213,2041935934,2139041257,2224543835,2084168443,2055341266,2147728988,2262623624,2173851813,2244896560,2199736714,2420442633,1842168788,1893856915,1811738912,1884664265,2082943544,2156194286,2183228913,2178385622,2078762828,2081471673,1988349782,1998675292,2124607003,2152828348,2035106837,2042691923,1902240174,1752756586,1826890961,1901990097,2074401147,2141075477,2111105724,2141234375,2057528095,2092721469,2051096839,1966340433,2149858779,2194711819,2044097786,2143650869,2161131642,2101862980,2120530475,2113499665,2174999099,2190323542,2146802364,2086280450,2024161571,2067984401
"hippuric acid-d5",4155279397,4238215810,4197553754,4322171919,4297449325,4133553061,4304297025,4218338618,4070261463,4060488433,4108738493,4305115597,4346077436,4447742779,4476905530,4552824370,3671069802,3756346206,3593325945,3746111250,4195701178,4153796637,4250154523,4252193025,3934507826,4082315883,3941702779,3919033388,4065824570,3952243755,3871206199,3845317876,3881996401,3738886429,3824437487,3953468786,4090957682,4144138465,4236139582,4233142018,4142698167,4100434684,4110265974,4019711105,4153760105,4186740578,3965474699,4215954129,4208941536,4138984979,4195240969,4127098083,4206535202,4221855657,4189238006,4034999511,4075332714,4088291481
"2/3-phosphoglycerate",39391513.51,42341709.54,44519478.21,38994961.49,41381177.02,40029553.14,40752910.89,38536275.18,57699757.18,53647757.6,56764759.59,35288364.5,43285048.8,43393895.63,40878052.14,42660552.7,35884785.92,38575088.09,39728846.18,37052895.39,28185898.33,29170438.9,29745372.69,27245124.15,41665597.16,46230235.19,50290035.44,38699643.54,35758048.95,41349239.17,46266714.81,46607277.15,32805902.48,36119416.22,34337067.26,31699585.3,28776277.52,30635651.13,30849709.37,28020889.33,44380864.7,47233631.77,47970996.03,38074043.1,43955430.73,44755040.56,43986986.58,37835584.94,38692575.72,39973762.54,39953456.75,39508486.02,40635697.56,41424493.54,41538742.9,41804546.39,41534809.9,42492091.1
"2-aminoadipic acid",7563613.419,8391179.076,7975796.776,7080625.032,10095447.47,9717156.257,10103515.58,9111413.992,6584533.555,6871869.05,6770914.96,6659558.652,5945970.219,5711228.997,5528598.985,5626827.178,8041505.752,8726678.74,8365942.977,8887173.302,7736072.273,8575269.047,9125329.214,8716295.614,7056967.582,7196522.846,7286958.814,6973604.472,5396711.911,5993163.26,6204275.078,6697390.686,8509441.354,8072073.801,8031521.314,8132565.1,8813193.256,9212885.154,9500924.641,8909064.434,6845616.793,6695890.834,7129403.734,7484336.712,6360748.556,6226584.366,6364348.689,6383363.523,7628241.73,8351548.966,7800402.226,8090158.009,7938960.837,7904529.477,7402942.07,7205544.798,6947301.888,7693170.159
"2-hydroxyglutarate",256386450.6,260728656.1,244825485,243783560.2,427947868.9,430078116.4,417598954.6,420598847.9,379969875.3,391144455.8,365531268.2,381773560.2,408634135.2,421637026,386400910.9,413385334.5,257117772.3,274585000.7,256141121.7,275057759.7,410063051,443090836.3,440390675.2,444867376.1,399994139.5,396378457.5,389847639,396984980.8,398390086.3,443394669.8,429628671.9,438307863.3,278841765.4,294569697.7,286722748.5,288087198.6,406981395.8,422599555.5,398003093.2,419548523,406041096.3,404281590.5,408699053.7,403055301.4,464754998.3,474380772.2,444869756.1,453765129.9,399957572.5,390881317.9,388821503.6,383046682.5,391957308.5,389064988.9,390521303.7,382754802.2,387248706.4,382471532.9
"2-ketoglutarate",452398212.5,473936345.7,401258944.2,414912266.4,990539187,991968009.1,937224506.2,942893263,871081736.2,916332810.5,811006415.4,834154236.2,789540080.1,818607385,735447741.9,796192388.1,426401534.1,433438730.7,392588588.1,450433949.6,888537645.5,1020265264,1049964326,1014550059,917659434.9,937621233.3,862075662.1,864353959.1,794734944.2,935381086.3,841713728,910432184.9,531572001.5,524187107.8,534310426.8,514668098.5,988334415.1,1044465500,999913214.1,1055251145,982432203.8,965828205.4,956585583,995236813.5,911560727.8,935089788.9,838301009.5,828314872.1,812651905.8,808813694.7,821058349.3,798596920.3,831842785,832779990.3,820241917.7,790370995.9,810163490.7,788757150.4
"4-guanidinobutanoate",6122609.454,6486314.808,6504572.174,4566681.46,2489395.209,2818476.826,2969750.928,2122889.343,1689107.736,1564697.879,2063255.138,1543653.376,3984032.975,3120233.782,1246803.788,1442587.803,5175714.43,4702639.568,4313395.837,4984771.861,2212060.749,2152784.159,1909003.005,2437911.405,1672466.463,2139112.753,1809754.943,1276693.683,14539035.99,1589984.716,2938158.189,1484240.386,4479058.205,3899073.418,8126482.746,3702513.501,1826080.08,1535845.829,1820062.408,1660872.502,1513080.344,1649327.692,3020195.436,1562447.336,1986476.233,1750448.081,1171109.556,982776.7356,5637135.42,4918734.543,4530331.304,4302026.395,4257564.147,3861932.23,3922539.52,4043056.545,3747425.659,4194457.581
"4-hydroxyphenyllactate",5392820.484,5273809.572,5523053.452,4976851.463,2211754.734,2273228.762,2032924.841,2182170.328,2103444.18,2070776.634,1839862.204,1862363.29,2190401.016,2233799.358,1947964.497,2008582.327,4404685.731,4758487.265,4502115.29,4787141.202,1794755.411,2047727.283,1995694.296,2099221.815,2025083.947,1828355.199,1931688.785,1672031.614,2589552.814,2639484.177,2134817.436,2309113.281,4864401.371,4649504.347,5030424.695,4808920.534,2137172.983,2076219.87,2357972.004,2284788.139,2236884.263,2026536.277,2084356.579,2229951.761,2313364.158,2318886.883,2079955.6,2126008.53,3142936.718,3059756.721,3204270.449,3010797.472,2978939.506,3145932.745,2995309.173,3038846.564,2932680.533,3014030.25
"5-aminolevulinic acid",5495373.769,5360167.357,5364035.367,5277368.432,3638570.133,3443467.268,3525253.337,3634942.527,3505625.136,3163945.099,3322545.734,3511950.876,3627977.777,3970773.861,3686042.879,3993787.038,4746866.247,5488268.972,4935065.683,5151841.375,2972814.6,3818751.211,3585386.937,3331322.269,3539939.422,3610305.798,3570577.856,3685656.656,3639407.355,4347032.193,4310169.337,3775806.602,5669738.141,6131959.997,6008917.178,5931121.685,4489549.094,4179174.753,4111704.185,3853282.749,4128971.56,4318956.092,4169362.618,4097209.624,4881509.989,4647167.949,4404475.562,4979488.708,5107712.026,4341434.998,4430827.873,4283666.121,4234251.201,4293436.961,4650029.11,4422687.883,4065424.165,5066769.616
"5-aminovaleric acid*",56125219.38,55495426.22,51814297.16,49658025.37,84862683.55,81902269.26,79694746.3,80221584.25,65316827.39,62432170.05,59869099.09,60174512.98,60090737.52,61553005.52,58026385.45,59447493.09,49965402.55,47346844.71,51491689.51,52893189.34,65869022.38,70495293.95,73238484.72,70182661.26,63925113.84,61072050.33,58790265.59,61217711.04,52890580.17,65609130.44,61269092.09,65654979.39,48132238.49,44806663.49,47181848,46017090.78,62045906.42,61578841.71,59698676.06,62825353.34,54192579.92,53801387.02,52680452.03,55624607.05,52654722.79,54464605.14,50051137.69,53295017.28,60730947.34,61420798.3,61770751.06,61793059.14,62356269.2,61430784.1,60283617.34,62136683.26,61360992.47,60126385.01
"5-methylthioadenosine (MTA)",43026516.14,35533830.86,29526208.76,25034866.39,15871028.84,29965765.28,26256162.16,14241849.2,12878774.1,11376759.85,12027493.66,11898524.88,18764703.19,11168109.27,10634294.51,10925007.41,18765463.24,36524367.55,22937861.19,26355612.52,17895154.98,16632682.99,16083630.68,13524222.89,14716857.67,17372907.57,20867182.42,18346732.18,19513726.44,18126779.88,19015230.82,16802646.17,25320498.89,37688989.6,34681784.3,29653104.43,23458375.21,15836657.39,16561502.34,19090487.07,22754843.67,15182013.93,18404995.25,21940750.89,20111357.75,16678378.99,24375866.25,25283803.92,12856625.76,13132474.97,13676850.11,12997957.88,14957300.33,16670267.85,18717999.73,20582651.96,22682816.98,24150600.73
"6-phosphogluconate",1591439.759,1644528.686,1293651.989,1149429.56,847985.7378,1547603.028,1544128.33,327721.4059,1039201.493,619584.9827,738050.0131,1082308.729,883142.859,582097.8683,495747.7934,653513.9016,1040214.763,1908093.574,1589070.321,1312726.42,504245.0536,792221.9437,784087.8116,1212748.281,589303.4501,634177.6036,715052.7386,650623.7353,957924.9975,2121432.548,2313334.124,1853869.873,1668393.99,1600776.305,1807753.135,1351073.854,549298.1324,611484.8241,705050.5458,1395193.829,1934868.111,717302.5019,1067279.973,1951440.607,1110667.048,1079290.193,920629.7758,1603405.633,806350.7459,924178.8522,1051878.731,1152935.36,1167553.447,1123992.788,1146090.171,1331356.228,1513085.408,1296711.78
"acetylcarnitine",7700044871,7972554663,8811315404,7300955528,6278750791,6165625209,5774539001,5583028217,3946332730,3779937723,3129814775,3545015850,3896703641,3667764599,3227301053,3785235920,3322460400,3672285834,3571241218,4048601030,4145126714,5231463440,5475294211,4960256378,3312417775,3358285462,3252389729,3125699719,4336205919,4739651179,3868797687,4131078778,4125524063,3845862621,4623531158,3607961799,6504153149,6523632154,6646284736,6865002236,5755103753,5016637439,5413805174,5669591431,4749945916,4959202920,4762534848,4680181545,4976358727,5049037803,5000788209,4902046331,5125531155,5009477907,5071312334,4880537813,5001017524,4976360712
"acetylcholine",59258010.77,58272083.3,59500662.79,57220363.64,47840179.96,46311260.52,48465837.37,47360555.82,25489226.8,25108481.95,25078448.84,25560851.5,25700704.2,26536870.93,23995154.36,24471310.27,40451011.5,43285119.54,42278293.48,45825088.89,32665386.34,35389593.21,39243824.85,36151050.46,26326792.36,24918505.44,25698303.7,26595202.48,21828413.12,24774095.71,24368625.96,24990407.14,40545374.06,39819393.5,44343404.26,40974893.55,37632437.22,38551526.86,38495135.15,40560281.9,27351794.93,26083038.77,27503764.53,29977666.45,24352868.15,26798635.09,24949971.26,25811453.65,36382283.87,37594859.47,35613158.63,34713923.07,36405282.4,36135102.13,35421933.98,35723551.06,34830005.65,37300016.88
"acetyl-CoA",3861437.801,3891050.092,4314352.951,3411720.635,3459321.015,4258991.026,4172216.828,3267544.778,2630230.911,2569036.243,2198423.718,3071008.758,2621251.421,3256281.038,2770257.607,2902960.098,2294958.24,2957889.13,2779921.925,2649110.203,2583273.348,3432356.312,3158347.417,3494049.801,2209431.973,1458187.814,2103247.751,2225741.115,2620199.193,3333484.776,3578269.332,3262493.837,3912366.163,3177510.589,3633064.834,2568650.02,2781667.581,2492259.366,2464536.312,3014378.645,2769657.946,2319142.158,2797356.78,3526398.658,3569012.16,3428132.497,3266658.576,3457118.783,3119953.754,3079755.005,3148975.086,3107153.517,3143543.53,3127730.828,3308347.445,3181113.232,2935374.058,3039613.187
"adenosine",18101709.73,21298679.81,21852973.21,13271785.34,23990902.08,31720118.86,25272514.61,24550399.24,8673427.876,10483285.6,10929874.17,11412161.43,14786357.95,17550573.66,15345131.79,19138414.24,10650718.75,15031235.29,13757347.05,12861813.41,10948718.02,12424742.98,10925116.94,11197651.79,8603815.312,7264160.816,12157732.11,11169528.86,6798671.61,8554500.508,15235982.8,10348799.18,15328760.46,15414777.12,14375665.35,13181333.96,8615172.218,11419786.31,10713015.24,7259045.23,12377673.95,11094007.3,11276347.75,5972946.009,16652767.4,16810888.56,14101947.43,18001928.79,13328235.29,13930198.7,13733401.08,13600021.62,14441188,14231972.55,13615030.52,14164161.22,14600544.9,14559708.8
"ADP",77105413.08,78102479.62,76592597.11,70633915.91,61574159.02,64130251.31,62278929.39,53687653.7,44951139.85,46051842.53,44068996.33,43698854.54,56010946.26,52883381.18,51613675.43,53813338.01,48734653.11,54047071.8,55045695.05,52631587.59,35518536.87,38030559.51,42202345.48,38951433.25,30846929.81,29976591.81,36559653.42,31861066.22,41981257.15,49734843.19,57117083.03,51133442.2,56715921.49,56161054.31,59625245.07,56349980.54,39050715.38,41862818.32,42816181.07,43438731.95,49653192.55,43729954,49232935.29,48733741.45,66222938.16,62627477.67,58187012.3,64444805.93,47072490.13,51914511.35,51742963.19,51715569.18,53840618.69,52829698.47,53539869.72,53194634.69,54000376.84,54878406.06
"ADP-ribose",2417484.465,2159520.181,2427804.954,1988317.024,1732016.406,1953002.79,1738575.131,1374284.721,1467666.362,1356613.813,1573634,1528970.128,1861659.666,1507219.726,1621276.752,1574049.568,1706327.242,2258242.413,1638404.974,2198484.77,1692482.441,1771731.225,1542067.552,1665298.606,1676821.086,1930927.88,1893675.478,1888192.419,1860124.279,2010217.94,2036868.539,1800414.619,1598699.393,1896304.111,2015991.405,1993231.372,1844990.159,1488994.921,1698395.013,1566676.494,1917737.038,1652050.032,2045379.287,1969286.404,1818830.605,1767199.926,1864459.022,1896977.851,1631126.486,1434358.511,1579144.298,1627596.807,1596127.883,1722413.01,1654588.265,1864104.307,2080645.628,2122486.609
"AICAR",130057.716,245131.1488,276362.4925,185641.6825,1859331.145,2000060.675,2318217.696,1320455.642,2158379.69,2026670.996,2021531.341,1658330.335,1234275.806,1367825.455,815141.2253,1104559.789,0,0,0,0,3430132.702,3506454.639,3093226.688,2917617.953,3262939.737,3823009.58,3208733.947,3220222.928,149683.206,363686.1107,597058.9242,513252.5906,0,0,0,0,2590777.199,2569827.139,2611336.023,2630195.8,2290545.548,2474945.423,1823519.657,2074048.468,0,0,0,0,1340356.323,1291765.194,1435767.385,1379314.819,1376701.093,1486596.213,1410265.447,1392807.699,1319714.12,1351602.205
"alanine",1317070925,1330003561,1433336229,1261521621,263531616.1,250854616,254877271.7,250721020.6,237630603.2,237863343.6,232146617.8,230238527.5,251453739.2,245405932.9,230399762.6,241690665.5,967472310.1,964344544.2,1026301966,1023085234,216596887.7,247096531.9,245718553.5,235662457.6,247045663.9,234447357.6,251882811.6,244624656.5,250223362.5,260794610.3,266077750.6,255404396.4,843350015.1,805962347.7,914158387.4,807793746.9,242601295.7,237274786.1,236575002,244787861.2,267277545.7,237054656.3,241339963.5,259420217.2,241223288.5,235586595.3,240694508.8,231853278.1,451557903.8,455690189.9,447506225.7,455240982.4,459202574.1,453472440,467152333.9,448956499,470522750.1,461466271.7
"AMP",19317320.2,18851292.66,18567036.19,17582510.11,17183465.8,17253662.95,17031933.57,16654430.31,14520403.99,15301920.07,14490287.46,14921594.68,17918608.15,17218647.41,17159567.47,16762647.34,14446757.14,15835000.8,15316872.34,15983844.87,13724358.65,14397667.23,13998411.63,13780677.74,12843512.41,12212263.02,13965785.23,13479858.82,15059710.14,15585915.56,16510667.5,15604468.08,16137449.96,16772640.58,17116214.09,16353613.07,14387420.99,14867073.5,14806163.09,15688644.7,15524156.85,14203592.75,15485401.73,15148169.19,18371638.92,17813713.22,17598384.05,17913062.53,15622126.37,15620422.08,15824986.26,15252275.15,15574046.94,15460390.93,16335994.93,15921083.15,16621864.03,16184028.32
"arginine",150429833.7,115878930.6,110544901.6,99484221.9,118512774.5,122218835.4,114631802.7,121732359.5,150187955.3,121236391.9,94891168.92,117811852.7,129967367.4,106559398.1,91336301.53,109888693.9,93465966.25,113176295.6,97848881.3,101612527.7,92989430.14,122977409.2,99942901.37,87364414.17,113930335.8,128186189.2,117250121.2,104985071.3,200148832.4,173860466.5,116070802.5,141350772.6,145848979.3,146417966.8,160697925,129713762.1,129079458.8,116027260.7,134184815.3,120761448.1,148804109.5,119392039,116348171.4,143500518.2,116884170.3,107365600.8,113138064.8,100118163.6,129109419.3,123965695.6,124287019.2,120787383.3,124284713.5,124251949.4,124707442.3,125542290.5,127333852.6,129582332.3
"argininosuccinate",971471.1755,704352.0886,847700.1936,770860.3393,152143.0626,94365.76381,126658.5308,114952.3691,294370.8476,560068.5852,385225.7759,387534.3614,370544.8718,255215.5058,341542.6992,384110.4141,640219.9039,582549.6375,804322.7781,536883.5063,175097.9358,53465.75169,30617.60989,87947.03441,359602.7369,465329.5963,443024.7097,356904.1284,203303.9133,315522.0911,320133.3399,279176.868,493644.1334,578496.0054,672192.2172,528328.7944,123472.3533,106578.8757,61546.17885,70599.17832,478877.0785,488268.1083,491651.8528,532131.9468,220278.5971,383264.2591,248140.5376,440147.8311,562795.5617,410190.0815,395064.8661,490672.7321,486383.0628,312015.0306,415670.3502,223660.5062,454031.3935,481302.2646
"asparagine",134482211.3,130151265.9,145084643.3,128394296.8,27076131.58,24109483.76,26331742.94,25648370.98,29390488.65,26461935.97,24520557.87,27345482.7,31335211.91,27394008.56,25772728.05,26961868.33,112771718.1,113165635.4,124610727,121046465,19314603.88,22263199.04,21626463.51,20443995.94,26681251.11,27758209.59,27391359.81,26355065.46,35472856.63,37127285.04,33332518.4,34497142.67,107562634.9,103327798.2,116816979,106603807.6,23410411.55,20876530.68,23436128,22965267.45,29276707.55,24841330.92,26803969.4,29371973.65,29330188.88,29721425.21,31401077.61,29727581.86,54760758.21,54075455.85,52832329.74,53468032.37,52281941.28,54031237.58,53236846.02,53854504.27,55136766.8,52730635.28
"aspartate",1326974959,1330359350,1248837112,1240799962,1448158917,1352791370,1490702322,1400854906,1432044028,1387881543,1432713334,1424176849,1562128106,1574416958,1602834103,1563595885,1352689000,1377896715,1392856597,1324547209,1141448221,1127368688,1170940943,1134071341,1437917313,1454498545,1472513342,1455667573,1487425046,1704668602,1744723784,1711858192,1232157618,1202259738,1260611409,1250407008,1297328234,1238689408,1267113607,1273017940,1407226169,1390163521,1373414478,1421712626,1567668864,1619861107,1576689459,1594018723,1348066061,1336983725,1325427589,1328274309,1322477383,1313420036,1298732136,1293570266,1285038017,1225524514
"ATP",368799720.2,401005295.7,391269873.7,337752918.7,305763292.3,321346562,304665383.5,272748959.5,188048045,183552725.6,175695971.6,168150310,213216472.6,233696138.8,221625822.9,223910795.3,176121227.3,201675899.7,228967631.9,196835877.4,120130931.1,138914963.5,146828903,153510918.6,109486035,104681112.8,122588896.5,100203099.3,137385441.6,203512438.7,246521084.9,209752266,250209540.4,225306572.9,258483797.1,218213641.2,147378862,163661496.9,161839984.2,165543400.5,205049718.4,190711760,208145549.4,201331453.5,293619747,281071670.1,238477787.6,286373076.4,230484301.8,234967829.8,233668642.7,231227345.8,223200460.1,223474482.1,234114528.9,220864600.9,220134567.2,215105423.1
"beta-alanine",161184352.8,162208995.8,158837422.9,147226889.6,56784201.6,49119195.02,48760207.71,54551628.75,42840637.02,40748882.57,41947455.18,41010116.88,47963714.39,48415089.83,47431895.77,47083000.44,123508757.8,117888876,127643426.5,135122923.5,40242371.85,41315001.21,48101658.53,45038616.74,45290210.33,41731870.09,41539691.3,43251894.08,40603577.07,50940849.6,51426749.43,51190602.95,111697225.3,102063953.6,119159304.4,103542230.7,40544201.36,38436137.48,41396879.97,42400171.53,42375986.74,38479718.65,41205928.34,40929850.27,47056320.1,50831590,44501587.84,46857573.71,65228315.66,69069485.52,73452907.46,71090380.63,72449499.06,69628945.96,72538641.93,66512423.75,73637429.36,66579629.73
"beta-citrylglutamic acid",300483876.1,312784508.1,293378376.6,284827181.8,194650818.2,203183064.9,189881996.8,181703899.4,187411725.1,184618158.8,169399293.4,173266727.4,209975538.8,214881014.2,202097738.5,208557265.7,256983754.7,275588638.9,250219164.7,268563969.2,135714899.4,151189100.3,146089205.2,139272206.2,168542750.3,177338003.4,172256063.8,162914757.5,187715998,218038952.2,209233160.1,207100944.7,261342119,264178340.2,272750012.7,245397271.9,148850626.8,147223620.2,138581598.3,141172222.9,173514331.2,172422463.1,168445572.8,169252988.4,204616200.8,210873416.8,196464625.2,199734626.4,220411652.1,214536189.4,212121400.2,213230467.2,209429528,212474174.1,205663450.5,207650244.9,206576647.3,207073057.3
"betaine",9706476848,9706443247,10091665683,8932024037,5296775852,4931850207,5675481879,5170815737,3627084749,3356986555,2883567748,3108466410,3063983159,2950302110,2738871632,2948783781,7192228724,7717628978,7817508169,7965536595,2956918778,3614116505,3928875549,3708849658,2864867812,3070827995,2814488237,2830203991,3716142595,4079827123,3234600028,3506943063,7863080641,7176958882,8794721763,7242045530,4480990860,4211031936,4547634607,4382722852,3994380198,3387038975,3504378460,3847619212,3130307348,3263654975,3091259334,3145187702,5098757943,5106935669,5021727911,4976141321,5306562808,5043921862,5134857750,4870108878,4847406445,5025839946
"butyrylcarnitine C4",1121934830,1187393377,1154724211,1105621572,742598277.4,711659877.8,723207336.4,663256550.2,547104290.6,531938582.4,538600633.1,540360649.1,448958148.1,454133656,430643285.7,462437361.6,997199230,1083996044,1082965004,1108852522,572876367.8,665649746.1,730350200.3,697580716.5,599394516.4,606649899.1,595978659.5,625907751.7,414092415.6,536024698.8,547162305.4,553085878.6,837813410.7,819378480.3,932517947.7,830037109.5,702335625.6,712227683.7,704735062.5,765703099.5,674806171.6,679365636.3,716333034.9,731381592.6,536167702.7,564936477.6,537005538.5,553513655.1,736902013,732332274.7,740834908.3,733590198.9,734500976.5,728449747.6,716015901.1,710930919.3,716145669.1,709315428
"cAMP",579173.9766,647771.7795,588567.3989,532623.7966,511338.3059,556945.8927,444921.151,516467.7759,254001.2744,247460.9787,229459.0211,262201.0197,382344.1443,479548.046,334153.6705,369236.2548,406282.4248,600166.8535,444730.2976,525714.8038,404782.661,452532.1768,433937.088,392285.3784,265938.371,416004.116,262211.586,309998.8145,411491.0081,442957.55,445167.0543,443700.308,474467.5546,454795.6755,519965.4431,534466.6465,515204.2365,441242.1065,385524.5249,521683.7652,436630.5459,375258.8631,303283.669,387875.4622,365193.5087,458980.8297,329507.4644,465688.8205,482661.4176,432406.5398,418247.0389,562584.3369,453376.9219,352761.5124,460240.2185,427990.9285,440321.2814,476547.8411
"carnitinamide",3652982.63,3774974.364,3711205.809,3500174.441,3669234.481,3653766.069,3471776.556,3742402.931,2895923.787,3193578.613,2861628.883,3002700.877,2770741.733,3116890.079,2970497.581,2820058.542,2772658.834,2975644.887,2726275.465,3005158.94,2919623.841,3141406.448,3329549.731,3091143.547,3388537.026,3477633.096,2920302.888,3109050.175,2941922.311,3574399.272,2918690.768,3125350.46,3105915.909,2879090.503,3223892.997,3249116.028,3595400.526,3415408.979,3603202.29,3575230.974,3907107.915,3204082.653,3702236.418,3872151.71,3028712.098,3183509.441,3144902.133,3033047.075,3642088.1,3385403.373,3304206.944,3476431.881,3266392.647,3233543.54,3476166.661,3161823.014,2969183.282,3209119.295
"carnitine",19247251165,19505338581,18724817449,18144045746,26209921884,26327391246,26269454747,26124140876,15383570889,15677264159,15368721621,15261458200,15981048498,15806791754,15161469951,15505996032,13341732102,14181055487,13758138132,14423869704,20111724864,21031304665,23089963071,21115890184,15860161454,15977017350,15679155761,16594564249,13014342872,15577321907,15328804181,15619209559,11145092474,10931922627,12173835776,11286913287,21953684657,21664966753,21655903415,22494821658,15830683001,14894974250,15543937545,16730177040,14058631870,14195457308,13506517339,13803969231,17653639983,17665662830,17369198635,17606138771,17147076423,17463477376,17130543953,17467309547,17225723753,17159632301
"carnosine",12296394.57,9424707.419,8060542.259,8266902.16,9401332.127,6944219.122,6698459.618,7456322.685,14076072.54,11535230.05,6271089.982,10375805.15,9983637.226,7884044.051,7698529.796,8038301.02,7000794.843,10622253.29,7744671.033,7984487.368,5417246.574,7094633.985,5490880.496,5530048.618,7447925.731,9757170.782,7710261.076,6727497.467,20442713.38,16658203.82,8114852.032,10732441.94,14579922.46,12489029.1,14903781.75,11581214.77,9420814.96,8019834.099,9804113.453,6754606.195,11859307.12,9398773.733,7497852.37,10969095.62,8128609.479,7511987.085,7631559.385,6536253.75,10206817.76,9635569.433,8852536.177,10591547.57,9252620.366,9556355.767,9922830.778,8950016.884,9367503.566,9800645.3
"CDP",9443503.169,9695602.599,9488327.01,8317746.404,8272370.271,8488586.114,8244517.022,7148225.996,5244211.901,5328386.323,5176045.57,4785505.052,6142000.772,6634732.114,6292953.52,6380755.237,3382754.816,3704469.843,4699510.362,3746133.109,3284554.235,3570758.983,3751953.85,3681136.519,2685865.497,2652937.53,3847244.592,2674472.399,2795222.373,4054868.497,5610529.946,4396661.931,4865772.365,4280719.726,4739960.59,3894150.418,3673503.928,3984214.432,3807491.189,3937293.862,5706780.789,4919975.519,5447955.527,5343727.844,4785810.692,4589448.344,4067479.607,4375658.652,4603251.173,5018847.878,5223637,5220954.901,5353691.408,5070542.185,5743439.977,5534994.13,5557983.473,5359922.984
"CDP-ethanolamine",12578997.27,13579762.76,12986372.65,12209128.69,865360.302,768817.9575,831521.2013,784239.8453,1104149.864,956489.2436,859354.3764,968332.9784,3392753.604,3404086.024,3012089.058,3299183.62,7831181.113,8181701.046,8038917.784,8496423.147,369452.4079,436817.0047,452437.9262,494371.7017,1323796.869,1569022.249,1396783.588,1423282.525,2909614.727,3794473.956,3709697.481,3856108.883,7210393.326,6786601.328,7542399.243,6541269.148,683802.5536,591430.0493,450967.3996,615100.2995,1372699.132,1428253.66,1164599.883,1347514.154,2736575.434,2664722.679,2400425.905,2504894.378,3809521.448,3904824.095,3644377.466,3855678.532,3822944.061,3909949.576,3702923.25,3742064.804,3412615.161,3592951.048
"choline",894128758.9,1059944269,993103369.8,812703482.6,420547286.8,442798206.5,421288031,395430676.1,539215546.9,495770226.9,513506437.4,579663889.9,678537589.9,772801485.1,684703212.5,767106693.4,569321800.4,707935082.3,681499128.9,672739899.8,206354123.7,236723087.3,222978097.7,202342886.1,446585479.5,448224554.2,458063604.9,451118707,518476668.1,632789461.2,717855068.2,680074042.2,695429929.8,645849021.9,639785938.6,644512815.8,267466679.7,267962967,264066182.8,249137005.5,617345489.5,549944679.3,511819147.4,429506052.8,786077309.1,796195654.1,582648517.7,778344911.1,604320122.3,582718365,598841516.5,599586174.4,595345745.6,608327577.1,571297777.3,585944092.9,593643658.1,556274839.7
"aconitate",91227121.67,87750484.94,77590558.84,98487326.07,120066605.9,115201014.3,95431779.04,105207751.2,81709811.51,79740867.53,71516104.75,81387241.45,103777623.7,99081749.85,81773157.31,101446638.1,51579764.09,47486795.8,40830481.37,59336730.69,77572791.47,92141861.39,94933339.47,87346934.03,94334783.71,87620004.43,74267229.1,87326455.99,74100389.42,92994455.34,81723623,87786068.92,57122023.53,52187754.92,58808219.64,57344483.48,121385539.9,123087564.3,120237807.7,120174832.1,117461202,103130913.2,107830603.4,120250794.5,110838307,114482760.9,101443794.2,103949259.7,94123197.17,93960153.54,95625927.37,93575443.06,95427426.77,95546917.94,91800595.68,91534353.63,90651943.32,89003526.22
"citicoline",26216907.52,26760421.65,27612657.7,25780978.67,3418822.731,3823771.584,3490010.042,3242156.817,4961894.182,4690280.517,4993971.178,4828231.289,10182256.27,10195978.27,9230822.65,9389603.09,23155707.4,25000480.51,23379987.97,23780125.26,2090104.635,1849939.216,2511496.968,2156488.651,5202685.26,5154721.854,5594493.982,4986165.917,9997434.568,12456944.55,12248258.03,12176499.45,25003302.73,24550688.13,25348121.34,24880240.46,3242667.704,2943884.509,3339737.188,3164405.872,6355230.128,6107087.762,5728159.534,5746303.425,11327737.96,11685314.54,10451245.07,10476667.64,12632961.03,12037020.85,12679611.22,11997378.85,11661565.81,11871708.98,11390642.56,11193352.82,11597713.11,11197220.06
"citrate",2187070956,2203043273,2184242278,1967204606,2213563310,2395113420,2276258548,1790829233,1889362967,1912147699,1773353872,1620269819,2081613177,1805947572,1635107455,1841263962,1369922424,1447114856,1396129840,1522696523,1739813904,2018919851,1984846898,1942886371,1786952621,1688071913,1920424642,1848104757,1770508573,1891920862,1930307872,1995246255,1562646491,1684337510,1798293403,1505798767,1952470723,2056869001,2110477780,2144472252,2516914477,2011223833,2299778644,2590911964,2162617060,2075628128,1987021559,2136256461,1656562389,1837195291,1894609372,1883412289,1953999970,2072208678,2081345177,2065104696,2237063064,2125903436
"citrulline",514024322,507001076.3,551503662.3,483751307.4,272896668.3,247060110.4,250669266.2,257547930.4,278332714.4,257085817.2,211062754.9,239323985.2,284343396,259046021.6,235810162.5,248348759.3,421953919.2,432679359.1,459015561.8,456270522.2,200567476.2,236222917.2,235360922.7,218823226,261216115.4,254139092.2,261845838,239901039.4,336384005,346669398,288735889.5,294631178,451383181.8,437357463.1,485050941.2,425015565,243040844.6,232834422.8,258222787.8,246537506.3,281572896.7,227988150.4,238011607.4,281396003.9,253204558.7,258878484,271741538.1,243576629.5,343723837.2,349298539,342729563.3,341361181.6,335162660.7,341969249.1,331906602.4,329001555.6,322082255.6,325967710.3
"CMP",1932114.089,1899863.344,1925121.931,1413232.068,2063193.194,2044475.472,1486348.079,1629356.166,944554.7897,936242.9601,1284307.476,1411078.916,1557787.176,1322591.691,1457574.745,1274014.265,420035.7125,614416.0223,761846.5898,671146.3034,607653.5329,748017.8129,1073563.307,1155925.7,562690.0977,616186.7512,663219.7501,685259.1822,529981.6049,681171.2264,859330.955,547181.224,739141.6886,655488.4753,759494.7366,507983.8785,689867.6329,576596.627,824235.1037,917970.7274,1114397.319,748586.8226,1159851.813,1185036.918,725348.8999,731557.3431,750103.9404,535612.2001,866456.572,775969.3615,862480.2201,908268.5021,1049419.417,1009902.67,1014817.93,1275770.361,1044707.289,984947.7758
"CMP-2-aminoethylphosphonate",4234541.821,3949939.415,3508288.698,3728231.373,788386.6641,836987.5192,465851.6937,596926.4319,1123617.189,1000053.748,1035054.898,1286990.291,2779324.638,3091528.036,2558884.05,2860053.926,3309665.687,3724616.591,2894662.237,4149619.246,317226.2048,228482.1584,357224.7366,258703.1956,1497865.432,1666217.622,1597864.001,1602741.59,2406322.28,3297590.386,3550959.625,3325910.115,2722241.391,2836787.753,2699932.512,2498286.248,724949.9809,711397.2466,283327.7891,439787.612,1093502.9,1349967.84,1414359.198,1330850.924,2241759.673,2121790.437,2197951.683,2493040.864,1839210.262,2105956.498,1892078.866,2114992.73,2403498.371,2188078.163,2092160.61,1759231.594,1889714.123,1703316.177
"CMP-acetylneuraminic acid",8587555.559,9245564.414,8872426.495,8705121.532,8281261.611,9044656.085,8758335.721,8695021.243,6174711.817,5987383.482,5731322.631,5774160.053,6890778.082,6906046.822,6350921.017,6579564.081,7654545.151,7961268.214,8155680.755,8009407.019,5993586.937,6787313.611,6914649.071,6777152.842,6504408.135,6364210.66,6365876.062,6269231.974,5930520.347,7649550.805,8053205.414,7656199.872,7162067.75,7260124.034,7727709.595,7101475.822,6721337.878,6940559.778,6926580.576,7026489.16,6446795.66,6197527.653,6544235.534,6792888.476,7492959.59,7769937.024,7188279.625,7047842.238,8099766.692,8029074.454,7775910.939,7817774.131,7513292.753,7807888.393,7317719.557,7535099.905,7225331.358,7420156.41
"creatine",42067461898,42558771163,44309222567,39375206100,52052959969,48927708718,50747733751,51483188526,46393353795,47545775737,47295597255,46982261357,41736184125,43026429872,40484732077,41885225498,39819001655,42887198635,42347013027,41830619923,44422921193,48706315988,48724175428,47205342041,46636950783,47179473309,47229221690,46459299720,38728736146,41587476624,44703742748,43998911404,42453910690,42002239363,44823390045,43872137049,48966216842,49898064955,48252274475,49866313683,51233839608,49783124859,49476750368,50240417113,44451470219,44696977553,42328524070,42334874728,46386174914,46161831389,46003960731,46355954032,46934632109,45634382706,47172899615,46766220601,46255878089,45582547814
"creatinine",2134872728,2061113560,1975477870,1837218461,1883395779,1817091278,1684553718,1756846273,2030965180,1852557587,1442433604,1677508463,1759429828,1689309464,1469439008,1703895076,1654714807,1820662462,1690411284,1769075576,1269129029,1601138061,1567800238,1450305840,1663008181,1742146535,1578081306,1508640218,2129394358,2376990733,1755783086,1939049452,2118950147,1997892166,2259743139,1930495505,1662048924,1698720415,1767966225,1630537027,1923377898,1625454250,1576348055,1824428866,1628237328,1677110621,1565531153,1541578497,1910866252,1953990602,1901605941,1932947641,1964414762,1867036627,1871464061,1737624364,1777571482,1800494142
"CTP",22803215.14,24795638.5,24766188.42,20055244.49,21199400.65,21903176.2,20567036.28,17519496.95,12161191.15,11982501.46,11854035.7,10492617.37,13450076.26,16413115.16,14662183.43,14902684.05,7585155.358,8830430.93,11381862.37,8459881.492,5982387.501,7455469.691,8070164.793,8228779.273,6060980.713,5643742.891,7472590.032,5628275.318,5758578.401,10254041.37,14558814.06,11483150.15,12149162.57,9979869.547,11919422.9,9556347.368,7799017.272,9636016.66,9174341.699,9195684.98,12877612.79,12528410.72,13467508.48,12843899.09,12531719.06,11667446.29,10229228.05,11637821.5,12559582.66,13459462.16,13515098.89,12800722.3,12385172.79,12513502.53,13639238.83,12653291.24,12676055.33,12010363.63
"cyclic ADP-ribose",25216896.76,25893144.16,23525464.98,23123681.09,19279272.09,18812394.24,17661155.83,16812593.36,16011716.72,16417182.81,15810863.74,15667301.39,18211951.98,17825769.78,16475607.08,17523093.24,19829061.26,20786889.33,20119455.17,20494015.8,14493653.46,15913084.44,16481107.31,15904984.96,17734132.2,16763178.94,17337595.4,17387515.03,17008754.12,19691385.89,20482563.89,19927687.08,20369615.78,19452257.83,21158440.43,18481828.3,15724711.56,16892494.64,16625631.58,16796199.35,19396092.02,18738478.25,18502673.27,19220324.28,20635753.43,20968265.69,18834786.62,20426778.47,19967248.58,19283467.7,19695331.48,19745633.12,19727095.05,19370746.65,19168505.46,18207296.73,19304333.49,18801300.93
"cystathionine",9559886.105,9876078.318,10853868.16,9813875.759,795112.4304,821179.3666,780338.8492,837216.905,274066.8456,378814.1377,315651.091,237971.6568,221366.4225,215252.8059,254377.6355,184291.3159,7487839.666,7063474.162,8039437.804,8110396.374,662070.3239,678978.461,756237.2184,753083.1262,517034.4507,559078.9548,496328.0639,523338.0215,257230.9865,441359.6044,354754.5379,295240.4608,6323064.5,5781758.241,7247428.961,5985285.713,765409.4828,777940.1667,732144.3586,823189.2052,475078.7349,462091.9708,636326.4111,557752.5154,263556.8493,230695.8588,311676.3318,322047.3284,2654766.801,2645684.096,2661642.592,2621847.307,2701007.788,2582671.752,2265658.357,2410535.998,2445977.043,2483876.224
"cysteic acid",117150.7998,151930.6589,217783.5025,101612.9174,342408.9028,421127.8697,335782.1683,302799.1631,273432.8056,284443.715,326815.3336,228301.8394,320292.8597,333560.5236,391337.3634,347721.2611,112809.9281,95755.01812,169166.9017,111039.3838,291872.464,203715.5387,410746.4678,347872.4238,254516.9364,256952.9702,488691.3384,478206.731,304610.6082,472870.8293,463542.2514,514862.2652,191150.9859,102830.4403,170880.6228,182716.0049,230445.042,361249.596,452450.3346,474777.2805,483885.7866,327681.6482,451221.2654,514350.5436,526361.8437,565210.6181,416941.5994,563549.551,301514.8398,417695.4928,369317.1972,302193.7114,254015.2559,377679.7281,333327.2778,342404.744,352523.9433,294815.4727
"cysteinylglycine",31997745.25,31756251.51,31236287.96,29690635.61,19434527.6,19369924.76,18705852.37,17890299.94,11174197.35,12280305.82,11410205.87,11632505.5,12760134.15,12114797.84,11535057.62,11915424.83,22798822.75,27261990.4,26473774.5,25449966,14601720.66,16108528.35,16608252.13,16806744.77,11548964.97,12112787.4,12104047.96,11866592.96,8637669.52,12053393.79,13435834.55,12915227.05,23551510.89,21805650.04,25396694.07,21402524.36,12403449.01,14025900.74,12486161.21,13619740.58,11114648.52,9424323.368,10596592.12,11133193.34,10099405.47,9773710.579,9718457.319,10032434.13,17686437.99,17372765.05,16997731.91,17165982.17,17729648.49,16490734.2,16802488.44,17744519.55,15714482.6,15691506.24
"cytidine",4946682.543,4414209.306,4697393.685,4069141.565,3811781.881,3861829.382,3338440.066,3315347.013,3292586.945,2504567.988,2430067.829,2511690.541,3651587.581,3177423.291,2563299.082,3393834.98,3105209.895,2926377.847,3560966.788,3554042.682,2166567.152,3213729.706,2280914.947,2030511.432,2322590.75,2048627.125,2163891.069,2218604.94,3135294.805,3752649.762,3637769.572,3482422.249,4774950.33,4203040.862,4885231.067,3933712.911,1854729.123,1854467.279,1972741.224,1801604.523,3789719.48,2998163.119,3295515.033,3475780.191,4909735.432,4417313.574,4455940.968,4401757.322,3434256.169,3438523.201,3582599.422,3415491.886,3592366.456,3325634.569,3157346.563,3352402.842,3297521.068,3398255.95
"cytosine",4184465.227,3547233.797,4302728.391,4122094.936,4166361.484,4106824.407,3945232.35,3526090.461,3793299.409,3032033.147,3163492.713,3187804.4,3881897.31,3378478.912,3116828.562,3691239.921,3387371.881,3638144.576,3518572.761,3404881.03,2876986.48,3776738.688,3273976.068,3085736.932,3098394.138,2971878.432,3186251.286,2882018.32,3474653.98,3490329.218,3544076.949,3475633.592,4202929.188,4409020.47,4430862.745,4116474.534,2737323.005,2709475.785,3052382.249,3080062.387,4200163.95,3582034.306,3114176.652,3826188.603,4176806.394,4055747.266,3958340.733,4087942.465,3536309.856,3710378.808,3624373.163,3803871.358,3663196.682,3693855.362,3547869.042,3472993.911,3812976.097,3994803.594
"dATP",617047.0009,851025.6025,905421.8883,619570.8875,365659.5611,509090.5776,410861.1168,472417.3395,168956.3587,249641.5931,193076.9656,123754.5347,150992.9562,250327.8676,290900.4741,282182.2016,153190.9703,291405.9536,329156.6638,314212.8146,101730.1677,192028.8938,155022.7731,82365.52481,82688.99174,147443.5286,40724.35938,41262.29007,58242.76371,295575.1998,212855.5068,183303.1599,498884.7449,358856.5632,397436.4396,277944.4171,118987.5554,118282.8052,89735.3689,145560.4374,224015.6023,269007.3858,269822.0512,276700.9651,550836.9473,419064.1759,341323.7167,353197.4129,367199.2666,357863.8546,343673.3621,292410.6928,351629.7903,164471.4064,389237.7076,394198.5726,267521.4385,242362.0247
"dCTP",751580.9939,862601.0359,897061.2447,804557.229,630371.0601,550405.1361,463799.4784,474160.3486,519525.7967,209871.1916,409826.7509,363391.3733,357107.2089,476614.7502,316134.2042,322387.925,124020.7657,215491.3881,315514.0851,200642.1401,20193.65658,88367.13231,126238.6436,130199.801,70691.01414,115895.5675,87628.77565,51842.82979,136916.8649,256348.3864,289527.0883,406850.6012,350528.0893,241977.6952,380661.539,216831.618,99913.66268,119417.1297,155218.713,169913.7698,347825.1154,462967.3979,366463.4004,354946.7367,431837.1788,214629.4172,339564.4451,495573.8551,412304.4892,364621.3719,349059.7372,377775.4313,223417.1733,293176.1784,377323.6888,274138.917,319984.5618,335088.482
"deoxyadenosine",678489.4081,725279.7254,601473.2,564010.7967,891907.545,774504.5208,662448.8108,1113942.55,481557.3735,408172.7115,221188.5351,484818.6466,673057.3128,377811.7502,489137.0143,663985.2511,564113.7492,456505.0713,406196.807,364321.9356,390028.2407,661834.4408,404273.9171,460745.8209,391420.2316,310248.1536,262799.3355,393692.6288,392225.2727,425364.466,403760.5451,559469.5044,743772.9325,572369.1995,973473.5548,861083.2833,287642.1673,258995.7579,323605.9126,341825.6329,683730.0183,454530.1953,492147.1966,397362.7328,649715.1724,810252.3325,608408.1963,594098.3609,497040.3093,675179.249,679690.6331,532980.6268,557945.5445,481229.3679,579852.2387,595840.5563,519091.0625,415092.0503
"deoxycytidine",7517962.939,8435281.144,8641200.768,7068735.924,7612674.509,5809321.54,6301096.546,6735867.021,3986182.826,4149035.238,4218545.096,3933255.096,5274738.15,4986807.283,4776349.866,5487394.403,5327382.757,4703003.283,5196879.381,5265514.228,3266648.678,3974747.41,3909655.589,3624879.096,4342989.289,4449287.036,4559547.148,3989447.103,4070150.101,4481175.84,4166606.81,4497342.724,5521710.575,5324824.093,6271407.325,5109669.649,4848220.894,4150968.598,4461423.717,4566005.152,4862408.671,4193765.067,4941196.578,4217721.861,5278209.397,4767962.321,4602222.81,4043385.838,5380702.425,5783406.279,5314993.242,5391353.168,5296516.3,5340480.069,5322084.49,5139188.441,5392244.521,5167676.266
"deoxyribose 5-phosphate",1098639.038,1022798.7,883923.4337,1052908.125,2286577.712,2433570.423,2258103.198,1861373.163,2092925.794,2194005.605,1857596.833,1888271.911,2710682.841,2655744.889,2476733.215,2498973.916,926385.0237,705440.0494,1096803.096,724813.1031,1707081.788,1913459.43,2038776.574,1814389.037,2250493.886,2149564.75,2486762.933,2306879.753,2329556.682,2864593.624,3179779.967,3130907.636,491061.121,532665.0305,534512.1235,695728.5604,1565937.225,1745472.256,1789315.629,1522389.722,2084053.388,1933631.155,1934561.075,2003441.026,2559280.728,2695624.206,2447601.575,2626387.838,1811832.476,1765977.487,1677434.806,1725107.525,1623248.88,1750142.828,1742870.81,1782228.003,1608568.917,1344538.388
"dihydroorotate",29532374.13,23936261,16576757.85,33194663.53,33355446.15,33866879.53,31617663.97,23772817.9,13097121.45,13212782.89,10493473.24,26681716.03,16478210.92,15371755.13,18243850.86,20435665.32,49044422.64,59195400.06,47751721.74,67140419.24,42610726.99,51328557.75,48564566.31,44470001.59,21802196.83,15456994.98,12955905.83,25142171.7,76330896.68,101324013.4,75113570.45,84738234,16366444.46,13277092.27,15472408.23,16017320.14,27734201.28,28249027.51,27780985.24,35270374.21,21296832.55,14886832.04,13636151,31111506.01,59871814.03,53876892.04,64927486.02,70881336.67,36597441.33,36329508.34,36452251.4,37610383.42,36661931.58,37222365.54,36876166.03,36652067.5,36179323.14,34324010.85
"dihydroxyacetone phosphate",48203741.4,47715788.27,48716266.85,46375508.99,54236604.82,48184244.98,50129708.15,45921988.57,38948712.94,34849895.1,33864172.47,30878778.37,64841661.69,51668318.63,47386040.12,51796123.42,43493001.53,43235737.76,40755737.22,46625055.19,26874658.46,29326138.78,33242466.13,31814718.07,48337005.01,47868791.81,50777963,48032690.76,43857092.64,62456956.09,58832707.29,62072566.9,39547496.17,38066111.91,43268012.86,41905819.89,49634723.39,47376105.15,49578109.95,53739241.14,54150439.08,39800713.23,46347665.42,53395314.93,55450611.42,58191077.38,54637973.67,50724134.05,47602959.19,52594884.56,53047652.15,52280234.69,50826951.39,53000715.16,52492497.1,54358183.64,53214008.61,52595898.62
"dimethylarginine (ADMA+SDMA)",11512732.71,10763140.59,10554643.26,9458796.156,10498976.36,10275542.15,10163748.83,9753700.132,7940951.914,7428722.178,6000211.507,6543744.162,7015250.006,6705098.181,5852556.944,7086012.779,7082970.869,7819399.739,7774019.005,7389245.32,6941820.336,8487844.841,8344882.8,7567919.658,7222306.194,7215373.919,6940605.569,6389870.074,8693234.32,9260857.263,6604063.033,7766316.242,9164857.071,8504254.205,10228612.46,8072168.256,8719249.149,8324034.63,7944474.569,8247895.791,8551323.915,7484689.931,7606076.86,8421579.403,6294531.379,6477395.139,6367048.764,6265998.883,8471511.675,8861621.255,9735751.332,9136890.965,8334464.6,8680781.672,7893057.885,8418349.122,8748728.544,8692081.81
"dTTP",6152112.968,6414802.567,6103960.696,5321091.208,4524233.851,4865530.647,4272102.678,4128654.336,2936928.208,2906718.832,2509595.767,2834855.467,3276043.766,3421385.437,3126917.245,3438624.864,3202637.489,3364321.614,3762114.663,3627061.393,2215514.913,2325005.403,2346435.454,2680051.913,1743216.164,1914166.192,2048648.432,1725710.448,2292124.511,3282310.007,3577948.643,2978801.604,3430071.262,3534985.703,3662754.368,3414218.684,2815198.338,2633807.425,2946391.539,2583149.969,3290304.615,3032379.153,3018591.861,2957580.091,3325786.008,3061393.915,3299676.086,3465061.094,3742592.173,3712997.46,3311343.402,3623584.043,3397755.891,3405113.457,3616837.315,3354168.705,3306916.325,3129034.79
"FAD",1137562.561,657840.8277,688419.8818,811636.0965,1390347.865,1616776.857,1295411.811,1095894.641,436592.5402,493248.379,592935.8104,712406.8187,1172766.998,1155141.276,1134319.569,1102649.929,489056.0063,424378.1281,502671.9401,340920.6859,404711.4903,875072.501,731278.2259,686378.6802,287991.3202,648289.7231,517773.3507,509915.3832,763388.042,1018694.124,1112269.271,558398.8727,440922.7181,850782.8032,793231.8135,740840.8925,1193195.662,938068.9234,799772.7259,1254774.121,1102919.874,1105146.488,936794.2402,741851.5368,1160021.838,1398080.248,1076769.794,1441959.938,1172771.721,972367.7382,911857.5079,909928.5173,864485.8897,997558.3232,664476.8683,955343.5357,982253.6369,948614.1934
"FAICAR",1707866.43,1526975.979,1784617.32,1513000.023,111856.9913,278421.1566,203496.668,51743.73981,66734.45906,0,51981.13566,22957.91347,122204.6015,0,44842.75095,0,1133741.457,1332355.524,1233487.459,1413422.795,28844.64433,57766.00689,87968.6974,55936.13835,74987.78202,104855.8419,44041.57776,59600.55572,97922.78393,78893.10952,87724.16512,87861.06866,840034.8797,781208.6646,1098571.72,1008014.061,165330.0242,101174.5561,164182.2942,247318.0853,129128.274,47645.17026,115982.7069,119142.6336,75033.57175,0,37235.66598,100037.9294,346873.3149,419697.9057,542993.2207,484126.7401,264434.8746,393644.9712,524017.0916,530119.1603,378534.4456,480149.3677
"fructose",7149914.314,6857515.489,6636590.29,6604582.935,8177080.878,7499583.385,7816217.092,8424683.948,10253000.2,9932856.525,8255949.159,8685938.896,11453201.42,11324775.32,10519457.14,11071857.86,6449949.99,5412455.406,5581814.065,5316099.062,6413833.801,7431266.778,7283341.793,7270440.074,8773298.797,9059753.928,8627649.34,8169649.697,12851302.31,13185079.51,10228557.53,12307384.95,7813636.279,7535180.398,8386295.319,6800294.805,8823229.928,9281910.375,9536129.395,8410848.775,9162579.119,8571784.77,8060580.91,9568235.595,9327993.177,10568161.91,8781311.363,8106217.264,11470047.89,11534319.86,11463774.35,10511917.03,10386529.87,10095546.05,9756754.483,9320189.149,9237363.681,9192530.513
"fructose 1,6-bisphosphate",19418972.45,20718444.34,19949918.38,18574793.44,18287566.51,19132677.84,17068438.91,13222881.7,18826582.16,17406903.12,15872997.12,12824321.75,18172868.45,14749759.99,16241949.91,16260560.77,18426459.34,19922200.85,19495510.19,17877510.8,11610704.97,12454962,13945089.07,13920615.9,14535691.03,13671643.71,16173178.73,13240915.53,16524191.13,22417218.6,21075374.16,20876841.36,18445599.71,18607405.03,19923596.68,17974822.56,13470131,15413213.95,15777624.91,16919777.09,17077619.28,14859561.93,17499070.61,18580914.73,18990810.84,18093050.86,15843527.8,17598607.03,13188256.5,15463504.15,16646312.67,16814368.11,18011161.56,18177378.21,19210742.71,18743967,18365278.67,18106073.8
"fructose 6-Phosphate",5863430.458,6106524.756,5305777.412,6287599.845,5487690.326,5658242.114,5172971.95,3919764.778,3728022.185,3348364.888,3470393.085,5574044.93,6202292.317,4722387.783,4708646.942,6074644.517,5231608.812,6083146.215,5583487.507,5940245.733,4513902.662,5070438.764,5396955.208,4864506.938,4439962.467,3671535.903,3620314.262,5078080.506,7230009.97,8927860.858,7698596.228,8558640.059,5274951.113,5639668.213,5626348.451,4948783.876,4843243.973,4759359.615,4562586.152,5351024.062,5767906.995,4566164.302,4098796.003,6637771.447,7347487.449,6805540.125,5790271.864,6948757.586,5731778.367,5866099.071,5934649.702,5651334.032,6074823.947,5659549.447,5536595.144,5479412.809,5552664.019,5382105.196
"fumarate",148577247.5,156891802.6,129523923.7,134152970.8,109562452.3,109240298.8,114078668,110202248.4,101785175.4,108855578.8,100198798.2,109444674,110685996.4,120643878.4,105288674.1,115388987.3,126220906.6,138995558.7,125635301.1,141485977.7,102819802.8,113721737.1,117865143.4,108986923.6,113063342.7,116835979.7,110169889.6,113304654.7,88745069.95,100018702.8,89473518.8,97309042.32,134926392.1,136402722.1,131401793.6,139054239.2,123903996.8,119549202.2,113259057.8,124891666.1,108263328.1,108134617.5,103801581.2,111129408.7,107872105.3,115130421.1,103550777.8,107696509.1,122964782.1,119788514.9,119709568.4,116336889.1,114642414.3,121464353.2,116493790.6,119608388.4,114583546.6,116169866.6
"GDP",9463336.5,10029568.63,10187021.08,8214541.253,10625347.55,11302304.8,11187197.24,8170975.089,5792181.021,6050523.171,5212994.355,5644629.927,7494988.891,8130321.203,7716963.266,7669327.912,3974345.411,4642238.727,5825057.819,4281144.284,3518956.542,3827852.977,4011368.13,4407681.45,3030855.069,2707954.075,3982740.035,3524703.947,3680282.403,5583134.78,7431112.937,5725484.26,5597575.831,5057149.836,5702677.273,4337124.244,4054484.969,4760942.82,4722305.077,4876297.596,6474575.088,5831500.903,6459701.918,6322567.792,8626888.335,8062420.175,6628250.011,8253274.048,6014787.284,6318468.449,6291498.542,6250388.659,6316917.593,6132376.145,6753368.449,6470842.696,6457021.586,6317415.723
"GDP-hexose",1210532.895,1260952.172,1088127.708,1073710.732,1416748.023,1267340.322,1214269.781,1090011.863,1252218.893,1257215.142,1151629.097,1232690.397,1202002.821,1302287.444,1267647.158,1360094.757,928699.4341,1237844.127,1044829.717,972712.8567,836247.3975,866071.8602,860812.2428,917940.2535,919255.717,962904.6902,896161.1816,833369.1421,1153815.19,1446857.457,1441898.672,1375529.69,1204143.18,1181487.19,1232535.744,1201372.49,1083198.169,1174907.13,1010223.209,1071127.054,1476181.72,1233057.589,1317241.922,1388895.451,1404885.281,1529458.741,1393897.994,1718374.76,1291323.63,1244992.251,1306089.19,1347583.906,1328217.969,1347018.995,1326390.382,1270742.44,1103185.965,1138856.14
"gluconate",4144929768,4045607056,4024536999,3729732460,488873678.2,539859849.8,538221031.4,437969968,366802048.7,334975102.3,326748501.2,310699192.8,263730955.8,251336478.1,264298025.4,257185724.8,3280513541,3395646494,3412855028,3525569157,481746533.1,570518787.1,591504830.3,615113743.7,380663565,373640781.8,392047083.7,392186181.2,270053325.7,373828394.1,373673222.5,328573129.5,2906469927,2715396151,3234005535,2765152072,558068474.1,581904702,603703891,612569552.6,425571417.7,382694281.9,437871351,449807973.4,350226885,323379302.9,298468325.2,353501552,1212722109,1262504348,1243723797,1247379292,1218382948,1233189030,1272354644,1235047019,1190164889,1180594421
"glucose",34773270.54,23674645.66,20260292.38,19698482.61,46668882.07,40522949.8,32713891.71,45568602.32,71715829.51,52858131.02,30623926.37,44048817.3,48974231.01,40681888.35,34257441.17,40884671.6,27815701.91,29618060.83,23296506.52,22545853.79,24367408.48,42001764.39,28571481.97,25156560.64,35659915.43,41415152.59,32930990.74,29566973.57,109247378.8,91709179.14,44084958.61,60659597.83,67811071.43,59942115.61,67526708.01,49200998.97,42601849.86,40312025.24,48351106.92,35350801.33,54513002.91,42115156.36,33749717.38,47691686.42,39639938.05,39198434.49,38142942.81,28808748.83,47035679.45,45440845.36,45616264.07,45439544.98,43538165.49,42803375.89,42588304.15,41187008.36,40636526.86,40090718.01
"glucose 1-phosphate",2763378.386,2726371.495,2824581.093,2711731.433,1255503.789,1161586.369,1334981.608,1231071.905,1184935.375,1079960.074,985877.0195,990972.0257,1307523.173,1239685.098,1149595.985,1090287.218,2289579.499,2578640.868,2465940.067,2464443.939,954868.6606,1251382.163,1258192.651,1148587.707,1278520.416,1177409.308,1520225.733,1287460.082,1104651.541,1643545.759,1801384.615,1825777.703,2351884.43,2290899.321,2702057.151,2387790.525,1253755.432,1373446.154,1194605.036,1380130.01,1374778.06,1347410.481,1448937.137,1276739.292,1862290.667,1700230.63,1518090.643,1740951.382,1658466.932,1854700.489,1649494.669,1708453.81,1747937.598,1915662.568,1722321.434,1717941.988,1722029.316,1674021.406
"glucose 6-phosphate",11404186.33,10702591.71,7999156.689,9779368.047,11153202.85,12037559.19,11757115.14,7541855.56,5626900.821,5046088.965,4088309.11,13777244.21,11893275.85,8681082.161,8264108.881,11241321.67,9788242.82,12072853.72,10858435.02,10796423.35,8894280.861,11019438.35,11021662.67,10034912.34,8214904.593,5164730.703,4056449.979,8427994.997,17834590.27,23193979.34,18708806.7,19578465.28,12066978.53,11585296.58,13426275.12,10870051.6,11105848.35,9861916.152,9986648.659,11264975.74,14406427.83,7248022.342,6096548.259,14212533.51,14744326.02,13967142.13,11703347.34,14449810.9,11559989.19,11231621.77,11528466.55,11549650.92,11364969.88,11240271.52,11295070.18,10893623.49,11389456.77,11325683.36
"glucuronic acid",12600218.23,12245763.89,12387083.69,11686302.44,15936842.36,16231129.58,16443943.55,15821095.25,9148058.456,9132594.35,8961547.291,8684019.977,7299738.194,6888707.374,6883288.8,6814300.25,8972430.299,9092983.999,9175896.804,9067574.003,11985136.18,13457522.91,12511149.23,13199819.67,8418152.398,8616886.787,8995021.21,8395670.892,6556648.983,7582786.071,7388548.341,7606454.381,6962159.843,6418129.336,7807130.631,6791792.258,12656343.24,12729479.85,12949379.08,13405979.37,9001300.785,8494207.686,9235288.146,10903383.14,7182577.006,7683234.85,6950235.319,7006721.566,10284895.69,10673315.56,10140309.67,10268058.06,9963516.782,10379075.49,10309572.1,10354034.68,9888526.675,10258948.13
"glutamate",9440272346,9759993759,9133879986,8850900470,9911932591,9746117897,9975605144,9429208419,8989553895,8791560756,8723336724,8751676822,9331142124,9626064114,9296848308,9403809665,9020588264,9489256587,9147863047,9316969812,8428825639,8879222317,9407760351,8992964117,9693102381,9903239332,9547238137,9777023036,8543055567,10425465613,10405679377,10270831824,8686702268,8404744977,8945310433,8753270953,9181459621,9346518299,9318572589,9549059838,9549933189,9274784516,9266151811,9793608850,10045405448,10027216949,9521965861,9752879532,9893189018,9700346628,9632622352,9779082410,9865112348,9835164794,9821210795,9402098156,9599155387,9398719033
"glutamine",1471456433,1418189892,1223151826,1219485833,1140281816,969633144.3,1027344655,1079043561,1527898049,1212101351,1074800886,1184642953,1183441444,1009971290,1061329257,1032707702,1679048103,1732164364,1651131338,1548262376,585138105.6,650152356.7,652563420.6,611572238.9,1076008148,1108167451,1124534017,1030775282,1549086074,1590499971,1321787577,1394471767,2085206708,1902845409,2110041427,1997734879,1023122961,890530634.2,1050488223,938631193.2,1224852028,1054604658,1009588409,1184273840,1137946563,1148735671,1130538010,1058376201,1293948905,1272605245,1328594486,1317064785,1315701954,1274520667,1295160792,1294231930,1274995933,1216509874
"glutamylcysteine",1283595.562,1429547.458,1221675.947,1021375.217,963668.7469,1066187.35,907929.0245,853318.434,666198.2438,585220.4993,499275.8389,414459.6176,460131.5474,450758.2414,327280.6422,399358.3762,960473.7877,1219082.571,1257260.361,1136461.832,497437.6622,644050.0765,693344.7546,538255.4233,377268.5448,426985.7271,402384.9406,377865.3132,189698.9856,453134.3322,380833.1316,427594.4068,1052383.084,1059517.377,1103880.996,1058072.403,671163.5584,624520.1205,600830.9593,674945.3485,422023.6468,370486.1201,380282.839,473852.9238,312150.1791,152873.5118,173258.5716,245681.1615,747150.4473,654475.3356,712141.2622,710046.9357,721204.8698,758519.9966,695285.4103,645739.1064,665747.7571,689124.3821
"glutamylglutamate",3279807.583,3198733.472,2918721.271,3079248.398,4104506.106,4178792.241,4340966.809,4042664.528,3173470.609,2978649.928,3278838.083,3007447.406,3597225.819,3603326.201,3281513.108,3570471.403,3263009.205,3288628.079,3140905.996,3134353.671,3230836.223,3553439.883,3573979.386,3628658.916,3093186.589,3241642.698,3421841.403,3274878.851,3103455.613,3667405.946,3737495.468,3657585.312,2790490.981,2982167.416,3184153.181,3126948.704,2942112.959,2929437.982,3040351.351,3080252.118,2952183.567,2675869.878,2814241.009,3072451.637,2965741.009,3132991.63,3076690.595,3100141.391,3382498.984,3238790.674,3301600.203,3388748.888,3356304.974,3593910.31,3267556.561,3268154.755,3400044.804,3564351.906
"glutamyllysine",741798.9636,660027.7549,624213.9302,632139.3561,504718.0669,606819.5721,520637.9319,788245.4865,592303.4688,507586.6444,489055.0906,430673.6481,673544.9117,654308.5763,473550.0588,516979.2419,615807.1299,639419.4957,597561.3377,538175.2965,338292.9392,345494.2057,320691.4314,324583.6192,489424.5708,506965.7711,289021.3909,373805.1589,505838.2154,556531.636,555301.0079,695259.9841,767942.3253,614079.0175,765908.9369,733277.4528,209937.3404,263572.2002,203884.1005,245840.3008,610906.0554,467982.1041,503266.0442,587676.1225,659732.9172,582540.6997,558261.258,513491.3785,534608.8137,671127.957,676433.9584,538991.7898,545999.7533,595725.4968,529038.7272,455477.9463,689833.6176,528810.9143
"glutamylthreonine",4490947.651,4162550.475,4121329.128,3664310.31,5166655.614,4450154.007,5046716.192,4183535.182,4249325.193,4529979.303,4550814.385,3823135.252,5429768.809,5442406.877,5054613.267,4994507.561,4488996.037,4333357.605,4559996.949,4668720.795,3740412.447,4102749.243,3687227.271,4102467.146,4042698.227,4584424.99,4846438.363,4471809.539,3536235.265,4849121.359,5530850.429,5149068.499,4043015.992,3855080.914,4005166.923,4601625.025,4234016.163,3981956.856,3832415.852,4364477.888,3852411.829,3738317.915,4566404.26,4446882.864,4527964.672,4601604.979,4743552.727,4455035.733,5053425.999,4891291.556,4735799.222,4915808.095,4946908.31,4461909.282,4503697.918,3979828.824,4314860.415,4707158.416
"glutathione",3989487242,4076918992,4059841884,3844185983,2796134098,2761604201,2688845258,2668943369,1753828738,1827078670,1755856862,1764528406,1774612402,1751266478,1633636636,1732190604,3177934097,3354795161,3271390671,3432493729,1996904022,2238135115,2341404105,2273985972,1725193001,1636425134,1730616742,1732917697,1434609644,1772602253,1886915570,1811694712,3076586695,3043667311,3299704306,3012717489,1925673417,1951422983,1948334924,2077652114,1673484920,1521380130,1673680373,1727666805,1493398530,1528949193,1482927501,1555187226,2472913525,2437328703,2430385796,2442736919,2390501456,2377212781,2376510758,2349585875,2371516263,2346582969
"glutathione oxidized",10344006.97,10985285.14,10068454.15,9722129.991,5862932.71,6452173.624,5541055.024,5893439.125,3295511.728,3355353.783,3691062.555,3298055.596,3428831.739,3079704.263,2711957.939,2878258.431,7891390.049,9521306.52,8364324.276,8329243.616,3729674.45,4470656.257,4670770.232,4457677.555,3023585.773,3250535.068,3709003.309,2978237.134,2531592.749,3344854.814,3586150.31,3323670.865,8052679.751,8863068.584,8991507.274,7448352.706,4019913.261,3814096.715,3812570.841,4088239.669,3086228.151,2906658.618,3172048.704,3431577.195,2562501.169,2905749.658,3175208.997,2747477.761,5925329.089,4722741.846,5152905.049,5221284.575,5110507.641,5257336.768,5100994.061,4819064.593,5205748.47,5558384.045
"glyceraldehyde 3-phosphate",23119875.94,25199105.76,24446363.76,22604789.18,24118989.55,25355684.54,25128202.33,23548474.9,15263328.11,16618690.49,14875100.23,15059828.61,14733986.66,14729388.43,13486087.49,14469490.94,19276423.72,21161807.44,19230754.07,22252010.75,19918715.77,23349986.65,24260864.16,23362584.94,15443065.74,16087647.32,16462284.58,15834600.14,11867473.7,14858649.94,14591181.43,14709107.51,20826970.97,22279269.65,22867241.59,20677969.3,25839114.26,26005124.02,25849712.45,26502246.1,21536603.37,19543396.87,21011525.92,22231292.15,20019843.08,19742846.44,19324581.09,20381958.32,22147049.61,21015660.9,21171571.38,20275117.84,20334950.75,20811220.26,20414706.32,20983653.28,21508169.24,20609758.57
"glycerol 3-phosphate",26378998.93,26610105.06,27409635.23,25492697.15,7925395.909,7785969.054,7752796.639,7157492.836,13897064.91,12316927.16,12459789.94,11907403.99,17546688.83,15878733.21,15768800.27,16992874.67,25738509.27,26761721.96,25431019.49,27881727.13,5890613.312,6440353.707,6687754.556,6621561.19,13914043.87,12611217.31,13669295.6,14757305.62,18973169.58,25505379.76,25463979.12,25938956.51,24103332.99,24206295.92,26170282.59,26270936.34,7749237.947,7819037.652,8227231.501,8692740.533,15378116.65,13648214.6,15058840.75,17018404.47,21763441.18,21962624.61,20157679.86,21160899.27,18123143.99,18661210.19,18857153.64,19009931.07,18431047.85,18293686.29,18913610.4,18877816.78,18818793,18550764.25
"glycerophosphocholine",11825819579,11679451377,12511808616,11310127738,6913408961,6461910789,7289863729,7013270503,8639583415,8221134367,9446279025,9337163007,17828878912,17418122988,18185187381,18655619942,10620265380,10955738526,11597406421,11017878213,4585016054,4509189034,4966253619,4936501906,10350326687,10186443927,11130739497,11061523785,17498765085,20220215915,22113010394,20905584713,12759542465,11800501029,13882260211,12805428800,5543016963,5475900579,5805511731,5814299514,11297101967,10666701450,10732383683,11359169575,23156922520,23732794595,21950448183,22940673945,13038914299,12620591977,12835909437,12860988566,12778196343,12631655011,12806521771,12645526286,12322640088,12470450283
"glycerophosphoethanolamine",463214011.5,466740803.4,469562658.1,434485368.4,137141855.2,127817750.5,134355441.5,132990926.4,147582078.4,141997646.9,141611492,146893871.2,250622335.5,248135316.3,231188738.1,249084099,341733306.8,359434842.7,360586515.5,370639514,90412297.24,93293557.77,99255649.61,93546706.07,173051539.6,172773794.6,170447473.7,169804509.7,209337452.8,265202076.1,263057348.1,271498442.1,357108994.5,339325936.3,395666900.6,360657222.1,94138365.96,95357247.66,94546988.72,98623601.38,169843831.4,160977858.9,166758788.2,172929008.6,277605757.1,279879827.1,258774776.9,263165299.6,246343180.8,241738043.1,240026160,240030272,244908359.1,244694232.6,240545079.6,231937599.7,238986784.2,232631436
"glycerophosphoinositol",141554409,145317607.1,139984583.3,142650294.8,20909002.15,18606901.41,22529818.46,28701008.1,26196927.6,30375758.11,28717154.86,30546023.56,29712401.09,34039098.25,29472068.21,28922788.39,101568484,98514875.16,97432299.92,103712196.3,31403778.6,30992785.45,33146906.35,30818180.39,35380426.69,38518469.22,32442325.9,38323744.46,22339154.53,18690693.32,14911111.82,18443110.62,81736106.79,90683607.53,85321602.94,89195490.45,30244800.19,26447675.13,26531742.97,27982773.04,20346282.56,21628131.56,21021187.83,23244048.42,14858231.11,15902858.1,16753954.54,14315600.49,65125730.86,59068961.54,56844052.46,56387281.81,53770060.95,51613386.59,52159619.47,52058306.04,50172414.91,50662109.47
"glycine",33876966.72,32300830.36,33561324.87,30575355.34,3359159.822,2680760.521,2536249.055,2704717.049,3402746.4,3208786.817,2882604.557,3010368.192,3606414.277,3460894.967,2938357.611,2967429.791,26256658.68,24544195.97,28687227.5,30408115.19,2120227.509,2793106.296,2210099.288,2296444.619,3291756.75,3367836.991,2915986.01,3329115.19,4315677.346,4946749.363,4558030.229,4281498.98,26385777.52,24958769.38,26761248.02,25234074.89,2648366.454,2742157.212,2735109.922,2732100.799,3594031.732,2794282.594,3231736.643,3727664.073,4248443.035,4672428.76,4110667.378,4783390.315,10878777.1,10868789.57,10651982.76,10732021.66,10667152.99,10888813.56,9404896.83,11283249.16,10566050.72,9956076.468
"Gly-Gly",2155663.704,2360388.634,2537222.593,2215093.646,1013974.596,1057237.604,1116985.665,935426.3131,1006279.364,919921.8802,865114.5014,934425.9022,1011390.903,823912.0843,776358.3825,857853.4049,2036883.081,2133894.174,2111699.709,2345986.801,841500.3399,936198.5975,822851.2896,892038.9841,901642.1471,1113382.962,1015515.761,950276.2623,926020.5004,1106717.161,975573.6074,958721.3393,2256645.632,2557531.577,2512307.336,2350745.484,1110662.681,1083795.287,983387.7053,1059024.38,1094721.596,967586.488,1034011.913,1057036.094,1023277.848,1094271.06,990345.3034,933431.0686,1381885.844,1349653.358,1373933.154,1368267.134,1328405.521,1450441.81,1311495.223,1289067.964,1271350.092,1285286.627
"GMP",2733454.536,2726014.728,2938534.961,2389574.122,2783385.967,2841066.085,3006611.474,2839703.332,1685380.892,1756896.733,1437800.217,1688377.289,2048990.69,2296609.469,2053257.898,2221420.094,1210577.976,1559888.31,1704073.373,1488123.079,998463.8553,1011766.032,1204828.587,1020975.219,901517.9639,897866.578,1269166.231,1121855.086,992949.8259,1434813.89,1810675.672,1556110.076,1754541.481,1719060.616,1731950.401,1524853.305,1058399.381,1262340.91,1527563.739,1325459.357,1685320.177,1741812.898,1689163.215,1716546.312,2466986.009,2084911.324,1960329.972,2297271.257,1636351.193,1758456.904,1884213.78,1828384.588,1842880.79,1727858.623,1676726.945,1872956.017,1813849.706,1656457.352
"GTP",13156379.5,14556198.84,15027652.61,11586738.12,14960465.93,15796850.71,15512563.61,12538771.72,7633928.423,8274258.837,7855334.174,7143668.034,9209161.505,11489895.7,10367244.14,10417104.08,5732877.741,6477582.925,8515134.94,5915741.741,4394005.653,4820362.668,5422758.548,5863237.772,3851679.719,3821042.165,5456233.981,4367274.017,4644043.898,7847564.5,10501523.19,8396055.05,8007684.606,6759470.047,8132710.53,6041304.294,5127845.648,6008135.596,6250110.206,6312049.718,8813702.089,8276812.501,9211106.625,8681519.604,12065574.32,10799247.48,8659009.137,11204792.47,9106105.531,9303689.37,9390535.504,9507430.79,8765826.137,8451143.982,9782801.191,9085312.887,8951129.281,8553216.191
"guanosine",834511.3381,1047119.526,889413.8902,689467.7337,1341167.515,1265212.308,1030815.959,1244505.657,610985.8535,747652.6814,584734.2454,646426.4092,1174373.303,1053024.124,553287.0807,1084379.967,712242.9564,747763.9482,711491.8378,824957.7182,535052.7841,704184.541,778710.6437,590863.0481,441106.8547,260499.7753,641765.8777,670669.4549,411325.0503,946258.8413,841377.2963,903213.2436,747415.41,909749.3288,941094.45,741354.2473,210377.8389,571853.9216,355149.8686,247358.4657,1058551.316,856846.4701,1012261.006,902585.9139,1382882.236,1460934.173,928217.4434,1351752.941,809766.2781,1046306.226,781304.6826,1053099.099,889247.6351,894207.0306,774747.9926,558705.3465,812576.4772,932487.6576
"hexanoylcarnitine C6",7146857.263,7300240.975,6533447.549,5777880.017,6004849.36,5683614.668,5646316.837,5217946.574,3640304.946,2974081.827,3119872.136,3613680.631,3130205.698,3408085.605,3430979.613,3424313.153,7693352.772,7985943.749,8042479.888,7812633.56,3816499.46,4780728.183,4733832.521,4706079.627,3392222.423,3243637.308,4383842.933,3227283.456,3426468.665,3717801.397,3962544.523,4242713.076,5819006.592,6024988.813,6196041.448,6012656.416,5287889.832,4728020.546,4602132.989,4773152.224,3259316.994,3371365.128,3196510.386,3157495.437,2712335,3443514.057,3152799.379,2976196.486,6655764.656,5737853.066,6422599.891,6285249.04,5768773.166,6064827.288,5844475.729,5407808.437,6142230.86,6146619.109
"hexenoylcarnitine C6:1",2231021.681,2450108.686,1684277.108,1565751.857,2663335.332,2570202.808,2000206.212,2062053.692,1894706.199,2013819.395,1598412.427,1687315.764,1844879.718,1886699.642,1354264.845,2246058.515,2271699.469,2713035.277,1818238.82,2469227.076,1497524.87,1640887.723,1857752.026,1992214.964,1620201.525,1843858.05,2565779.226,1331669.671,1749377.893,1898884.422,1921420.539,1801473.709,1572361.005,1905621.333,1932946.9,1149891.645,1427617.591,1982772.917,1808693.088,1608316.772,1854139.691,1161688.704,1062140.083,1726862.155,1777232.037,2056628.584,1769144.534,1689939.212,2796178.196,3047984.186,3522892.434,3101660.062,3229707.046,2823620.08,2946380.716,3204006.34,3517767.322,2668182.229
"hexosamine phosphate",22027832.99,23039197.53,21706567.34,20153920.55,6088668.126,6007511.876,6068993.422,5521166.716,4680483.179,4445121.675,4160138.863,4047784.419,4999636.366,4720988.286,4477586.342,4960696.844,14922280.63,17007712.49,15332066.64,16587304.92,4441350.953,5269913.934,5406312.001,5107729.801,5021273.031,4512901.396,5188335.86,5112441.419,4132862.135,5966558.187,5966099.698,6221489.331,13341199.04,13558477.7,14485661.85,13034947.25,5107119.889,5420439.233,5440871.991,6204267.222,5596346.609,4753878.55,5287186.595,5599997.151,5389860.946,5345354.371,4344335.842,5466736.473,9246722.396,9403732.038,9343394.437,9496573.341,8966489,9019212.899,9439332.227,9217594.031,8928797.743,9347087.586
"histidine",1021935158,986273422.8,1023241335,908749139.1,466481803.1,467072695.2,453667620.4,427487215.8,483031602,444401737.3,384367230.8,416131797.6,468395136.3,401433491,376709108.2,401606742.9,760553284.5,832738938.9,811981607,811001891.5,355584075.1,422738702.6,413129803.2,393666051.6,401250274.9,418182383.4,422953268.8,387551088.9,568149869.2,545729087.3,457501496.4,475449411.9,817123791.8,813951244,915376901.5,743573650.4,427996816.7,392922428.6,440652521.1,414202129.5,479547116.4,388881739.1,411051769.5,495524545.2,387311308.9,391840891.7,403949659.8,383461138.3,551564774.3,550409442.2,545112720.9,542246551.1,538351065.9,537389193.4,534681872.8,552561906.8,543877124.1,541624249.1
"homoarginine",2440878.338,2156447.97,2186618.169,1751607.7,2176821.454,1995320.289,2209805.373,1909120.133,2164441.781,1917649.194,1433444.603,1692793.853,1951238.448,1444704.366,1309758.474,1409308.78,1392724.296,1858886.24,1613195.61,1815808.091,1868798.419,2272665.877,2034175.904,1774945.579,1776405.232,2158974.763,2124914.201,1748490.168,2680001.006,2494159.17,1622213.375,2133137.478,2181356.17,2117200.364,2322355.136,1805463.885,2371300.559,1797472.494,2251148.76,2253252.042,2404978.292,1887074.665,1923083.14,2604424.439,1450347.397,1409632.245,1609352.279,1404367.484,2238807.167,2114760.315,1950354.811,2048595.69,1870609.683,1866930.901,2108023.923,2074470.004,2123030.958,1972048.365
"hypotaurine",1423431.834,1332569.367,1405917.232,1326563.005,2359656.835,2314877.203,2177505.538,2224117.197,1245898.488,1261866.161,1298232.58,1451275.484,1430892.126,1401689.636,1267498.866,1300034.013,908467.033,894805.3309,968376.2831,978616.6583,1673487.632,1921027.66,1845595.195,1689967.361,1274974.677,1317955.028,1349230.897,1431925.592,1132415.686,1166585.494,1348784.614,1322387.665,751499.353,891379.4373,781664.6434,898325.5739,1964014.513,1730593.404,1856200.939,1957712,1548718.053,1417389.973,1431993.887,1529432.408,1250582.483,1377488.576,1495802.283,1332666.054,1441363.579,1425399.341,1322125.253,1412116.027,1199351.668,1375257.309,1477652.112,1524373.902,1377090.45,1544881.962
"hypoxanthine",5164217.669,2924094.948,2447918.233,1832163.852,4336605.823,9161672.279,10655160.95,4938460.978,11877537.5,5868407.302,3166286.992,2304526.043,2543096.252,3446680.012,2569853.886,3099857.828,1834783.82,3387021.841,2824227.917,1849550.391,2119040.677,12097697.15,4973331.722,2829868.176,2539913.797,2598312.422,2445025.835,1861517.331,2090564.471,2130484.332,1770859.762,2301836.73,9181310.494,8663900.344,11899882.79,7155617.86,1388912.729,1469517.56,2520837.717,1973474.847,2070646.008,2079064.727,1759326.42,1948584.549,5285593.324,2702270.737,1176803.014,1470447.272,5852406.125,5948200.748,5582539.824,5963686.584,6209961.887,5538294.44,5175955.777,5506486.403,5276469.743,5600345.43
"IMP",732846.9792,607828.2803,615958.2201,652581.3276,567417.6532,533984.2156,674118.6107,533523.8362,725405.3227,672762.064,761109.2078,613994.7934,577075.7499,779480.4725,524816.1316,645009.3406,522205.8569,451496.6499,395868.02,496166.622,783047.7118,808743.5612,719061.4597,701652.8603,936508.1427,917803.9184,949922.6756,887790.0682,340481.2245,569646.8088,509250.2993,506437.7107,341105.0851,397672.7806,482988.9094,458845.1932,699184.7831,762326.2926,672389.9565,594531.7268,788518.5719,799174.2088,822936.8939,703410.2852,236393.1332,420030.1098,240244.9123,287386.5722,735818.035,699447.3375,635798.6733,662143.9477,803203.602,787224.8216,555134.0055,719918.4314,739443.2658,710822.4732
"indole",1348575.572,1349944.277,1406719.954,1193265.72,620661.3307,525254.1542,538727.2225,522773.2182,705968.6374,603357.8307,443568.8869,444475.299,691246.9894,560078.8078,608605.459,495003.5645,1012413.527,944185.693,939550.2319,1037294.406,374510.5906,382034.3704,472086.348,458444.6796,528532.399,554574.1259,629920.2027,556590.0255,789001.1147,807866.8867,680166.8033,717042.035,1144988.265,1005006.727,1140208.104,1049832.002,408403.2107,576063.8416,561000.7523,457805.3842,598958.3596,519782.0491,585527.3989,697922.8997,551828.1979,667468.7059,631323.8095,632074.9124,805176.0168,762995.7064,731995.887,889192.5006,742780.261,799289.665,726511.6764,719912.6805,733564.0422,715180.0776
"indole-3-lactate",904183.1995,795999.9241,948763.5907,750310.8832,422838.3966,347151.7799,285953.8183,341543.9895,336712.0488,417728.4978,171562.6383,264193.2005,299197.9176,246227.2104,256576.1169,205826.7474,584701.4515,596396.2391,585104.6981,559044.4288,309806.2277,338915.1212,411106.7514,344276.173,280759.6029,220456.9392,250000.1233,180877.7404,541954.5753,520454.5804,259680.8004,415774.4166,610327.1939,619912.7955,705841.8254,419171.457,349834.6087,349885.1161,332240.0238,361291.1515,356406.7762,278617.8071,362081.7692,435292.9018,331265.1204,282064.8106,292478.5118,298645.352,423603.3447,394469.5787,461126.3804,401951.8376,439894.2892,433837.2893,383383.2391,390844.2234,406792.4471,432468.8145
"inosine",988890.2516,1009142.434,950757.13,896262.6968,1248677.02,1263790.659,1121382.962,1141268.784,463843.8827,550248.6097,497648.0553,640036.9407,939628.5065,1042390.944,604128.2656,981353.1356,652184.3237,782404.7879,674101.2365,776174.6876,941291.7636,946924.7278,1021895.401,1233530.662,704406.5717,636203.1938,654812.889,861914.9298,571013.9116,771652.7668,813735.4198,700957.2662,954718.874,777018.0232,2229681.448,835841.9399,881957.1019,1012149.171,859681.4956,1024656.12,689854.2005,530976.7814,602186.8108,855147.2614,694266.2054,605859.0214,503052.8279,645218.7113,927044.5051,890825.6374,812541.2954,922231.6044,947631.2745,904439.7124,850152.6146,854806.1065,940000.2578,885330.8541
"isoleucine",661728921.9,652869161.7,640416966.4,562300622.6,380612963.6,355692210.5,339759508.4,370968762.7,427244738.8,392129531.3,318524151.5,367446525.9,403493776.2,384716184.5,362557189.1,397945911.5,520123765.5,546752153.6,533485107.1,546344888.9,253920588.1,333088634.1,325051089.5,296895378.4,363786755.8,386539659.2,365828670.8,354446806.7,512820280.6,546676608,436162393.1,491746027,638548396.7,596016150.4,696146109.2,584222813.5,376122629.3,338116491.9,381434075.6,346095408.5,442573080.8,346720292.4,358813847.7,422263567.4,394008194.4,391486228.4,386674060.7,381679286.2,452836035.1,457013839.8,465114095.9,463195956.1,461811556.3,463805819.6,451090300.3,445257998.5,440238098.4,439524476.6
"isovalerylcarnitine",25128437.9,26242858.06,29161116.5,24989535.9,37655351.74,35058374.63,36263927.21,38404355.2,25017218.08,26729669.87,25995911.14,28356239.54,37269795.8,36172312.81,30829714.6,35471939.78,18128607.77,18350819.37,17181636.09,18474185.48,34006110,39568313.1,48787550.77,48923981.47,28295070.9,25646296.68,28713508.81,29343359.51,23660064.82,32898751.2,38217552.21,34233672.66,15558986.78,15919245.98,16971306.75,14381804.13,32732411.73,34361460.37,34779164.38,38861665.07,32007120.73,24370749.65,34333072.94,34933654.49,31823718.96,31507257.57,38072923.84,32119650.44,32755764.9,32795337.97,33224375.28,31823029.43,32447089.99,32304600.63,31322623.81,32759604.87,32327822.66,32137503.47
"KMV",5688568.425,4862983.239,4971436.773,3776833.388,4611008.417,4154688.875,4588468.273,4556239.776,4543731.009,4788946.937,3629199.977,3062375.976,4716972.716,4334955.307,3536657.071,4167374.705,2735227.929,3699020.419,3494956.327,3659836.83,3012977.888,3421050.087,3553731.782,3968106.978,3890797.791,5304810.598,4605822.207,3568856.311,5704108.468,5491914.455,4997084.508,6029948.971,6745359.208,6915197.838,8602634.206,6003052.201,4834257.625,4797346.69,4997498.943,4800248.1,5214421.556,4989062.378,4460068.427,4970582.189,4360417.765,4122304.743,3987600.891,3710851.797,5088907.897,4701795.745,5444626.984,5444782.518,5137291.957,4935119.507,4797206.721,5123840.902,4322621.424,4595032.606
"lactate",802804920.5,791825926.1,751958838.4,673566341.8,597147629.3,568624696.9,556967909,557368565.3,701845570.9,736875397.1,533920507.1,612282566.2,681097613.3,650551543.3,519743208,619370098.5,547109327.4,608082754.8,568706801.6,595211178.9,357728987.8,444367724.9,462195322.5,452362443.7,598641109.8,674867871.6,583557017.6,536924135.2,810224653.8,875064622.5,625914387.9,724448306.6,775117906.4,733533366.4,852438895.5,713198184.9,639764672.9,605007594,625380009.2,622855261.7,826970291.4,668384560.3,668293269.6,803857059.7,649492520.6,668511258.5,615949605,588991494.8,687523786.3,669501296.1,692383993.9,686849212.2,680801445.3,693946638.1,698291467.4,681590131.2,653990918.2,675076404
"leucine",802764627.1,763389527.5,802357782.7,714979563,411637164.2,388091412.1,397907274.1,393557752.7,466003864.4,401763107.5,358903994.4,394195501.6,461348090.3,414658480.9,400546661.8,425814197.8,613013051.5,662913506.3,676928145.9,670008020.2,268833533,350346669,341370482,315157396.5,383344833.2,390931659.7,374046520.1,368016227.4,587012612.6,626129663.5,508798722.6,523720243.1,745014915.2,695705755.8,805575385.7,688261328.3,365477846.1,353042974.5,394563486.9,359755772.2,454431725,382776592.8,396302982.1,453677419.7,450680367.7,456055052.7,440487968.4,419278255.8,527914453.8,529793008.9,510736371.1,518869559.8,544719891.3,510658142.8,530718027.9,502371403.1,502248882.4,501158078.7
"lysine",44275800.17,36250131.48,36949585.78,31777769.33,39018931.08,36924214.62,35390161.57,34461863.61,42888701.37,37804971.2,28228663.44,33805615.76,34935214.22,30432157.15,25932087.87,30722627.86,28070519.23,33338235.93,29340544.73,29462494.43,26780770.8,35281216.77,33840272.46,29402304.43,34469370.73,37390561.15,34452141.79,32074060.9,53621653.11,51564703.23,32876193.5,39673137.39,41815549.41,39576202.28,46369125.44,36115416.82,39298850.5,35842382.37,38911795.85,35117973.09,44016291.64,35459418.27,35219470.53,43062470.79,30642674.07,31149191.01,30424635.3,26924254.61,39853972.72,38084438.35,37939774.48,36828125.56,37723501.93,38064617.14,36033176.78,36331930.21,36856840.51,35974785.62
"malate",2676834699,2834783138,2383383002,2465345717,2013712980,1983955109,2059360409,2026894786,1928467583,2091138235,1928304260,2082159959,2007537204,2238819469,1980761938,2131559242,2327712539,2452166362,2317131556,2491864047,1907268041,2092982214,2158049663,2035134757,2067768847,2181581915,1982005531,2097347094,1593868095,1823285167,1651802422,1824463880,2445367517,2420871286,2441980112,2489643288,2253439092,2194796403,2110126149,2290418553,1994798863,1987920368,1976490659,2039731459,1979205820,2119533655,1890281342,1940412085,2254038262,2197764015,2218062412,2124862012,2171593785,2226924997,2168779232,2174276064,2062280516,2103361215
"malonate",9415022.077,8862904.926,7020030.563,6369228.346,7838309.938,7320363.867,5724561.803,6961414.065,6427861.918,5886300.869,5748515.973,8625529.737,7123688.103,6902770.926,5882928.713,6325356.795,6575374.942,7404023.539,7476563.333,7349993.108,7654807.634,6643133.754,4539162.916,8326160.724,7972426.285,5986584.373,11363109.82,5147444.642,7260777.758,6837770.786,7162137.961,6169938.457,7042376.218,10455013.83,9267592.012,7309659.398,4636529.645,5375347.226,0,5260709.575,5919554.637,6474016.063,5297507.259,6525496.394,5556568.979,6645280.53,6992269.288,5583004.598,11707510.57,12402461.84,11498278.93,11180162.01,12106849.95,11549406.55,11424082.84,11764169.24,11723074.76,11698459.85
"malonylcarnitine C3-DC",399060.9999,455650.88,106200.8984,462369.7929,3016336.632,3031285.762,2352820.424,2371770.123,1470722.728,1704559.515,1263068.742,1124311.971,1434812.24,1239184.997,1641145.189,1646028.296,90296.77503,230230.5805,135344.8999,217392.3772,1664103.735,1676635.475,2343952.379,2143107.886,1446279.224,1813071.774,1713037.774,1208315.605,1367896.018,1411339.073,1313268.942,1746492.053,145128.65,265315.8783,212848.6857,278148.9356,1910544.883,1882759.755,1697878.004,2077518.607,1621307.648,1371671.309,1571917.587,1200556.056,1394959.201,1274261.937,1234829.385,1220628.457,1110704.249,1637672.654,896378.8762,1306063.393,836112.6841,1365472.18,1449876.615,1070789.482,1165143.544,1494896.053
"mesaconate",20960602.83,18710805.34,16770709.88,23044578.07,33041034.34,34075644.03,33941069.71,32316628.69,28741266.71,31194681.14,27510446.22,30397978.36,31845246.9,32446092.62,28842483.64,31939493.31,18375640.23,19882620.35,17431911.36,20296456.45,32913178.62,35934186.82,34139527.45,35205432.22,30291351.21,30582934.31,30713411.2,36479084.76,32166667.06,34767821.99,33121202.72,35145683.37,20618249.6,21521826.31,21208316.62,20429591.97,32928016.39,33637818.72,32104188.69,33908435.54,32343654.53,31765576.15,32073172.9,32519863.77,36750064.5,37788273.88,37283747.05,37666587.63,33010245.73,30213965.93,29690712.46,28556066.76,29657333.26,30171750.92,30008806.83,29952406.17,30613982.84,30599655.26
"methionine",205565412.1,193642733,196731431.3,175144290.6,74328379.89,67011513.49,66494746.1,73236894.23,89014528.52,77157886.73,64999845.94,74097337.56,91190091.47,79891762.73,77338874.96,83420650.54,163653451.3,171073915.2,174138841.4,173779545,42255083.6,56347232.9,52768238.9,47096860.29,69589723.42,72706864.02,72514915.79,67466884.48,117397561.1,130147692.8,99406726.37,105516368.3,185077363.5,175295825.6,202517130.4,170346789,69398030.69,64201649.21,70860365.44,63876754.38,86305106.46,70649897.78,69337714.89,85299257.84,90605205.05,88884859.46,89501328.78,81220910.65,111316580.9,109491537.5,109129556.3,109618231.5,112032406,111359557.3,106821886.4,107730202.9,104013912.9,105412998.8
"methionine sulfoxide",796788.7064,770920.6434,908532.7309,819280.1829,393916.3818,518386.9356,527738.057,446517.418,703530.3608,513647.5639,435834.0319,280262.5616,395688.9794,363858.2561,308345.8047,216016.2703,705167.869,611193.4362,870439.2047,708065.64,339807.8853,725122.9099,481547.6269,289235.9051,420028.8551,436280.037,367623.7202,320609.9818,427685.7403,381933.6333,374000.4363,307347.7484,697738.7805,737696.3909,759663.7403,831356.5067,323704.1589,345882.0002,604673.4673,365988.8659,409806.1682,279926.1785,324352.1953,273173.1214,411779.9348,440052.8562,342772.8726,276367.4518,695565.461,671499.7219,534635.9082,669006.913,565058.1781,543734.6587,598009.3185,552682.7494,523796.9462,498882.1367
"methylhistidine",64831116.96,61502457.33,64512913.96,57732336.04,34513394.62,33742361.29,34678583.14,33371891.75,36809261.41,35358350.91,28980881.4,32016677.98,38765717.72,35243029.62,31365952.34,35182337.07,47791731.27,52205207.81,49862476.68,51896346.01,24884746.15,30307846.24,31194878.73,27912942.96,34115797.03,33679259.45,33288647.6,31811400.29,47343933.96,49228924.33,39797266.73,41886191.6,55665023.2,52636980.59,61442289.19,49086227.03,32560278.75,30170130.4,34005601.39,32210035.62,39444187.28,31850095.79,32737489.96,37543050.53,33597919.69,34270692.78,34261475.32,32361850.67,41187089.66,41641513.52,42484216.84,41166321.79,41125051.52,41333875.96,40536929.07,40431384.86,40107591.24,41206800.47
"methylindole",3660957.341,3606783.695,3982868.35,3309762.838,2020263.553,2029947.372,1943128.277,2053138.126,1923425.563,1811091.322,1532327.78,1680056.684,2258603.006,1850417.099,1750960.66,1892290.313,2569273.956,3372078.88,3156767.635,3032457.699,1347412.136,1722667.265,1714528.742,1738298.966,1820538.136,2069509.09,1760918.495,1909339.136,2407243.981,2753115.853,2246551.985,2088195.438,3266756.303,2997204.82,3631488.489,2957209.111,1943881.03,1772187.166,1699369.88,1848958.031,2332025.421,1721492.681,1812387.089,2313235.804,2186385.46,1973146.453,2125416.396,2050466.013,2727704.379,2353429.105,2367015.245,2334953.745,2354792.497,2247861.843,2253264.831,2411218.932,2513837.96,2359847.659
"methylmalonylcarnitine C3-DC-M/succinylcarnitine C4-DC",12846399.21,13554933.23,12075751.26,11852177.1,41391970.06,43232835.38,39515308.5,36760650.59,44581638.62,46159016.73,39568808.66,41581108.92,48046331.91,51320218.77,43798434.75,49653573.34,9746256.437,10370820.78,9601728.67,10279818.53,28528632.82,33808309.23,35283749.37,32213418.61,42253420.19,40949818.19,40288048.16,40709702.44,40412706,52358134.59,50130649.24,51404584.27,8950284.956,8969369.015,9415034.383,8767860.928,31356456.79,30899060.79,32873140.73,32398966.89,46079178.99,42187798.74,43543565.18,46294302.78,49610686.46,52554498.56,45043486.56,47940145.49,36034679.37,35967697.36,36622845.43,35557412.75,35879959.15,36046149.12,34601717.6,35776010.12,36118302.62,34723159.68
"mevalonic acid 5-pyrophosphate",516794.983,512245.7683,462894.5737,352549.4729,1006478.843,874144.9339,849092.85,682889.0025,498214.3703,388515.7896,280474.3361,361046.3021,528895.9876,361589.7256,291482.9042,331292.6472,238321.1234,195751.3554,198964.3935,146723.3441,360444.7403,378600.078,482943.3769,515941.257,284979.7815,220896.2002,249980.6253,160999.915,445196.9209,592640.2491,378914.1393,484719.6371,364596.7781,333507.6836,465593.0207,246542.831,302947.3659,274450.2391,229549.6375,399501.2455,348568.7574,219739.313,175448.0817,400495.6347,182162.8169,151903.0667,81346.29996,131688.5276,256654.6321,432507.1017,340335.7392,412334.4346,383045.4107,318720.3092,350263.0945,431771.0905,339753.8732,385203.6019
"myo-inositol",119098579.7,115661439.8,131270768.7,120689176.4,204463723.9,190962422,202295918.6,231107915.9,224294571.7,223885576.9,236745838,274720872.5,261706362.9,261738499.1,266548168.3,271684798.9,91687641.79,89677479.45,95990710.58,97134355.68,208782644.1,205589859.2,206151077.8,220122005.4,233212139.6,248419418.7,236661432.1,233090753.7,253824817.4,259584674.2,273662264.3,275944008.4,85308581.96,78376497.46,89255934.31,86235078.48,220339760.2,208566218.7,207231327.7,212551344.9,235485410.1,258146173.4,243202379.2,242245601.5,291778433.7,299055723.4,332611117.5,300574752.8,205022276.3,195924537.2,192001323.3,191120202.6,194491729.4,191319283.1,187045540.3,184583487.6,188999169.2,188989251.4
"N-acetylalanine",25706967.2,25225533.85,24353839.94,23212661.47,13981006.63,13601210.86,12528853.42,12796877.44,11420617.82,10895929.83,10314481.51,10823777.19,12106737.34,11928693.29,11176600.94,12107045.6,19909376.27,20824371.89,19398257.48,22019560.53,10677750.34,12521221.12,12743330.35,12710520.86,12313221.67,11859863.37,12101735.44,12062623.17,10363495.08,13759522.62,13078539.69,14332844.73,19190310.26,18784787.24,20993777.02,20058087.91,11666667.8,13298187.78,13355998.4,13842041.52,12542304.78,12817532.73,12649579.15,13121907.17,13209324.22,13542098.38,12641897.37,13230489.85,14513244.59,15100851.19,15029442.45,15087688.71,14982574.36,15227417.94,15001370.2,15411311.13,14251646.22,13308497.72
"N-acetylarginine",3989305.686,4398003.571,2908181.795,3814045.19,858574.6072,461158.8238,466215.5146,820545.8714,594532.5285,282505.9919,555317.8744,337406.1659,292603.0347,324865.1978,232580.4665,372808.7652,2501736.897,2940686.854,2809059.619,2812785.749,520630.6204,478425.0248,522865.8207,430630.2495,444406.3096,335684.5763,363786.2749,191078.7924,186269.6489,192888.925,405480.418,236266.8276,2879739.624,2765533.993,3140285.62,2270912.267,599033.0222,549493.3874,540251.1685,382752.3885,641952.0726,603945.5819,538315.0232,654951.1015,472173.4961,296497.4469,188942.5284,310387.4765,1273083.225,1305833.06,1232566.084,1291038.951,1071084.472,1245705.526,803093.2413,882261.2505,998271.6703,944062.198
"N-acetylaspartate",3653926131,3767144646,3638829083,3451419923,334244571.6,333725669.7,321136255.6,304006556.9,54850914.45,55202421.02,50536483.57,52984124.08,70508510.62,68786829.1,63791447.55,66275600.83,3178483268,3316672866,3151795872,3300238364,306739391.9,342245608.6,344030257.8,325485747.2,57552446.9,57569126.67,56274470.1,57122804.85,58651226.24,68978956.39,68666661.17,70700388.8,2997988663,3178392752,3319511252,3236619596,388086964.1,382735718.3,374452380,386791266.7,65216452.69,59711089.7,62509856.07,63965053.77,72419277.65,73907543.03,70282973.47,69651297.02,1543258835,1507360802,1504657603,1494275872,1481952753,1467500827,1476549115,1461054830,1453002560,1365001866
"N-acetylaspartylglutamate",90432276.68,93201372.66,88145142.44,83837252,1511303.188,1532946.268,1460981.175,1377044.61,294899.9591,201300.3204,313945.8854,191321.4313,355498.055,262284.5013,344118.954,326516.7361,79986388.82,85841998.3,77283934.6,85331990.79,1032164.453,1378890.083,1206512.584,1147365.509,260097.8498,215401.1231,181599.507,186824.0166,292874.5369,266753.6984,396275.1286,336726.528,81662054.28,82932718.25,85115164.45,77989116.85,1334072.277,1439552.003,1310544.11,1259098.214,207269.3796,199307.5832,268675.7169,173678.6061,344194.9138,335317.2109,355163.7551,302474.2069,24015312.76,23846038.7,22706905.79,22875554.49,23231023.54,23171688.26,22837052.73,22019419.19,22240132.81,21855397.94
"N-acetylglutamate",151683139.5,157876040.2,152739951.3,144818796.7,35751214.76,35723956.24,36408881.21,35044513.39,31781063.93,31268249.48,31536317.89,31005574.09,31924467.66,32109340.75,32117593.94,31499281.8,142196292.7,150119002.1,139048211,151182449.5,35192283.49,38223236.84,37584587.44,37403362.02,35231046.78,34996529.7,35594834.82,34963614.14,31551413.59,35989917.57,35411213.44,35681003.66,153968084.1,150904321,158205515.8,152817359.6,38395308.81,38840035.73,37649329.54,39979706.88,37558361.66,34968020.57,36727726.56,38878797.43,36860645.1,39972107.16,38429765.4,37118410.26,72427888.54,71003185.38,69871923.18,70297198.49,69800833.16,66593109.93,66692360.84,67005375.26,66870340.93,67394066.18
"N-acetylglutamine",17603631.55,18169603.84,15777020.23,14598922.27,2923454.433,2708359.731,2624264.372,3291099.315,2971047.861,2768325.762,3235976.359,2966809.422,3098983.675,2651567.239,2661546.346,3271256.115,15219132.9,14735763.67,15252285.27,17382412.19,2633769.978,2803400.915,3246671.412,3055426.741,3505530.995,3200564.714,3238767.298,3060711.646,2372928.712,2796805.485,3572718.176,3393217.237,14847189.89,13446639.12,16581550.87,15875998.79,3053943.726,2754559.536,2816423.28,3121617.517,2714036.132,2929597.321,3219043.291,3101039.876,2769649.603,3060522.814,3316521.472,3654346.218,7932695.34,7473147.855,6841022.95,7124512.431,7670766.938,6982431.68,6889687.077,6436324.874,6779645.605,6592357.19
"N-acetylhexosamine phosphate",2632972.66,2853728.072,2570245.687,2530794.728,4030786.464,4611557.794,4066493.147,3936468.808,3245530.058,3140186.813,2888831.744,3225507.647,2871864.611,2890491.13,2594636.887,3038491.44,1851937.914,2178873.249,2125993.341,2178219.14,2996356.759,3252522.274,3106672.301,3210227.427,2730395.196,2906383.909,2867488.237,2843372.355,2051475.468,2725866.938,2812268.225,2774121.642,1759055.913,1998261.332,2310390.717,1932369.155,3157831.514,3111944.198,3229189.935,3450616.919,3649835.504,3190925.498,3616672.489,3456671.733,2957068.708,2829729.072,2688916.176,3122996.167,3163460.222,3112859.396,3118496.032,3067296.638,3120433.398,3051086.202,3158160.68,3113435.475,3031858.385,3073079.669
"N-acetylhistidine",20118452.64,16017322.57,14064514.94,12693704.14,10290048.41,8629859.468,10363580.98,8914921.817,17861571.36,13265015.57,6563328.571,11012303.19,12428481.37,9404856.109,7671449.387,9925894.616,13618361.05,15948826.44,12599827.83,14383354.45,4401945.043,8113462.085,6174404.425,4846106.519,8689844.109,11004112.23,8757621.794,6921210.372,26872127.43,24207141.22,10358378.7,14860334.72,23785507.13,22326017.55,25248236.11,18920906.44,9750027.13,8270887.44,11028770.18,7581638.974,14694868.32,10004002.72,8899110.95,12692209.02,9050619.588,8349880.949,9081105.208,6643929.318,12780508.91,12736336.12,12992174.04,12636990.11,13596486.98,13090424.54,12990802.66,12745492.18,12355200.17,12558627.71
"N-acetylmethionine",65380635.98,65931451.3,64490138.71,62831153.86,19928873.26,18474040.12,19239275.25,18045982.58,16313435.33,17779031.87,16298749.05,17017004.27,16551002.23,16884111.87,16706396.34,16206292.77,56917101.4,60180017.49,58227480.3,63465766.06,15466609,18530929.85,19291365.01,18670201.56,18371561.32,18750050.14,18402245.14,18051102.97,15213309.14,19148234.26,18768339.66,18816920.27,65160999,64534334.98,71606145.47,65023639.94,21288801.2,21532957.71,23302391.78,21536004.24,21777239.1,21146358.26,22964224.13,24249278.75,23079007.39,23996944.1,23171474,24178581.71,32679692.55,30903266.75,32112012.88,30963056.76,31290654.89,31071472.68,31085405.54,30593658.49,30088425.3,30652946.09
"N-acetylneuramic acid",8169829.426,7469259.04,7696546.369,6954813.305,14464932.65,13888670.65,12958780.52,13467698.19,18176954.78,17428973.46,15988594.44,17037374.18,15058111.96,14884475.28,13021355.6,14354801.4,7364646.228,9002214.744,8162542.448,8057579.912,12573834.99,13658305.56,13220818.99,12813891.34,14503172.57,14208539.32,13991742.68,13432841.47,14475621.31,15938255.84,12533628.38,13423584.97,8984642.668,8713956.188,9056719.555,8232124.674,11368865.19,11188669.57,12105378.4,11189447.87,19278982.94,17417594.38,16491499.07,17691107.3,12629132.4,12950431.22,11262837.35,11824489.83,13375640.36,13196590.88,12593235.72,13142030.37,12738134.83,13200289.35,13312744.54,12924988.44,12710955.84,12521365.75
"N-acetylornithine",21841523.09,21824001.96,22201637.31,19378226.35,11913945.49,11194331.25,12248207.31,11162781.91,11795733.86,11892011.32,10200734.57,10701619.54,12377326.77,10873403.26,10840425.85,11569475.27,16037193.64,17901772.47,17070887.24,17771951.61,8604130.073,10413746.37,10099977.16,10305438.97,10712140.57,11489185.88,11015230.46,10588904.39,14480948.76,15843837.65,13007214.62,13269046.25,18282657.08,16813629.61,20235146.13,16908836.27,10245831.48,10157424.15,10840166.21,10521821.55,12724720.04,10861822.87,11171265.19,13609648.34,11177428.46,10919391.81,11338188.95,11171071.68,13895556.91,14238903.39,14248955.19,14325911.98,13987140.85,14406117.23,13540639.78,14089648.33,14069664.82,14143207.06
"N-acetylserine",754319409.2,777887474,781965154.3,710266207.8,333350089,323477593.8,322928225.1,322516110.2,269609149.2,269036710.1,260556700,261032145.2,271214476.3,264995961.4,250506387.2,260387393.1,577987265,606813622.3,617189562.1,632924625.1,270308594.6,302586571.1,326496312.7,307632762.9,286869918.1,286573687.7,286610437.5,297840658.5,233501714.8,290622812.3,295288124.7,299604922.8,576938165.7,545913174.6,619663849.9,558827815.3,311286530.2,318322583,319998625.1,332142249.5,317780375.8,290708615.3,309858269.5,324733294.3,274990411.5,289975586.7,271491725.9,277133007.5,395829219.7,393652366.9,392325199.9,399851080.6,397787203.6,400628503.5,394687385.4,387388004.6,389434546.4,381657754.3
"NAD",243371338.8,243710629.7,238616080.3,227693842.7,190972303,190010211.9,185953083.1,173732373.4,169419143.6,168554179.6,161119742.7,158178268.4,180120495,181824459.2,170499460.6,181522998.1,203302472.8,222125802.2,198211691.3,215812245.3,146869543.3,168377656,173084376.6,160481650,182387316.9,177587478.3,178086464.7,176070026.5,169569898.6,212109947.2,213074734.1,211116149.4,194540305.4,190712531.5,205725106.4,189801557.8,167839123.4,177164486,173019268.2,176226932.3,193435091.3,189519346.4,187121380.2,197008017.8,209940317.2,217723342,196512443.5,211779307.9,202752358.6,197581054.2,200931112.2,207365268.2,201158272.8,199578346.7,198080784.8,195349957.7,198281087.2,198041822.4
"NADH",2289346.288,4652827.69,5484375.366,1782644.418,634525.3951,771834.8529,662973.9464,769185.1674,1165693.656,1520237.874,1887954.49,659352.9414,775687.6824,1473378.903,1225411.701,683232.7012,790994.593,1520287.437,1487469.85,927150.4987,136820.4832,177186.3027,403460.342,205040.0363,715342.4438,1449104.143,1666280.15,499056.885,304856.327,313019.0096,609533.9406,663030.8407,994855.4858,1263946.065,1767621.605,1085294.174,85922.0646,130154.3485,272362.2542,147792.7659,1473164.508,1515618.189,1853487.336,789284.0912,417958.4989,774210.029,644436.1063,528359.0377,1174345.286,1195155.045,1311149.167,889360.9537,1071946.128,1138891.61,1093614.226,1059121.046,985929.9089,1162773.134
"NADP",1409988.58,1423493.309,1155126.175,2118416.544,2406656.113,2372719.753,1940386.184,1991469.817,966400.3227,743637.1583,935433.4312,1105338.903,1462699.489,1212291.401,1115069.025,1601115.052,1699740.058,1744716.689,1252999.07,1780275.426,1732087.632,1929940.691,1943633.235,1716064.115,866757.1727,551478.0814,749646.3322,999875.0612,1349082.842,2305436.083,2252049.266,2107278.668,1177996.192,1016059.694,1035577.752,1554998.583,1477832.679,1694500.789,1497139.661,1365769.881,948843.4742,893256.3669,710008.8221,1422314.461,2031530.468,2270530.266,1641278.468,2375979.6,1802292.922,1586203.781,1685804.271,1538339.093,1655578.301,1444091.186,1708389.6,1796518.733,1592080.078,1700759.81
"NADPH",2868440.364,3364473.801,2939716.514,2130895.511,2641988.513,3338311.389,3160235.121,2925353.552,2885466.138,2976700.705,2706854.47,2133410.129,2946430.302,3726335.608,3395062.195,2525083.795,746964.7719,944904.8733,1228688.941,854986.4391,741216.3765,945084.3038,1097831.186,1276711.085,1519391.55,1331855.115,1522755.146,983316.3099,1575739.038,1965548.36,2445266.558,2067383.866,1757996.959,1631706.389,2009035.912,1298334.729,1581522.41,1710975.001,1524417.571,1842645.752,3157740.385,3010137.406,3133062.061,2657963.161,3018995.347,2897866.855,2472344.838,2599912.504,2318837.278,2273438.885,2461355.607,2412796.611,2254725.952,2349035.196,2143426.396,2106149.03,2060280.828,1796828.066
"N-carbamoylaspartate",9236851.967,9840425.154,7443206.04,7976314.829,7144697.188,7057314.11,6453562.403,6738336.46,6308789.794,6719748.672,6247727.124,6010341.237,6016493.927,6199848.273,7317049.375,6268244.788,18842171.28,18546450.28,18490844.37,25939691.62,7705207.988,8342255.908,7788547.381,7854194.352,8214536.905,9515768.442,8502069.761,8602533.92,40242701.35,42274352.68,27152640.7,37386789.94,4252994.997,4402524.673,4931363.678,3975120.787,7648269.643,7845393.389,7178770.736,7660255.468,7612922.06,8400863.389,7745817.754,7081549.481,26652397.24,24530770.24,45163241.2,28897818.71,13547370.96,13799950.58,12962248.42,13473806.18,13665983.18,13332067.97,13243571.94,13821557.07,13187394.13,13098838.85
"ophthalmate",236959849.9,247377182.4,227865508.3,217359221.1,67366105.44,66441400.77,70298873.77,60929491.51,63251076.01,64805728.24,69374357.55,65052898.32,99580702.24,92253341.92,94790169.47,96211550.54,204234165.6,216790393.2,208146309.7,215397714.6,46084851.67,49713050.01,55428258.76,54450222.25,73449515.22,65393379.99,77929168.11,76240377.74,65310560.43,89245544.88,107402992,98525458.3,187029036.8,182915871.1,203668374.2,182980660.8,48287492.39,47571088.34,49932018.17,53974432.13,75385068.4,61228437.36,75715551.48,77950886.49,93056992.79,93025796.42,93648270.96,96377236.73,114161560.1,115821819,113663414.5,115219961.4,113578963.6,112401241.2,113523525.1,111470572,110963215.7,111783365.5
"ornithine",7359641.345,6986424.623,7458958.22,6404829.162,821216.8237,1640857.762,3657254.673,1352913.243,1290869.827,1462087.663,3422500.247,2167411.859,1275397.516,1279384.817,1596331.41,1600116.309,6444655.474,7001464.118,7947523.277,6358755.129,1034817.623,1666672.395,1411198.581,1209840.8,1522654.862,2181251.218,1589179.971,2799750.947,2208389.437,2596942.825,2058046.518,1835037.486,5791975.183,6571575.468,7736167.414,6516002.241,1788554.458,2001640.479,1980659.524,1502874.846,1715534.975,1648719.149,1854567.181,2805268.212,1415764.236,2904167.337,2024973.726,1659502.469,5415818.297,4790612.678,4691538.284,4685187.653,4238835.395,4418434.749,4148342.316,4047327.506,4110781.687,4234996.752
"orotate",56144019.21,58430277.83,37204308.52,40185241.28,25889196.36,45201369.14,27001278.41,21631030.93,30760359.47,35870202.68,26033243.17,27916147.39,26904385.25,29090676.42,44462516.24,32149697.64,206302301,210253659.5,203186137.4,269978425.1,34721259.58,37936329.38,34982616.32,34856507.07,39232768.65,48847921.19,39214324.04,37932576.34,387564921.9,382694461.3,256831885.2,344727537.7,49373903.99,50329370.18,58219116.02,42324272.83,31848065.82,33350918.42,32478662.79,32897988.22,47569977.52,50150900.71,40424988.66,38363042.52,322459092.2,331961949.5,427675235.1,332852619.8,116320136.1,119848877.1,116022718.8,118671363.8,117879182.3,117907566.1,118787938.8,116185914.4,114129585.1,115349629.8
"orotidine",423061653.3,449158415.6,427686250.5,417767564,1258879538,1255534716,1252783276,1272931534,1116341622,1229356766,1114235314,1107453445,983856752.2,998318695,880053468.6,930204974.8,219977753.3,220492510.7,212784258.6,241549796.1,1225842907,1306488302,1329898840,1265979836,1225152985,1232479792,1216828168,1239690158,699624781,773711644.9,753190069.4,783927587.8,146440145.9,155820527.6,157379327.9,148388838.3,1226324497,1278466190,1181851146,1246109339,1176239713,1103037619,1152212451,1195634202,640543022.9,680574159.4,640914071.2,624183307.2,942515179.6,945573347.3,970134498.3,934532880.6,928033327.1,931663590,935233142.2,931524869,922926461.6,920041863.3
"pantothenate",1077090400,1090336844,1039535336,981609862.5,1628396778,1637788712,1618341337,1573554965,1200134204,1164476263,1106544474,1143816093,1124677498,1125358269,1077027812,1087746731,1075596669,1164230884,1084779460,1151510110,1283791577,1402820377,1435115955,1352707820,1267844106,1285111084,1247363916,1293203724,1119202148,1376645580,1323577318,1344556323,1076857422,1061080896,1110830163,1106979710,1557434154,1567165592,1541638676,1620304782,1337482274,1336957598,1272519166,1328461956,1343191924,1390718988,1270861229,1336658096,1331247945,1331263517,1315792953,1301622203,1291774839,1323356735,1292508802,1306019710,1283268024,1248054483
"pentose phosphates",8665704.38,8503618.874,8325219.924,7372274.22,7953450.419,8579829.737,8468743.261,7142833.445,6818595.877,6346212.453,6320430.264,6009238.095,6596397.494,6331708.046,6289279.269,6244954.071,7699239.916,9026568.783,8636971.527,8089558.441,5281380.958,6223670.836,7108589.732,6869068.115,7143306.612,7017559.4,8201466.176,7310255.248,6085507.711,8232959.642,7037505.496,8135333.02,7906343.638,8487304.285,9486509.094,7836653.36,6689988.028,6667106.681,6891588.598,7909015.417,8220968.455,6780071.59,7324209.576,7502617.53,6437448.136,6574144.122,6422227.588,6622258.097,7980108.474,8599347.04,8300259.196,8297392.734,8386595.904,7770411.913,8316848.96,8114374.877,7973362.048,7901378.754
"phenylalanine",447551805.3,434235085,444261156.1,408801213.5,236539420.8,219910129.7,226902898.7,221522026.2,253783797.1,221916553.5,191013326.2,215274688.5,262029618.9,238088863.7,219390971.7,241365340.8,336399357.7,361621483.9,360413511.7,368877394.6,157365482.6,195938623.6,202093889.2,185589713.5,221941852.1,219613590.9,221623008.2,211027876.9,312530205.2,349997578,278335520.8,289502902.3,415003000.9,396559377.4,459356259.4,386779275.8,213216098.4,198584872.7,221229946,215833980.2,256831932,209512361.5,215480962.9,255752598.9,246176843.7,256101298.3,249002300.6,239132812.7,295538894.1,290087050.5,289091864.6,293338374.6,293293462.3,304154873.4,292679983,280069673.3,286763202.3,286730735.5
"phosphocreatine",553303483.5,563430863.1,552681595.6,504068519.4,1701475.151,2182530.407,1760255.187,1870591.337,4599796.576,4337896.761,3927234.429,4179641.029,658772.2469,990677.5556,579131.3758,581061.7138,522773493.6,528216482.4,533888982,525862789.7,1495959.955,1550724.935,2096039.382,1854126.907,2586162.164,2894213.707,2344876.804,2437801.179,602459.2199,966215.4449,822824.0069,835456.9135,441589655.6,429716150.8,460408821.1,454640600.3,1784686.766,2147895.006,1585299.284,1609454.43,2392120.498,2567324.049,2157184.362,2050379.118,556249.1114,569453.2269,496592.667,466499.2706,143114396,138329177.7,144201744.8,136742476.4,134421671.7,136273525.7,132742203.6,132177190.3,132876373.8,128816936.7
"phosphoenolpyruvate",9656722.303,11092105.68,11951329.01,8242795.539,10264290.55,10355679.14,10828615.42,12046584.22,17249546.21,16910652.06,18097151.94,10467552.54,12723487.59,14899469.51,13530843.06,13305602.87,7872838.445,8132568.42,9506543.846,8607441.318,7068432.673,6442637.86,7073864.391,6805819.264,11771650.99,15906811.86,16676314.77,10313362.98,8016931.849,9621287.944,11409599.71,12058421.53,6980621.103,8713767.7,8294273.371,6507416.001,8616063.279,8691967.345,8098917.954,7594108.569,11891515.23,14608796.16,14850058.29,9337821.341,11280845.03,12608677.05,12618630.08,9541962.024,11057052.95,10570085.61,10714692.76,10788566.79,10467996.76,10772405.87,10752749.97,10508704.65,10730562.32,10739016.55
"phosphoethanolamine",164909383,173329398.6,171319113.6,161333874.3,2108955.488,1846279.801,1742308.282,1935694.34,1587898.087,1215553.09,1248835.696,1125838.259,6702776.573,6742202.482,7078686.042,7367286.164,142944917.6,142097595,143944080.3,151887739.6,852068.1277,1079520.607,1139897.174,976831.8944,1457231.636,1902781.154,1778525.645,1630970.034,10570691.14,13407088.86,11887289.13,11867551.9,125994447.6,117294955.3,130418827.6,122366042.5,1155057.51,929426.9871,1080240.487,1051915.786,1807507.248,1644739.706,1960922.115,1380725.552,7496932.228,6313156.609,5921614.063,6889331.433,45409520.36,47406116.97,48023492.4,47257945.65,45678239.31,45563750.74,44620942.05,42881155.09,42631893.56,42077847.42
"phosphorylcholine",26383919481,28110970174,26313554755,24903920986,11384787993,11214309073,10705338163,10879664962,5593280239,5296597952,5103400309,5270303512,6481061166,6411103309,5857976102,6440981113,21566178856,22762047660,21482785978,22822779273,7532999004,8456622140,8711680758,8042390312,5765055798,5647707519,5812600724,5845066093,5942732961,7974064863,7922151683,7965449698,19586485159,19192458561,19796685839,19105900833,9003629472,9134841840,8979952256,9560466969,5827849738,5405296138,5576544466,5850025614,7252510160,7590998918,6752060320,7175003261,12343534975,12244942051,12152966618,12145917182,12209343943,12126241223,12051123456,12084234632,12041174113,11926820961
"proline",25659514852,26562375668,27139461184,25137909596,11337855635,10684391185,11650866440,10978341953,10063950698,10779824935,10507998692,11026282071,9670309513,10136189940,9949770264,10672932801,22776961970,23554865424,23864335341,24570595815,9272898587,10128819754,10921867653,10803972043,11388172726,11345741739,11523406286,11121702218,9927964231,12164204373,12052366304,11873264977,23194798153,22071657958,24954333256,22121335468,11193651528,11815129933,11863348405,11978933494,11908613776,11703595854,12332319772,12494936950,11453411949,12345335862,12137237175,11761781313,15872790841,15588787962,16176844031,15583881429,16333810207,15726578300,15363515827,15220263339,14967704596,14781297554
"propionylcarnitine",647057531.7,710538924.9,674813643.3,614856322.7,536679007.3,550975906.1,520767909.4,471683297.6,341593327.1,358615881.8,338392484.5,342667705.5,398486856.5,408522837.6,347219555.6,400280534.8,455696687.3,483788992.8,468992801.1,494598313,398759662.5,471048997.5,512803110.2,468743234.7,359826186.3,357853784.7,351877393.4,341880012.8,293271132.1,399668239.4,423960637.1,397768625.8,422396621.8,421008664.6,453605526.3,428310032.4,505244224.5,517651542,510258395,530846341.3,437092158.4,406780985.5,437561961.1,446837576.2,421338327.2,436903541.3,413818303.1,415017525.3,472660930,479770026.8,474586817.4,474440807,491432254.1,468622106.8,471431917.6,449009411.8,450924547.1,455002177.2
"pyroglutamic acid",416228406.2,389136344,347157166.1,313493574.9,341104925.7,365299819.7,370379934.5,322921932.1,382465814.5,335615108.4,320124516.4,320959939.4,338214329.8,298060936.3,267494684.4,288543902.4,301676058,357034858.3,343256367.9,347506303.5,260374815.9,321605485.1,309286121.1,261787155.8,295558374.4,325966004.1,278343001.6,311524712.4,376261056.7,361013794.8,292338330,328912846.3,431603424.9,447499936.6,490607646.7,442102349.6,318515909.6,311984187,329792936.4,304362280,368908586.4,300487039,310910439.8,367930172.2,287410343.7,301906777.4,267181410.5,260093267.7,341181791.6,352244978.5,339381725.3,346230766.7,348422836,343828811.8,350261826.7,343267683.8,345199324.2,344444514.4
"pyruvate",25477061.84,22715888.81,19941369.76,20182745.87,26088189.17,23512514.96,21768166.53,22506767.46,21231377.7,23253038.21,14496447.72,22852311.7,26224990.34,26029447.85,22082150.15,24587189.56,16789597.65,18491394.55,14058781.97,16802318.34,13741261.91,16159398.92,16136768.94,16057079.48,23324695.58,23163083.52,19816957.67,20396183.98,34746679.51,39691307.32,25048231.25,29681796.59,25848010.54,22831266.37,26469463.33,22616749.03,25693497.68,23929042.98,25489785.7,26620594.64,30536934.57,22492203.76,20867589.21,31161442.55,23758571.65,25725279.38,22043147.57,23704488.99,25244842.32,24197895.08,24822448.75,25289504.77,25286553.84,25626103.38,24486971.77,24385170.71,24913216.25,21293750.13
"S-(2-succinyl)cysteine",1014587.49,749593.3658,1072903.139,846046.7761,215556.7663,144496.6098,31294.60423,152601.784,113223.912,83960.53265,57548.03204,70540.99589,91412.06352,69598.90306,79646.70621,85969.47329,652284.5662,731090.1497,771505.9584,699950.2369,35933.75033,153475.3392,66607.04605,87276.22407,123320.5622,137840.9793,64769.59418,119757.5872,64454.79316,94598.78617,134951.2071,140540.9751,375185.7669,372051.2383,626202.952,511627.1821,41562.16916,61667.55187,116465.0045,27843.55091,109109.5546,83979.58579,80168.50536,177447.0494,0,68926.32858,53217.02877,0,360263.3687,311469.468,253107.9421,309690.3112,79469.96333,408965.1928,187251.2226,177342.5259,104803.8346,294769.8625
"S-adenosylhomocysteine",14765262.84,15143273.86,13995892.02,13730654.02,8376302.171,8307640.5,8696864.595,7018110,6105399.947,6503776.758,5555657.469,6105178.737,6680303.103,6466374.023,6100310.958,5808597.448,9772959.902,12424165.46,11012126.06,11783771.48,6842555.087,7745756.908,8034680.143,7256894.899,6357671.686,6805577.385,7251166.035,6903561.317,5276295.702,7285740.744,6958288.133,6652998.842,9426357.866,9806787.244,10825914.57,9273235.603,7197166.771,7078093.239,7452994.046,8037997.872,8031112.28,6878665.917,6807593.017,7947931.759,6566309.944,6697056.697,6184751.606,7163715.814,8849074.68,8167051.714,8440137.913,7847116.635,8761865.293,7893357.485,8227981.939,8148269.324,8353975.526,8051309.685
"S-adenosylmethionine",52037581.56,50773898.89,53207451.51,54014362.12,88748091.85,83891865.28,85254794.75,85161413.31,80784464.8,79591876.93,82093434.16,77869601.79,78802026.26,85934616.95,81424747.67,85240246.21,55445351.53,55955317.61,58223666.71,56149862.65,72495158.84,79297599.25,80351579.49,77436738.2,86552925.79,84363589.77,84265119.24,81714877.66,79731334.92,104275601.9,105889268.6,99908537.16,55892990.31,50092751.16,55438765.07,55752544.21,76088717.84,82189787.18,82265108.05,79325866.36,93111237.26,96986330.17,92334886,93741359.24,108420117,115422942.3,99857101.96,110787551,80869217.65,85079298.82,82342630.78,80421647.61,80657604.54,80533381.88,78696776.24,76263408.99,77311632.12,77283964.89
"SAICAR",0,0,0,0,140840.2078,203189.3794,255038.645,87366.95658,196282.2374,138510.2292,114091.7402,115427.8013,43239.07895,43865.3526,46841.19846,32469.27607,0,0,0,0,248695.982,274504.6382,184680.2553,212634.3035,173078.1237,171713.0455,226766.507,73608.90976,0,0,0,0,0,0,0,0,123670.3425,155036.5971,172905.493,71154.46448,68324.07104,130579.5088,65716.17588,88447.87262,0,0,0,0,59272.4954,39560.30005,85141.74758,75834.45963,81054.54376,82422.17579,54192.60133,61298.36604,85894.55109,62847.0318
"sedoheptulose 7-phosphate",769401.9762,714105.1837,735970.5836,564947.4637,314805.2052,330193.6225,333894.111,274736.9056,622655.3178,555610.8946,375226.0253,520853.2585,407291.9695,496393.0582,563616.5629,348293.6161,806657.8022,888673.0769,753941.3538,843161.8307,303772.5959,331882.9226,455837.786,312040.2215,635517.7718,678370.8059,504969.2275,713870.1182,470845.6684,589712.2062,599665.1607,591279.8776,881732.0122,844667.0563,1048116.531,877667.8574,304420.3843,344345.0391,293166.7434,345163.836,589820.9208,510211.4869,669073.6499,720118.4409,522107.8254,596559.1494,546180.0169,535862.29,765486.0441,527506.1296,635235.4734,686713.1772,496378.7188,622066.7674,613014.9,585740.9637,496117.4734,546857.1844
"serine",73175589.04,70884157.52,71748750.24,66415079.17,7632057.399,6784390.72,8143536.582,6372909.391,8877422.962,8226686.523,8094903.822,7767680.454,8587696.832,8855598.502,7701748.508,8227441.557,57006481,55206136.94,61053501.17,60784246,4874949.604,6468441.855,5591021.866,5155617.266,7543814.266,7693758.756,6412992.158,7935790.06,10621125.94,12586961.59,10452933.77,10719493.12,52474139.11,45396445.43,51968536.79,47633610.64,6233775.441,6733853.239,6897472.283,6565521.357,8297057.936,6286652.245,7051543.646,8052572.334,9313112.685,10083947.42,8637050.437,9430516.136,24080573.32,23418989.18,22237384.66,24664019.59,22806615.3,22039740.45,21655695.31,22149297.78,22142727.29,20078764.73
"S-lactoylglutathione",1578670.785,1784490.462,1665181.323,1473138.082,1124149.004,1350722.074,967011.4684,914856.4312,775220.1661,878439.0562,824133.4465,671932.2183,959591.4941,989795.9411,518115.0403,1070951.507,1074317.332,1080900.307,1093201.414,1177096.094,1029415.516,1298292.897,1494427.711,1340948.24,1140571.473,868298.5425,1096179.792,1072579.802,617489.2427,808258.3327,915344.2343,837087.2481,573344.2959,684090.3975,832544.0859,706046.1684,616938.5737,736935.5339,730124.811,603280.8854,847961.066,809522.6231,792532.243,769768.6619,413588.8519,463231.5748,714295.9128,566107.4914,903447.5873,960244.0449,1103965.443,1003685.247,826434.5954,1164168.952,969729.7536,907979.2723,902067.3198,1032659.265
"stearoylcarnitine C18",816273.3062,1531293.686,1538816.902,5748512.374,1857815.804,1411838.851,1551761.803,2025122.835,1194491.467,866703.7792,1209084.702,980443.9046,1391780.541,1972245.419,1315264.72,1858102.114,1000878.035,1152708.321,156795.9502,252816.9984,3879353.488,1227288.254,845129.4116,3486588.449,851221.3761,532210.8856,642249.6414,2077332.138,812684.1935,1373555.622,1731261.31,1347809.933,340627.2173,652885.0426,374695.4133,669951.6839,1614378.353,1550389.058,1596412.401,1445905.373,709001.0036,1309774.777,1482600.449,1159894.745,1757522.159,2160096.382,1306641.851,2609641.989,3149341.203,3117789.184,3235456.377,3063303.805,3432642.244,3414274.517,2929748.26,2850284.021,3351942.177,3200492.668
"succinate",57141406.66,54627685.04,48511076.12,50768537.22,34364838.11,29944519.98,30632982.52,27924323.37,32531511.09,27060443.87,20821141.12,32379257.27,28080874.85,34099798.85,22926424.52,30033908.23,46728964.63,53528864.95,45886335.43,52203499.27,24827398.39,31269599.11,28568503.28,39381519.62,25851101.94,21362312.36,37112682.14,20002553.62,30409198.59,33196222.78,31466708.79,30279409.4,67033261.03,73529585.87,64324451.87,64641922.4,31448237.15,35402969.53,32922547.51,34291779.23,30604007.68,31969474.54,28346555.61,33444679.4,30924512.89,39807027.65,33041811.29,30383881.31,58290194.43,60271972.87,61519250.21,62309395.13,63454620.64,65624645.93,58652854.46,55190722.62,56595733.44,56052290.65
"succinylglutathione",5217975.788,5616646.658,5345113.019,4939640.034,1350963.34,1454320.474,1338083.822,1324276.425,1097157.239,1083087.789,1102552.594,1028442.875,959147.6279,1005529.631,972041.2767,902590.9736,3847332.969,4266590.503,4285986.347,4206613.899,841900.7692,1091802.533,993024.8423,1112122.324,1013209.301,999988.6496,1010209.885,908244.5181,703070.6627,949232.454,982412.5152,958534.3554,3389858.816,3427796.554,3635276.695,3187479.559,709645.9118,696089.0333,688328.0735,686910.7334,868403.8272,781586.0494,794360.3074,815990.3909,640731.9282,531597.4828,629669.4297,736748.2286,2037318.666,1889635.677,1981481.279,1879357.01,1815943.89,1869680.716,1819363.253,1821518.508,1855036.386,1863576.124
"taurine",2859763151,2794232212,2837086938,2638525555,5633042416,5464744688,5433516711,5444413115,3730729258,3629971898,3499392682,3685830975,3636195578,3481548066,3344279572,3482661240,1904520798,1963734804,1974456144,2024002547,4054644558,4423499048,4683199068,4495498581,3474360845,3361831430,3537012917,3422739840,3216215820,3616478716,3644007277,3574277835,1897114856,1831573673,2030050179,1786658086,4387555130,4282877977,4360673597,4500935527,3833588381,3378331082,3619566844,3805654020,3253284957,3283956931,3326906034,3189470694,3669379193,3643055092,3648030674,3664589900,3635390027,3615980844,3600454117,3564863841,3547237311,3584738000
"tetradecanoylcarnitine C14",3518540.544,3720423.014,3360192.104,2931071.234,856037.9008,1175451.183,1350992.864,934984.1516,326755.7018,373829.8613,349706.0674,167776.233,224228.8146,177384.7411,259920.6731,95383.71887,1932774.782,2162940.279,1955114.359,2443320.463,947407.4187,1034880.83,855148.8413,1272974.953,205818.8495,377847.2735,471469.8585,590335.9668,315846.664,114474.1031,344148.4424,520610.0322,1556059.266,1587527.112,1976615.359,1859977.603,1148802.759,928486.8725,742053.7954,614988.0421,146361.7909,370333.6715,373998.185,620811.8148,429544.2449,478238.1203,341180.5398,408493.4127,930665.1893,677398.1824,1139434.836,1214518.428,731624.5941,1798040.841,1066284.551,892719.7961,705832.2383,1007957.868
"tetradecenoylcarnitine C14:1",1611844.291,1021224.561,897666.2333,847122.2241,1126818.308,1300468.754,1346819.55,1786093.011,502439.8989,846800.1092,528810.0696,474769.5195,642551.1275,386783.9291,196444.3591,283233.7036,1270430.036,1691111.096,1907195.611,1731525.313,984845.6618,822985.1231,971385.3613,1488512.5,373261.8823,290332.8333,832225.0715,402524.0489,753485.784,1176368.108,2194569.745,1224797.78,1596465.962,1226750.634,2830894.4,802160.1122,1551250.735,1271166.213,1147081.377,1591857.109,1119538.281,342382.4231,257724.8409,636147.2637,211185.8425,678667.7322,742966.7828,392170.3794,842945.5885,1163363.793,1778356.341,1328289.197,911795.6626,1305213.813,1355692.441,1583937.626,1477289.218,1309276.66
"thiamine",119217887.6,118029539.7,116994072.4,108292167.7,60161487.54,53560939.79,54834059.24,62928969.31,60403774.41,60694572.34,46704214.23,57751160.71,57836619.77,57211342.24,50507127.88,55866903.42,91655758.28,97684648.44,91706086.53,101411063.6,55122272.36,65582470.92,66769633.43,56472514.95,54046281.83,64015908.69,53194701.76,53178025.35,78735804.02,78387604.44,54008559.85,62969509.46,104647952.3,100872899.5,110345615.9,102266123.4,76930098.47,72808917.57,73530769.53,71197805.88,63300771.55,58195348.62,54196976.11,63891552.48,62915629.88,70877117.29,63425938.4,60030836.78,84559606.56,79082701.01,79191745.94,76218540.06,74046629.28,73485724.38,74135458.19,72099390.42,71493279.48,68637893.5
"threonine",971977740.3,967127945.4,1067364829,920736353.7,165467859,152441051.7,159903519.2,160899805.1,175302872.6,158619971.2,137505098.9,147901975.1,175990961.3,174547154.4,156105057.5,163585670.9,710519731.7,718606334.8,765277968.9,760629598.1,123146602.6,141482409.9,150738159.3,140835714,158309287.1,155341898.4,160409705.2,151947896.4,201509028.5,217518226.8,186523775.3,192325723.8,647244274,589082913.2,729978084.5,611087192.2,143939953.5,136673141.4,155056304.3,148354456.2,175146899.5,144628706.2,155826455.6,176514917.9,167620562.4,168535551,161289981.1,157606047.3,341547970.5,342854230.2,354561497,341130890.7,338787299.9,341056207.7,335365962.9,329712545.3,328452718.3,322332594.3
"trans-4-hydroxyproline",171605485.3,200400176.2,205314275.1,194038773,27542738.29,24363327.32,26495048.76,25427931.33,28790458.09,27634195.94,23888585.79,20223726.37,30672654.3,25603012.18,29358260.95,28284980.97,147647507,147801810.2,155781232.8,135020460.7,21531820.65,22670502.31,23420516.87,22397350.72,23791337.65,24381056.27,27523939.1,24914144.18,34652405.82,30742978.41,27485364.18,27046489.04,134458552.8,119560655.8,128431715.9,120197242,26931097.53,23641655.43,23726927.79,20047650.86,22963617.62,22395193.15,24161247.79,26438443.31,24065874.61,22264842.24,22943178.52,20886664.26,57354463.77,59974164.06,55062353.14,51705868.66,51406851.87,60578763.82,61553194.4,59962143.58,59090182.31,53374865.63
"trimethyllysine",8676779.056,8223956.039,9193485.243,7268268.053,8028322.474,7946100.376,7737408.858,8083137.643,5554974.073,5869827.011,4377108.871,4693184.852,5357126.969,4544151.667,4143542.141,4530456.143,5755312.136,5826977.58,6217308.464,5968456.291,5025946.712,6368315.358,6150450.978,5251027.877,4982899.809,4672532.355,4667146.002,4516395.907,5964346.438,6310404.668,4439777.421,5497522.698,7058338.208,6551742.588,8892803.756,6251615.203,6892695.266,6664644.35,6704226.128,6356578.225,6276584.683,4964431.845,5462670.074,6273691.729,4676596.656,3969908.907,4050038.137,3880188.709,6629192.576,6527109.891,6414679.93,5965707.134,6212657.591,6837190.441,6250414.653,5875758.292,5876312.017,6009968.198
"tryptophan",469287063.2,456398462.8,488410603.2,418645886.2,251300339.1,236676905.9,232890404.6,239225025.9,252155739.7,236167400.6,203506807.8,227466591,266804062.3,240098196.6,229487922.3,243611878,346406790.9,369040642.7,376257259.8,378186898.3,177904255.2,212422056.6,222867593.9,205460323.8,233679284,235499681.8,237105278.4,222450174.3,291728670.3,334401049.5,277662504.2,287076956.8,399727550.7,376829446.8,435107912.5,371459935.3,224525505.2,214569506.9,232173493.9,224120216.3,267401091.8,220589532.3,230280279.1,268579131.9,246011261.3,250509899.4,256531117,237859037.7,301206723.2,293357441.4,294150110.5,290973906.1,296308919.7,296935318.6,288158473.4,286779896.5,284396235.8,286495820.4
"tyrosine",200626113.5,183258073.9,193195537.3,177332137.7,93577063.18,92626498.55,92129618.95,97356029.26,115161583,112651712.7,95472008.17,103029928.1,125683156.1,112025795.1,107409822.5,110822249.1,139284559.1,148111019.4,148477458.9,148432196.9,88082040.77,104192592.3,105371322.1,94738909.41,110751901.4,112955274.2,113297958.1,112106783.5,141094559.5,130487133.6,97180701.91,110797325.7,160944141.7,157878373.6,173648735.8,150886499.5,111222460.1,105055190.2,113668761.1,108729232.6,113503124.7,89486961.14,98779771.6,118788441.1,97304669.66,97492723.59,96835535.3,87475267.77,129607618.5,129031425.1,126628029.4,127179708,126108112.5,123622123.7,124170134.9,123045472.5,121243567.8,123653565
"UDP",50938902.6,54201648.66,52639433.73,48442482.33,47824111.2,50102585.96,46082846.38,40715316.2,33986497.57,33217734.57,31449088.63,31580475.33,38088278.43,39316950.94,35044621.23,37961200.79,25769246.48,26883966.8,28178693.93,29084388.31,26391534.17,31654797.75,31310587.8,31079064.04,24824746.6,23974626.12,27838692.71,24152799.91,23410589.77,29689209.31,35234340.3,32319139.22,26284859.43,26535394.83,27486169.51,25766608.89,31226244.06,32128126,31284239.79,31867680.03,36402062.7,32710479.76,33928281.53,36220077.86,28739682.9,27949346.64,26627058.75,28005206.54,34206382.89,34343981.73,33823402.57,33119855.65,33749575.91,34362645.45,34368128.24,34535328.38,34941988.62,35012167.94
"UDP-GlcNac",233470006.3,243660693.5,245135328.1,222978928.7,155866400.7,160986767,153426420.9,140525799.4,109922108,108286927.8,105121730.7,103120340.3,147220064.8,138460511.3,117856465.2,137963831.4,153640192.3,170128972.7,160380694.4,168413433,93074549.83,108646837.4,114509201.7,106277350.3,103586931.2,103685101.4,109989146.2,109723846.9,90488041.81,129225005.3,143728345.2,134488203.9,155372657.2,157748891.3,163420135.8,159185113.7,116963113.5,119960844.8,118307598.3,127092820.1,126508726.6,112594028.6,124143316.7,126073092.8,120535073.1,125536894.8,119416083.1,124140877.8,147784292.5,150086272.9,144877919.8,148419870.5,142167128.8,145377080.4,144963737.4,143858253.4,145049868.5,144996867.4
"UDP-hexose",129355691.7,141873682.1,132485036.3,123862474.9,98536859.94,100712298.3,94028108.83,91468600.87,76476346.63,77458286.47,71179593.37,72535179.08,83553233.64,87808638.87,76207420.28,83750573.66,83866245.85,91116641.69,86804757.58,93668497.59,73648834.61,83516202.6,86113770.15,80174648.44,77859349.87,78461422.36,77678705.18,77762088.79,64475483.05,81793493.26,85497109.03,84519585.09,79802289.98,81697108.49,82590022.48,79719055.4,87808112.03,87607001.98,85623011.97,86293094.04,85784084.08,80314788.16,82473544.91,86491403.58,70638246.86,67483668.24,68726207.46,68864039.5,94620071.08,91973497.62,89908831.12,88450513.05,88658554.02,89209091.97,89241241.52,86890666.87,89712109.5,86838365.96
"UMP",5648080.467,5649030.956,5567243.299,5223253.85,5871055.655,6105529.356,6054728.897,5904740.859,4809623.659,5393381.802,4892379.691,4959000.339,6014656.404,5843422.844,5081619.216,5912889.522,3047842.448,3149007.081,3104771.215,3353186.774,4693784.748,5537905.145,5076839.036,4897062.733,4312483.202,4385454.041,5076216.549,4823922.996,4204432.493,4309479.963,4923723.677,5000845.225,3037969.881,2959435.544,3329475.139,3138482.126,5278740.7,5177036.204,5941972.568,5191689.16,5153058.996,4587917.616,5209666.023,5358863.928,4316012.266,3859659.902,4013490.031,4115789.37,4276718.561,4675200.522,4704369.497,4559756.801,4918389.153,4702797.732,4964070.199,5169751.305,5187655.626,5280301.691
"uric acid",347471070.5,317919954.9,297047955.7,290787816.3,301195735.5,293615701,274499358,295527514.7,343153840,319708343.1,253992679.8,289878536.2,309240245.3,277230950.3,247121254.3,270777705.2,264171928.9,287118870.1,249293952.3,275646493.2,238035799.9,268387838.2,269107666.8,252713362.2,277653802,289201006,276848623.3,268765738.7,397569057.5,370103565.5,264398743.5,300740518.3,356762739,353774124.2,374528922.4,331504060,332619469.4,323708585.5,337387147.5,322359110.9,354263839.6,312305963.5,303695514.3,353667294.2,296169881,297665403.5,287917966.9,276118655.6,311724569.8,310576082.6,309521040.5,309082027.7,308529283.4,307934253.3,309157147.8,305355738.5,307463798.1,306278074.5
"uridine",1454827.727,1097501.209,1091269.456,816339.5096,1634977.943,1864570.644,1555519.187,1554633.919,1468449.328,771925.0802,793328.6416,841928.0824,1078948.47,896735.4405,827270.985,1137423.657,636767.5545,760479.6257,779952.3464,878236.9852,815514.6329,1673343.063,1113720.472,873649.101,405303.6072,614264.5848,536715.7296,671853.9682,1094255.314,1080466.282,894662.2229,1006503.379,1036719.223,926798.445,1742455.458,978444.8618,729309.7145,650734.1681,781403.3097,563747.5027,840250.3031,643422.5099,657464.2085,613190.492,827233.7533,669670.8696,738784.832,670743.9125,947356.6178,823780.5243,895158.3034,941816.5416,819176.7515,969211.6986,929865.9464,766911.4028,998392.7711,891400.8364
"UTP",139582545.9,154290083.6,151435330.2,127327430.9,143423977.1,150758751.2,139254756.4,119479972.8,86055021.69,82379051.05,79630457.33,76511784.53,95600273.91,104348729.5,87263371.9,96354124.7,49247503.83,55519590.3,63827783.65,58508906.7,57390343.18,68744986.79,70032293.61,74568907.33,51963026.78,50839152.01,57555825.58,48157503.58,47909812.87,73715032.8,98715745.65,84744673.24,62132768.13,56138423.3,64404367.92,55886517.33,69557242.18,76769023.77,73469549.1,76152384.19,95668523.33,85813983.76,91869709.21,92943663.02,74722090.45,69067983.59,66470081.31,73019305.09,88731388.5,91370629.96,89586611.4,87316334.03,83977109.49,86145926.99,90453846.84,86134854.2,86862245.81,85299209.18
"valine",443439859.5,427709838.7,432665765.6,374400211.3,284894391.8,256531436,264625204.7,284991482.6,318713560.4,290665821.2,245124027.1,274279501.2,310994363.2,288832566.9,267446329.2,296062696.4,340504415.7,364885789.2,356837365,357533165.3,190502113.3,254605593.7,252620428.2,226741161.4,276465410.6,279977646.2,263884872.3,249079076.1,383807316.5,415149397,316712442.9,348456022.2,430130501.5,385546139.3,456327640.1,381473212.9,262618631.3,258947540.5,287987644.7,264164547,311687286,263551681.6,269303594.9,305774693,290559668.5,294853504.9,283854812.6,266040227.1,335679744.2,327938965.4,327083158.5,329510020,333174079.6,335175071,329231317.6,320847473.9,307921382.3,312646984.2
"Val-Lys",56230508,59726923.31,58456878,54639335.75,34047621.75,33175383.29,31963700.13,31717991.34,21248493.84,21717809.64,20242250.19,21379684.83,23516146.33,22052807.31,21182498.86,23173182.33,42143227.28,45736084.87,43550977.44,47195137.73,21954100.74,24876100.8,25831654.62,23728095.45,20144543.76,19973738.41,19374344.2,20061004.56,19281048.27,23108958.14,22679583.78,24081745.39,44558996.57,41877454.42,49339953.03,43601929.77,23181747.9,22557630.95,23229169.81,24324326.04,24465689.84,22049355.42,24478866.52,25315138.27,24754346.91,25626585.99,23068379.66,23087242.03,33138139.37,32605984.55,32122724.93,32070356.84,31806624.79,32251853.57,29754897.12,30907880.6,29507259.54,30939924.4
"xanthine",18810953.79,16714823.66,15252739.81,14159051.24,12054401.79,13273671.99,14514452.11,10877969.89,17251394.59,14421765.41,10821862.64,12648807.36,14727266.03,12235024.63,9772593.224,11655333.83,12882398.75,14993020.15,13145286.44,14044467.88,5864884.196,8564808.953,7041617.57,6335835.522,10091771.46,11503294.36,10726465.68,10237213.1,22553088.6,20683038.16,13397192.3,15866392.79,20543707.23,20897475.61,26079832.46,18686300.4,11512392.25,10416230.45,12305315.48,10747622.95,15671480.4,11099721.66,11243842.62,15312441.72,12127302.29,11696181.33,11371403.42,10213076.53,14868673.18,15061788.41,14945344.46,15088091.29,14867826.34,15036953.37,15365511.7,14674300.67,15097863.94,14982140.45
