TF	value
ARID5A	-0.77024041802718
ATF3	-0.73165708355353
ESRRG	1
GLI2	-0.614998196936472
NPAS2	0.303368504100505
NR5A2	-0.433130284766959
SOX17	-0.153397568175938
STAT4	-0.318796162727135
TFCP2L1	-0.428291282761303
