TF	value
ARID5A(MA0602.1)	-0.77024041802718
ATF3(MA0605.1)	-0.73165708355353
ESRRG(MA0643.1)	1
GLI2(MA0734.3)	-0.614998196936472
NPAS2(MA0626.1)	0.303368504100505
NR5A2(MA0505.2)	-0.433130284766959
SOX17(MA0078.2)	-0.153397568175938
STAT4(MA0518.1)	-0.318796162727135
TFCP2L1(MA0145.2)	-0.428291282761303
