@CO	shape:(24,)
@CO	dtype:float64
VALUE_0
-0.010046349831337502
0.0017268876294844783
0.0032944827509415776
0.001542989248701894
0.0004697123010678519
0.0026456750388255167
-0.004382131318026667
0.005650730473510434
-0.0006379573840759047
-0.0008974750249508179
0.0011172776504100265
0.0030097614853836054
0.0031324672324428847
0.0034744985601948865
-0.0003548501675918062
-0.00853740353323462
0.0002812469866481982
0.0034037910571383494
-0.0012367893983017595
0.008106763089736669
0.0015369166290011354
0.002759913270361038
-0.015867848838876417
0.0024950463353731046
