@CO	shape:(24,)
@CO	dtype:float64
VALUE_0
-12.125733979894855
-13.592949092541742
-12.304121219577915
-11.246417567838368
-12.354110720287984
-12.435828903696523
-13.608094584538089
-12.7372049316274
-12.92913777043643
-12.83088254529747
-13.396453985093979
-13.044374918406497
-11.240787023859339
-12.358037334967273
-12.567607743496792
-10.042086990781968
-9.304301114617797
-11.513227517876867
-7.88635660158011
-10.948409512168325
-11.773575059039638
-8.602589125504633
-9.949810396094517
-2.478886963556395
