@CO	shape:(24,)
@CO	dtype:float64
VALUE_0
0.0006703160147772387
0.0004529736203284391
0.0006181553152668573
0.0008044592349329191
0.0005888739054141467
0.0006541206776540899
0.0004044354707753325
0.0006352779360136142
0.000544618451623865
0.0005194773627187137
0.00045442414635817947
0.0005029821530525752
0.000766713716382015
0.0005357714532413944
0.0004960487145811707
0.0012685608834903887
0.001835363792656918
0.0006914949576600619
0.002908034942381051
0.0009187420165752777
0.0006135041849379041
0.002387611737297297
0.0012656221281437344
0.010477418996589058
