@CO	shape:(24,)
@CO	dtype:float64
VALUE_0
0.5383768481891745
0.7274809466095717
0.5425974119265066
0.3836712907940273
0.56243365537559
0.4871338150578382
0.7701567176877449
0.6062159855785666
0.6682081659656947
0.6017033519858993
0.7346219023277032
0.7090157423070168
0.3886929594805484
0.5296271694962739
0.5495659545962239
0.31975813207726794
0.2917740429587214
0.4390133445383744
0.23571489458879558
0.35816284645492813
0.47033206592871635
0.278413676142741
0.34960189465494196
0.06643603772022805
